{
"RECORDS":[
{
"ID":1001,
"fodder":"QiGai",
"name":"乞丐",
"type":0,
"sid":3000,
"ai":"processBaseAi",
"gender":"0",
"hp":2000,
"atk":270,
"def":70,
"ats":270,
"adf":70,
"spd":7,
"common_distance":110,
"skill_distance":"190",
"hue":0
},
{
"ID":1002,
"fodder":"JiuGui",
"name":"酒鬼",
"type":0,
"sid":3007,
"ai":"processBaseAi",
"gender":"0",
"hp":2000,
"atk":270,
"def":70,
"ats":270,
"adf":70,
"spd":7,
"common_distance":270,
"skill_distance":"290",
"hue":0
},
{
"ID":1004,
"fodder":"QiangDao",
"name":"强盗",
"type":0,
"sid":3004,
"ai":"processBaseAi",
"gender":"0",
"hp":3500,
"atk":270,
"def":85,
"ats":270,
"adf":85,
"spd":7,
"common_distance":150,
"skill_distance":"320",
"hue":0
},
{
"ID":1005,
"fodder":"HaMaGuai",
"name":"蛤蟆怪",
"type":0,
"sid":3008,
"ai":"processBaseAi",
"gender":"2",
"hp":4000,
"atk":270,
"def":85,
"ats":270,
"adf":85,
"spd":7,
"common_distance":240,
"skill_distance":"280",
"hue":0
},
{
"ID":1007,
"fodder":"DouLiJianKe",
"name":"斗笠剑客",
"type":0,
"sid":3006,
"ai":"processBaseAi",
"gender":"0",
"hp":5000,
"atk":290,
"def":85,
"ats":290,
"adf":85,
"spd":7,
"common_distance":110,
"skill_distance":"310",
"hue":0
},
{
"ID":1008,
"fodder":"HeiYiCiKe",
"name":"黑衣刺客",
"type":0,
"sid":3005,
"ai":"processBaseAi",
"gender":"0",
"hp":5000,
"atk":290,
"def":85,
"ats":290,
"adf":85,
"spd":7,
"common_distance":350,
"skill_distance":"250",
"hue":0
},
{
"ID":1101,
"fodder":"DouLiJianKe",
"name":"斗笠剑客",
"type":0,
"sid":3006,
"ai":"processBaseAi",
"gender":"0",
"hp":8000,
"atk":370,
"def":105,
"ats":370,
"adf":105,
"spd":7,
"common_distance":120,
"skill_distance":"270",
"hue":0
},
{
"ID":1102,
"fodder":"XiaoDaoGu",
"name":"小道姑",
"type":0,
"sid":3013,
"ai":"processBaseAi",
"gender":"1",
"hp":8000,
"atk":370,
"def":105,
"ats":370,
"adf":105,
"spd":7,
"common_distance":340,
"skill_distance":"300",
"hue":0
},
{
"ID":1104,
"fodder":"XiaoShuJing",
"name":"小树精",
"type":0,
"sid":3015,
"ai":"processBaseGroundAi",
"gender":"2",
"hp":9000,
"atk":390,
"def":105,
"ats":390,
"adf":105,
"spd":0,
"common_distance":440,
"skill_distance":"300",
"hue":0
},
{
"ID":1105,
"fodder":"XiaoDaoShi",
"name":"小道士",
"type":0,
"sid":3012,
"ai":"processBaseAi",
"gender":"0",
"hp":9000,
"atk":390,
"def":105,
"ats":390,
"adf":105,
"spd":7,
"common_distance":150,
"skill_distance":"210",
"hue":0
},
{
"ID":1107,
"fodder":"XiaoWuYa",
"name":"小乌鸦",
"type":0,
"sid":3014,
"ai":"processBaseAirAi",
"gender":"2",
"hp":10000,
"atk":420,
"def":105,
"ats":420,
"adf":105,
"spd":7,
"common_distance":170,
"skill_distance":"180",
"hue":0
},
{
"ID":1108,
"fodder":"HeiYiCiKe",
"name":"黑衣刺客",
"type":0,
"sid":3005,
"ai":"processBaseAi",
"gender":"0",
"hp":10000,
"atk":420,
"def":105,
"ats":420,
"adf":105,
"spd":7,
"common_distance":350,
"skill_distance":"250",
"hue":0
},
{
"ID":1121,
"fodder":"QiGai",
"name":"乞丐",
"type":0,
"sid":3000,
"ai":"processBaseAi",
"gender":"0",
"hp":8000,
"atk":390,
"def":105,
"ats":390,
"adf":105,
"spd":7,
"common_distance":110,
"skill_distance":"190",
"hue":0
},
{
"ID":1122,
"fodder":"JiuGui",
"name":"酒鬼",
"type":0,
"sid":3007,
"ai":"processBaseAi",
"gender":"0",
"hp":8000,
"atk":390,
"def":105,
"ats":390,
"adf":105,
"spd":7,
"common_distance":270,
"skill_distance":"290",
"hue":0
},
{
"ID":2001,
"fodder":"QiGai",
"name":"乞丐老大",
"type":1,
"sid":3000,
"ai":"processBaseBossAi",
"gender":"0",
"hp":3000,
"atk":300,
"def":125,
"ats":300,
"adf":125,
"spd":8,
"common_distance":110,
"skill_distance":"190",
"hue":0
},
{
"ID":2002,
"fodder":"JiuGui",
"name":"酒鬼老大",
"type":1,
"sid":3007,
"ai":"processBaseBossAi",
"gender":"0",
"hp":5000,
"atk":300,
"def":125,
"ats":300,
"adf":125,
"spd":8,
"common_distance":270,
"skill_distance":"290",
"hue":0
},
{
"ID":2003,
"fodder":"ShiFangXiuCai",
"name":"十方秀才",
"type":1,
"sid":3001,
"ai":"processBaseBossAi",
"gender":"0",
"hp":6000,
"atk":310,
"def":125,
"ats":310,
"adf":125,
"spd":8,
"common_distance":150,
"skill_distance":"200",
"hue":0
},
{
"ID":2004,
"fodder":"QiangDao",
"name":"强盗老大",
"type":1,
"sid":3004,
"ai":"processBaseBossAi",
"gender":"0",
"hp":6500,
"atk":310,
"def":125,
"ats":310,
"adf":125,
"spd":8,
"common_distance":150,
"skill_distance":"360",
"hue":0
},
{
"ID":2005,
"fodder":"HaMaGuai",
"name":"蛤蟆王",
"type":1,
"sid":3008,
"ai":"processBaseBossAi",
"gender":"2",
"hp":7000,
"atk":320,
"def":125,
"ats":320,
"adf":125,
"spd":8,
"common_distance":240,
"skill_distance":"280",
"hue":0
},
{
"ID":2006,
"fodder":"BiChiFuRen",
"name":"碧池夫人",
"type":1,
"sid":3003,
"ai":"processBaseBossAi",
"gender":"1",
"hp":7500,
"atk":320,
"def":125,
"ats":320,
"adf":125,
"spd":8,
"common_distance":200,
"skill_distance":"250|260",
"hue":0
},
{
"ID":2007,
"fodder":"DouLiJianKe",
"name":"斗笠剑狂",
"type":1,
"sid":3006,
"ai":"processBaseBossAi",
"gender":"0",
"hp":8000,
"atk":330,
"def":125,
"ats":330,
"adf":125,
"spd":8,
"common_distance":120,
"skill_distance":"310",
"hue":0
},
{
"ID":2008,
"fodder":"HeiYiCiKe",
"name":"黑衣队长",
"type":1,
"sid":3005,
"ai":"processBaseBossAi",
"gender":"0",
"hp":8000,
"atk":330,
"def":125,
"ats":330,
"adf":125,
"spd":8,
"common_distance":350,
"skill_distance":"250",
"hue":0
},
{
"ID":2009,
"fodder":"BuTongLaoRen",
"name":"不通老人",
"type":1,
"sid":3002,
"ai":"processBaseBossAi",
"gender":"0",
"hp":9000,
"atk":350,
"def":125,
"ats":350,
"adf":125,
"spd":8,
"common_distance":170,
"skill_distance":"240",
"hue":0
},
{
"ID":2101,
"fodder":"DouLiJianKe",
"name":"斗笠剑狂",
"type":1,
"sid":3006,
"ai":"processBaseBossAi",
"gender":"0",
"hp":12000,
"atk":410,
"def":145,
"ats":410,
"adf":145,
"spd":8,
"common_distance":120,
"skill_distance":"270",
"hue":0
},
{
"ID":2102,
"fodder":"XiaoDaoGu",
"name":"道姑",
"type":1,
"sid":3013,
"ai":"processBaseBossAi",
"gender":"1",
"hp":12000,
"atk":410,
"def":150,
"ats":410,
"adf":150,
"spd":8,
"common_distance":340,
"skill_distance":"300",
"hue":0
},
{
"ID":2103,
"fodder":"HongLianSanRen",
"name":"红莲散人",
"type":1,
"sid":3011,
"ai":"processBaseBossAi",
"gender":"1",
"hp":13000,
"atk":420,
"def":160,
"ats":420,
"adf":160,
"spd":8,
"common_distance":420,
"skill_distance":"1500",
"hue":0
},
{
"ID":2104,
"fodder":"XiaoShuJing",
"name":"大树精",
"type":1,
"sid":3015,
"ai":"processBaseGroundAi",
"gender":"2",
"hp":13000,
"atk":420,
"def":160,
"ats":420,
"adf":160,
"spd":0,
"common_distance":440,
"skill_distance":"350",
"hue":0
},
{
"ID":2105,
"fodder":"XiaoDaoShi",
"name":"道士",
"type":1,
"sid":3012,
"ai":"processBaseBossAi",
"gender":"0",
"hp":14000,
"atk":440,
"def":160,
"ats":440,
"adf":160,
"spd":8,
"common_distance":150,
"skill_distance":"210",
"hue":0
},
{
"ID":2106,
"fodder":"FengLiuDaoRen",
"name":"风流道人",
"type":1,
"sid":3010,
"ai":"processBaseBossFengLiuDaoRenAi",
"gender":"0",
"hp":14000,
"atk":440,
"def":160,
"ats":440,
"adf":160,
"spd":8,
"common_distance":180,
"skill_distance":"300",
"hue":0
},
{
"ID":2107,
"fodder":"XiaoWuYa",
"name":"乌鸦王",
"type":1,
"sid":3014,
"ai":"processBaseBossAirAi",
"gender":"2",
"hp":15000,
"atk":460,
"def":160,
"ats":460,
"adf":160,
"spd":8,
"common_distance":170,
"skill_distance":"180",
"hue":0
},
{
"ID":2108,
"fodder":"HeiYiCiKe",
"name":"黑衣队长",
"type":1,
"sid":3005,
"ai":"processBaseBossAi",
"gender":"0",
"hp":15000,
"atk":480,
"def":160,
"ats":480,
"adf":160,
"spd":8,
"common_distance":350,
"skill_distance":"250",
"hue":0
},
{
"ID":2109,
"fodder":"YinYangZhenRen",
"name":"阴阳真人",
"type":1,
"sid":3009,
"ai":"processBaseBossYinYangZhenRenAi",
"gender":"0",
"hp":16000,
"atk":480,
"def":160,
"ats":480,
"adf":160,
"spd":8,
"common_distance":160,
"skill_distance":"320|1500",
"hue":0
},
{
"ID":3001,
"fodder":"QiGai",
"name":"精英乞丐",
"type":2,
"sid":3000,
"ai":"processBaseEliteAi",
"gender":"0",
"hp":3000,
"atk":190,
"def":125,
"ats":190,
"adf":125,
"spd":8,
"common_distance":110,
"skill_distance":"190",
"hue":140
},
{
"ID":3002,
"fodder":"JiuGui",
"name":"精英酒鬼",
"type":2,
"sid":3007,
"ai":"processBaseEliteAi",
"gender":"0",
"hp":3000,
"atk":190,
"def":125,
"ats":190,
"adf":125,
"spd":8,
"common_distance":270,
"skill_distance":"290",
"hue":-180
},
{
"ID":3004,
"fodder":"QiangDao",
"name":"精英强盗",
"type":2,
"sid":3004,
"ai":"processBaseEliteAi",
"gender":"0",
"hp":4000,
"atk":280,
"def":125,
"ats":280,
"adf":125,
"spd":8,
"common_distance":150,
"skill_distance":"360",
"hue":180
},
{
"ID":3005,
"fodder":"HaMaGuai",
"name":"精英蛤蟆",
"type":2,
"sid":3008,
"ai":"processBaseEliteAi",
"gender":"2",
"hp":4000,
"atk":280,
"def":125,
"ats":280,
"adf":125,
"spd":8,
"common_distance":240,
"skill_distance":"280",
"hue":-130
},
{
"ID":3007,
"fodder":"DouLiJianKe",
"name":"精英斗笠",
"type":2,
"sid":3006,
"ai":"processBaseEliteAi",
"gender":"0",
"hp":5000,
"atk":280,
"def":125,
"ats":280,
"adf":125,
"spd":8,
"common_distance":110,
"skill_distance":"310",
"hue":-180
},
{
"ID":3008,
"fodder":"HeiYiCiKe",
"name":"精英黑衣",
"type":2,
"sid":3005,
"ai":"processBaseEliteAi",
"gender":"0",
"hp":5000,
"atk":280,
"def":125,
"ats":280,
"adf":125,
"spd":8,
"common_distance":350,
"skill_distance":"250",
"hue":-100
},
{
"ID":3101,
"fodder":"DouLiJianKe",
"name":"精英斗笠",
"type":2,
"sid":3006,
"ai":"processBaseEliteAi",
"gender":"0",
"hp":8000,
"atk":390,
"def":145,
"ats":390,
"adf":145,
"spd":8,
"common_distance":120,
"skill_distance":"270",
"hue":-180
},
{
"ID":3102,
"fodder":"XiaoDaoGu",
"name":"道姑",
"type":2,
"sid":3013,
"ai":"processBaseEliteAi",
"gender":"1",
"hp":8000,
"atk":390,
"def":145,
"ats":390,
"adf":145,
"spd":8,
"common_distance":340,
"skill_distance":"300",
"hue":-180
},
{
"ID":3104,
"fodder":"XiaoShuJing",
"name":"精英树精",
"type":2,
"sid":3015,
"ai":"processBaseGroundAi",
"gender":"2",
"hp":9000,
"atk":420,
"def":145,
"ats":420,
"adf":145,
"spd":0,
"common_distance":440,
"skill_distance":"350",
"hue":70
},
{
"ID":3105,
"fodder":"XiaoDaoShi",
"name":"精英道士",
"type":2,
"sid":3012,
"ai":"processBaseEliteAi",
"gender":"0",
"hp":9000,
"atk":420,
"def":145,
"ats":420,
"adf":145,
"spd":8,
"common_distance":150,
"skill_distance":"210",
"hue":-130
},
{
"ID":3107,
"fodder":"XiaoWuYa",
"name":"精英乌鸦",
"type":2,
"sid":3014,
"ai":"processBaseBossAirAi",
"gender":"2",
"hp":10000,
"atk":460,
"def":145,
"ats":460,
"adf":145,
"spd":8,
"common_distance":170,
"skill_distance":"180",
"hue":60
},
{
"ID":3108,
"fodder":"HeiYiCiKe",
"name":"精英黑衣",
"type":2,
"sid":3005,
"ai":"processBaseEliteAi",
"gender":"0",
"hp":10000,
"atk":460,
"def":145,
"ats":460,
"adf":145,
"spd":8,
"common_distance":350,
"skill_distance":"250",
"hue":-100
},
{
"ID":4003,
"fodder":"ShiFangXiuCai",
"name":"十方秀才",
"type":3,
"sid":3001,
"ai":"processBaseEliteShiFangXiuCaiAi",
"gender":"0",
"hp":7000,
"atk":250,
"def":130,
"ats":250,
"adf":130,
"spd":9,
"common_distance":150,
"skill_distance":"200",
"hue":0
},
{
"ID":4006,
"fodder":"BiChiFuRen",
"name":"碧池夫人",
"type":3,
"sid":3003,
"ai":"processBaseEliteBiChiFuRenAi",
"gender":"1",
"hp":8000,
"atk":300,
"def":140,
"ats":300,
"adf":140,
"spd":9,
"common_distance":200,
"skill_distance":"250|260",
"hue":0
},
{
"ID":4009,
"fodder":"BuTongLaoRen",
"name":"不通老人",
"type":3,
"sid":3002,
"ai":"processBaseEliteBuTongLaoRenAi",
"gender":"0",
"hp":10000,
"atk":350,
"def":150,
"ats":350,
"adf":150,
"spd":9,
"common_distance":170,
"skill_distance":"240",
"hue":0
},
{
"ID":4103,
"fodder":"HongLianSanRen",
"name":"红莲散人",
"type":3,
"sid":3011,
"ai":"processBaseEliteHongLianSanRenAi",
"gender":"1",
"hp":13000,
"atk":410,
"def":180,
"ats":410,
"adf":180,
"spd":9,
"common_distance":420,
"skill_distance":"1500",
"hue":0
},
{
"ID":4106,
"fodder":"FengLiuDaoRen",
"name":"风流道人",
"type":3,
"sid":3010,
"ai":"processBaseEliteFengLiuDaoRenAi",
"gender":"0",
"hp":14000,
"atk":450,
"def":190,
"ats":450,
"adf":190,
"spd":9,
"common_distance":180,
"skill_distance":"300",
"hue":0
},
{
"ID":4109,
"fodder":"YinYangZhenRen",
"name":"阴阳真人",
"type":3,
"sid":3009,
"ai":"processBaseEliteYinYangZhenRenAi",
"gender":"0",
"hp":16000,
"atk":500,
"def":200,
"ats":500,
"adf":200,
"spd":9,
"common_distance":160,
"skill_distance":"320|1500",
"hue":0
},
{
"ID":1011,
"fodder":"SuoMingGuHun",
"name":"索命孤魂",
"type":0,
"sid":3016,
"ai":"processBaseAi",
"gender":"0",
"hp":10000,
"atk":420,
"def":105,
"ats":420,
"adf":105,
"spd":9,
"common_distance":170,
"skill_distance":"400",
"hue":0
},
{
"ID":2010,
"fodder":"HeiYiCiKe",
"name":"黑衣队长",
"type":1,
"sid":3005,
"ai":"processBaseBossAi",
"gender":"0",
"hp":18000,
"atk":460,
"def":160,
"ats":460,
"adf":160,
"spd":8,
"common_distance":350,
"skill_distance":"250",
"hue":0
},
{
"ID":2011,
"fodder":"SuoMingGuHun",
"name":"狂暴孤魂",
"type":1,
"sid":3016,
"ai":"processBaseBossAi",
"gender":"0",
"hp":20000,
"atk":480,
"def":160,
"ats":480,
"adf":160,
"spd":9,
"common_distance":170,
"skill_distance":"400",
"hue":60
},
{
"ID":2012,
"fodder":"JianMoWangHun",
"name":"剑魔亡魂",
"type":1,
"sid":3017,
"ai":"processBaseBossJianMoWangHunAi",
"gender":"0",
"hp":23000,
"atk":480,
"def":160,
"ats":480,
"adf":160,
"spd":9,
"common_distance":160,
"skill_distance":"380|1500",
"hue":0
},
{
"ID":3011,
"fodder":"SuoMingGuHun",
"name":"精英孤魂",
"type":2,
"sid":3016,
"ai":"processBaseEliteAi",
"gender":"0",
"hp":14000,
"atk":460,
"def":145,
"ats":460,
"adf":145,
"spd":9,
"common_distance":170,
"skill_distance":"400",
"hue":60
},
{
"ID":4012,
"fodder":"JianMoWangHun",
"name":"剑魔亡魂",
"type":3,
"sid":3017,
"ai":"processBaseEliteJianMoWangHunAi",
"gender":"0",
"hp":24000,
"atk":480,
"def":190,
"ats":480,
"adf":190,
"spd":10,
"common_distance":160,
"skill_distance":"380|1500",
"hue":0
},
{
"ID":1020,
"fodder":"JiangShi",
"name":"僵尸",
"type":0,
"sid":3018,
"ai":"processBaseJiangShiAi",
"gender":"2",
"hp":5000,
"atk":280,
"def":125,
"ats":280,
"adf":125,
"spd":8,
"common_distance":160,
"skill_distance":"360",
"hue":0
},
{
"ID":2020,
"fodder":"JiangShi",
"name":"僵尸王",
"type":2,
"sid":3018,
"ai":"processBaseEliteJiangShiAi",
"gender":"2",
"hp":10000,
"atk":320,
"def":250,
"ats":320,
"adf":250,
"spd":10,
"common_distance":160,
"skill_distance":"360",
"hue":180
},
{
"ID":1111,
"fodder":"XiaoHuoMo",
"name":"小火魔",
"type":0,
"sid":3019,
"ai":"processBaseAi",
"gender":"0",
"hp":14000,
"atk":420,
"def":125,
"ats":420,
"adf":125,
"spd":9,
"common_distance":350,
"skill_distance":"400",
"hue":0
},
{
"ID":2110,
"fodder":"HeiYiCiKe",
"name":"黑衣队长",
"type":1,
"sid":3005,
"ai":"processBaseBossAi",
"gender":"0",
"hp":18000,
"atk":460,
"def":160,
"ats":460,
"adf":160,
"spd":8,
"common_distance":350,
"skill_distance":"250",
"hue":0
},
{
"ID":2111,
"fodder":"XiaoHuoMo",
"name":"火魔",
"type":1,
"sid":3019,
"ai":"processBaseBossAi",
"gender":"0",
"hp":20000,
"atk":480,
"def":160,
"ats":480,
"adf":160,
"spd":9,
"common_distance":350,
"skill_distance":"400",
"hue":60
},
{
"ID":2112,
"fodder":"MingHuoFenShen",
"name":"冥火焚身",
"type":1,
"sid":3020,
"ai":"processBaseBossMingHuoFenShenAi",
"gender":"0",
"hp":23000,
"atk":480,
"def":160,
"ats":480,
"adf":160,
"spd":9,
"common_distance":320,
"skill_distance":"500|1500|500",
"hue":0
},
{
"ID":3111,
"fodder":"XiaoHuoMo",
"name":"精英火魔",
"type":2,
"sid":3019,
"ai":"processBaseEliteAi",
"gender":"0",
"hp":18000,
"atk":460,
"def":145,
"ats":460,
"adf":145,
"spd":9,
"common_distance":350,
"skill_distance":"230",
"hue":60
},
{
"ID":4112,
"fodder":"MingHuoFenShen",
"name":"冥火焚身",
"type":3,
"sid":3020,
"ai":"processBaseEliteMingHuoFenShenAi",
"gender":"0",
"hp":24000,
"atk":480,
"def":190,
"ats":480,
"adf":190,
"spd":10,
"common_distance":320,
"skill_distance":"500|1500|500",
"hue":0
},
{
"ID":1201,
"fodder":"QiangDao",
"name":"强盗",
"type":0,
"sid":3004,
"ai":"processBaseAi",
"gender":"0",
"hp":18000,
"atk":460,
"def":160,
"ats":460,
"adf":160,
"spd":9,
"common_distance":160,
"skill_distance":"340",
"hue":0
},
{
"ID":1202,
"fodder":"KuLouYeGui",
"name":"骷髅野鬼",
"type":0,
"sid":3021,
"ai":"processBaseAi",
"gender":"0",
"hp":18000,
"atk":460,
"def":160,
"ats":460,
"adf":160,
"spd":9,
"common_distance":160,
"skill_distance":"340",
"hue":0
},
{
"ID":2201,
"fodder":"QiangDao",
"name":"强盗老大",
"type":1,
"sid":3004,
"ai":"processBaseBossAi",
"gender":"0",
"hp":22000,
"atk":500,
"def":190,
"ats":500,
"adf":190,
"spd":9,
"common_distance":160,
"skill_distance":"340",
"hue":0
},
{
"ID":2202,
"fodder":"KuLouYeGui",
"name":"骷髅恶鬼",
"type":1,
"sid":3021,
"ai":"processBaseBossAi",
"gender":"0",
"hp":25000,
"atk":520,
"def":190,
"ats":520,
"adf":190,
"spd":9,
"common_distance":160,
"skill_distance":"340",
"hue":-80
},
{
"ID":2203,
"fodder":"SeZhongEGui",
"name":"色中饿鬼",
"type":1,
"sid":3022,
"ai":"processBaseBossSeZhongEGuiAi",
"gender":"0",
"hp":28000,
"atk":540,
"def":190,
"ats":540,
"adf":190,
"spd":9,
"common_distance":320,
"skill_distance":"500|1500|500",
"hue":0
},
{
"ID":3201,
"fodder":"QiangDao",
"name":"精英强盗",
"type":2,
"sid":3004,
"ai":"processBaseEliteAi",
"gender":"0",
"hp":22000,
"atk":500,
"def":175,
"ats":500,
"adf":175,
"spd":9,
"common_distance":160,
"skill_distance":"340",
"hue":180
},
{
"ID":3202,
"fodder":"KuLouYeGui",
"name":"精英野鬼",
"type":2,
"sid":3021,
"ai":"processBaseEliteAi",
"gender":"0",
"hp":22000,
"atk":500,
"def":175,
"ats":500,
"adf":175,
"spd":9,
"common_distance":160,
"skill_distance":"340",
"hue":-80
},
{
"ID":4203,
"fodder":"SeZhongEGui",
"name":"色中饿鬼",
"type":3,
"sid":3022,
"ai":"processBaseEliteSeZhongEGuiAi",
"gender":"0",
"hp":30000,
"atk":580,
"def":210,
"ats":580,
"adf":210,
"spd":11,
"common_distance":320,
"skill_distance":"500|1500|500",
"hue":0
},
{
"ID":1221,
"fodder":"JiuGui",
"name":"酒鬼",
"type":0,
"sid":3007,
"ai":"processBaseAi",
"gender":"0",
"hp":18000,
"atk":500,
"def":160,
"ats":500,
"adf":160,
"spd":9,
"common_distance":270,
"skill_distance":"290",
"hue":0
},
{
"ID":1222,
"fodder":"XiaoWuYa",
"name":"小乌鸦",
"type":0,
"sid":3014,
"ai":"processBaseAirAi",
"gender":"2",
"hp":18000,
"atk":500,
"def":160,
"ats":500,
"adf":160,
"spd":9,
"common_distance":170,
"skill_distance":"180",
"hue":0
},
{
"ID":1204,
"fodder":"HaMaGuai",
"name":"蛤蟆怪",
"type":0,
"sid":3008,
"ai":"processBaseAi",
"gender":"2",
"hp":24000,
"atk":500,
"def":200,
"ats":500,
"adf":200,
"spd":9,
"common_distance":240,
"skill_distance":"280",
"hue":0
},
{
"ID":1205,
"fodder":"EMoQuan",
"name":"恶魔犬",
"type":0,
"sid":3023,
"ai":"processBaseAi",
"gender":"2",
"hp":24000,
"atk":500,
"def":200,
"ats":500,
"adf":200,
"spd":9,
"common_distance":300,
"skill_distance":"340",
"hue":0
},
{
"ID":2204,
"fodder":"HaMaGuai",
"name":"蛤蟆王",
"type":1,
"sid":3008,
"ai":"processBaseBossAi",
"gender":"2",
"hp":28000,
"atk":540,
"def":230,
"ats":540,
"adf":230,
"spd":9,
"common_distance":240,
"skill_distance":"280",
"hue":0
},
{
"ID":2205,
"fodder":"EMoQuan",
"name":"魔犬王",
"type":1,
"sid":3023,
"ai":"processBaseBossAi",
"gender":"2",
"hp":31000,
"atk":560,
"def":230,
"ats":560,
"adf":230,
"spd":9,
"common_distance":300,
"skill_distance":"340",
"hue":-67
},
{
"ID":2206,
"fodder":"LeiChenDianNu",
"name":"雷嗔电怒",
"type":1,
"sid":3024,
"ai":"processBaseBossLeiChenDianNuAi",
"gender":"0",
"hp":34000,
"atk":580,
"def":230,
"ats":580,
"adf":230,
"spd":9,
"common_distance":160,
"skill_distance":"700|500|700",
"hue":0
},
{
"ID":3204,
"fodder":"HaMaGuai",
"name":"精英蛤蟆",
"type":2,
"sid":3008,
"ai":"processBaseEliteAi",
"gender":"2",
"hp":30000,
"atk":540,
"def":215,
"ats":540,
"adf":215,
"spd":9,
"common_distance":240,
"skill_distance":"280",
"hue":-130
},
{
"ID":3205,
"fodder":"EMoQuan",
"name":"精英恶犬",
"type":2,
"sid":3023,
"ai":"processBaseEliteAi",
"gender":"2",
"hp":30000,
"atk":540,
"def":215,
"ats":540,
"adf":215,
"spd":9,
"common_distance":300,
"skill_distance":"340",
"hue":-67
},
{
"ID":4206,
"fodder":"LeiChenDianNu",
"name":"雷嗔电怒",
"type":3,
"sid":3024,
"ai":"processBaseEliteLeiChenDianNuAi",
"gender":"0",
"hp":38000,
"atk":620,
"def":250,
"ats":620,
"adf":250,
"spd":10,
"common_distance":160,
"skill_distance":"700|500|700",
"hue":0
},
{
"ID":1207,
"fodder":"TuFu",
"name":"屠夫",
"type":0,
"sid":3025,
"ai":"processBaseAi",
"gender":"0",
"hp":24000,
"atk":500,
"def":200,
"ats":500,
"adf":200,
"spd":9,
"common_distance":170,
"skill_distance":"420",
"hue":0
},
{
"ID":1208,
"fodder":"HeiYiCiKe",
"name":"黑衣刺客",
"type":0,
"sid":3005,
"ai":"processBaseAi",
"gender":"0",
"hp":24000,
"atk":500,
"def":200,
"ats":500,
"adf":200,
"spd":9,
"common_distance":350,
"skill_distance":"250",
"hue":0
},
{
"ID":2207,
"fodder":"TuFu",
"name":"屠夫总长",
"type":1,
"sid":3025,
"ai":"processBaseBossTuFuAi",
"gender":"0",
"hp":28000,
"atk":540,
"def":230,
"ats":540,
"adf":230,
"spd":9,
"common_distance":170,
"skill_distance":"420",
"hue":-100
},
{
"ID":2208,
"fodder":"HeiYiCiKe",
"name":"黑衣队长",
"type":1,
"sid":3005,
"ai":"processBaseBossAi",
"gender":"0",
"hp":31000,
"atk":560,
"def":230,
"ats":560,
"adf":230,
"spd":9,
"common_distance":350,
"skill_distance":"250",
"hue":0
},
{
"ID":2209,
"fodder":"ChiNan",
"name":"痴男",
"type":1,
"sid":3026,
"ai":"processBaseBossChiNanAi",
"gender":"0",
"hp":34000,
"atk":580,
"def":230,
"ats":580,
"adf":230,
"spd":11,
"common_distance":150,
"skill_distance":"450|700|700",
"hue":0
},
{
"ID":2219,
"fodder":"YuanNv",
"name":"怨女",
"type":1,
"sid":3027,
"ai":"processBaseBossYuanNvAi",
"gender":"1",
"hp":34000,
"atk":580,
"def":230,
"ats":580,
"adf":230,
"spd":12,
"common_distance":350,
"skill_distance":"120|700",
"hue":0
},
{
"ID":3207,
"fodder":"TuFu",
"name":"精英屠夫",
"type":2,
"sid":3025,
"ai":"processBaseEliteAi",
"gender":"0",
"hp":30000,
"atk":540,
"def":215,
"ats":540,
"adf":215,
"spd":9,
"common_distance":170,
"skill_distance":"420",
"hue":-100
},
{
"ID":3208,
"fodder":"HeiYiCiKe",
"name":"精英黑衣",
"type":2,
"sid":3005,
"ai":"processBaseEliteAi",
"gender":"0",
"hp":30000,
"atk":540,
"def":215,
"ats":540,
"adf":215,
"spd":9,
"common_distance":350,
"skill_distance":"250",
"hue":-100
},
{
"ID":4209,
"fodder":"ChiNan",
"name":"痴男",
"type":3,
"sid":3026,
"ai":"processBaseEliteChiNanAi",
"gender":"0",
"hp":38000,
"atk":620,
"def":250,
"ats":620,
"adf":250,
"spd":12,
"common_distance":150,
"skill_distance":"450|700|700",
"hue":0
},
{
"ID":4219,
"fodder":"YuanNv",
"name":"怨女",
"type":3,
"sid":3027,
"ai":"processBaseEliteYuanNvAi",
"gender":"1",
"hp":38000,
"atk":620,
"def":250,
"ats":620,
"adf":250,
"spd":13,
"common_distance":350,
"skill_distance":"120|700",
"hue":0
},
{
"ID":5001,
"fodder":"QiGai",
"name":"乞丐",
"type":0,
"sid":3000,
"ai":"processBaseAi",
"gender":"0",
"hp":1000,
"atk":250,
"def":0,
"ats":250,
"adf":0,
"spd":8,
"common_distance":110,
"skill_distance":"190",
"hue":0
},
{
"ID":5016,
"fodder":"HeiYiCiKe",
"name":"黑衣刺客",
"type":0,
"sid":3005,
"ai":"processBaseAi",
"gender":"0",
"hp":1000,
"atk":250,
"def":0,
"ats":250,
"adf":0,
"spd":8,
"common_distance":350,
"skill_distance":"250",
"hue":0
},
{
"ID":5003,
"fodder":"QiangDao",
"name":"强盗",
"type":0,
"sid":3004,
"ai":"processBaseAi",
"gender":"0",
"hp":1000,
"atk":250,
"def":0,
"ats":250,
"adf":0,
"spd":8,
"common_distance":150,
"skill_distance":"320",
"hue":0
},
{
"ID":5002,
"fodder":"JiuGui",
"name":"酒鬼",
"type":0,
"sid":3007,
"ai":"processBaseAi",
"gender":"0",
"hp":1000,
"atk":250,
"def":0,
"ats":250,
"adf":0,
"spd":7,
"common_distance":270,
"skill_distance":"290",
"hue":0
},
{
"ID":5005,
"fodder":"DouLiJianKe",
"name":"斗笠剑客",
"type":0,
"sid":3006,
"ai":"processBaseAi",
"gender":"0",
"hp":1000,
"atk":250,
"def":0,
"ats":250,
"adf":0,
"spd":8,
"common_distance":110,
"skill_distance":"310",
"hue":0
},
{
"ID":5006,
"fodder":"HeiYiCiKe",
"name":"黑衣刺客",
"type":0,
"sid":3005,
"ai":"processBaseAi",
"gender":"0",
"hp":1000,
"atk":250,
"def":0,
"ats":250,
"adf":0,
"spd":8,
"common_distance":350,
"skill_distance":"250",
"hue":0
},
{
"ID":5007,
"fodder":"SuoMingGuHun",
"name":"索命孤魂",
"type":0,
"sid":3016,
"ai":"processBaseAi",
"gender":"0",
"hp":1000,
"atk":250,
"def":0,
"ats":250,
"adf":0,
"spd":8,
"common_distance":170,
"skill_distance":"400",
"hue":0
},
{
"ID":5011,
"fodder":"DouLiJianKe",
"name":"斗笠剑客",
"type":0,
"sid":3006,
"ai":"processBaseAi",
"gender":"0",
"hp":1000,
"atk":250,
"def":0,
"ats":250,
"adf":0,
"spd":8,
"common_distance":120,
"skill_distance":"270",
"hue":0
},
{
"ID":5012,
"fodder":"XiaoDaoGu",
"name":"小道姑",
"type":0,
"sid":3013,
"ai":"processBaseAi",
"gender":"1",
"hp":1000,
"atk":250,
"def":0,
"ats":250,
"adf":0,
"spd":8,
"common_distance":340,
"skill_distance":"300",
"hue":0
},
{
"ID":5013,
"fodder":"JiuGui",
"name":"酒鬼",
"type":0,
"sid":3007,
"ai":"processBaseAi",
"gender":"2",
"hp":1000,
"atk":250,
"def":0,
"ats":250,
"adf":0,
"spd":8,
"common_distance":270,
"skill_distance":"290",
"hue":0
},
{
"ID":5014,
"fodder":"XiaoDaoShi",
"name":"小道士",
"type":0,
"sid":3012,
"ai":"processBaseAi",
"gender":"0",
"hp":1000,
"atk":250,
"def":0,
"ats":250,
"adf":0,
"spd":8,
"common_distance":150,
"skill_distance":"210",
"hue":0
},
{
"ID":5015,
"fodder":"XiaoWuYa",
"name":"小乌鸦",
"type":0,
"sid":3014,
"ai":"processBaseAirAi",
"gender":"2",
"hp":1000,
"atk":250,
"def":0,
"ats":250,
"adf":0,
"spd":8,
"common_distance":170,
"skill_distance":"180",
"hue":0
},
{
"ID":5004,
"fodder":"HaMaGuai",
"name":"蛤蟆怪",
"type":0,
"sid":3008,
"ai":"processBaseAi",
"gender":"2",
"hp":1000,
"atk":250,
"def":0,
"ats":250,
"adf":0,
"spd":7,
"common_distance":240,
"skill_distance":"280",
"hue":0
},
{
"ID":5017,
"fodder":"XiaoHuoMo",
"name":"小火魔",
"type":0,
"sid":3019,
"ai":"processBaseAi",
"gender":"0",
"hp":1000,
"atk":250,
"def":0,
"ats":250,
"adf":0,
"spd":8,
"common_distance":350,
"skill_distance":"400",
"hue":0
},
{
"ID":5021,
"fodder":"QiangDao",
"name":"强盗",
"type":0,
"sid":3004,
"ai":"processBaseAi",
"gender":"0",
"hp":1000,
"atk":250,
"def":0,
"ats":250,
"adf":0,
"spd":8,
"common_distance":160,
"skill_distance":"340",
"hue":0
},
{
"ID":5022,
"fodder":"KuLouYeGui",
"name":"骷髅野鬼",
"type":0,
"sid":3021,
"ai":"processBaseAi",
"gender":"0",
"hp":1000,
"atk":250,
"def":0,
"ats":250,
"adf":0,
"spd":8,
"common_distance":160,
"skill_distance":"340",
"hue":0
},
{
"ID":5023,
"fodder":"HaMaGuai",
"name":"蛤蟆怪",
"type":0,
"sid":3008,
"ai":"processBaseAi",
"gender":"2",
"hp":1000,
"atk":250,
"def":0,
"ats":250,
"adf":0,
"spd":8,
"common_distance":240,
"skill_distance":"280",
"hue":0
},
{
"ID":5024,
"fodder":"EMoQuan",
"name":"恶魔犬",
"type":0,
"sid":3023,
"ai":"processBaseAi",
"gender":"2",
"hp":1000,
"atk":250,
"def":0,
"ats":250,
"adf":0,
"spd":8,
"common_distance":300,
"skill_distance":"340",
"hue":0
},
{
"ID":5025,
"fodder":"TuFu",
"name":"屠夫",
"type":0,
"sid":3025,
"ai":"processBaseAi",
"gender":"0",
"hp":1000,
"atk":250,
"def":0,
"ats":250,
"adf":0,
"spd":8,
"common_distance":170,
"skill_distance":"420",
"hue":0
},
{
"ID":5026,
"fodder":"HeiYiCiKe",
"name":"黑衣刺客",
"type":0,
"sid":3005,
"ai":"processBaseAi",
"gender":"0",
"hp":1000,
"atk":250,
"def":0,
"ats":250,
"adf":0,
"spd":8,
"common_distance":350,
"skill_distance":"250",
"hue":0
},
{
"ID":5101,
"fodder":"QiGai",
"name":"精英乞丐",
"type":0,
"sid":3000,
"ai":"processBaseEliteAi",
"gender":"0",
"hp":2000,
"atk":310,
"def":10,
"ats":310,
"adf":10,
"spd":8,
"common_distance":110,
"skill_distance":"190",
"hue":140
},
{
"ID":5102,
"fodder":"JiuGui",
"name":"精英酒鬼",
"type":0,
"sid":3007,
"ai":"processBaseEliteAi",
"gender":"0",
"hp":2000,
"atk":310,
"def":10,
"ats":310,
"adf":10,
"spd":8,
"common_distance":270,
"skill_distance":"290",
"hue":-180
},
{
"ID":5103,
"fodder":"QiangDao",
"name":"精英强盗",
"type":0,
"sid":3004,
"ai":"processBaseEliteAi",
"gender":"0",
"hp":2000,
"atk":310,
"def":10,
"ats":310,
"adf":10,
"spd":8,
"common_distance":150,
"skill_distance":"320",
"hue":180
},
{
"ID":5104,
"fodder":"HaMaGuai",
"name":"精英蛤蟆",
"type":0,
"sid":3008,
"ai":"processBaseEliteAi",
"gender":"2",
"hp":2000,
"atk":310,
"def":10,
"ats":310,
"adf":10,
"spd":8,
"common_distance":240,
"skill_distance":"280",
"hue":-130
},
{
"ID":5105,
"fodder":"DouLiJianKe",
"name":"精英斗笠",
"type":0,
"sid":3006,
"ai":"processBaseEliteAi",
"gender":"0",
"hp":2000,
"atk":310,
"def":10,
"ats":310,
"adf":10,
"spd":8,
"common_distance":110,
"skill_distance":"310",
"hue":-180
},
{
"ID":5106,
"fodder":"HeiYiCiKe",
"name":"精英黑衣",
"type":0,
"sid":3005,
"ai":"processBaseEliteAi",
"gender":"0",
"hp":2000,
"atk":310,
"def":10,
"ats":310,
"adf":10,
"spd":8,
"common_distance":350,
"skill_distance":"250",
"hue":-100
},
{
"ID":5107,
"fodder":"SuoMingGuHun",
"name":"精英孤魂",
"type":0,
"sid":3016,
"ai":"processBaseEliteAi",
"gender":"0",
"hp":2000,
"atk":310,
"def":10,
"ats":310,
"adf":10,
"spd":8,
"common_distance":170,
"skill_distance":"400",
"hue":60
},
{
"ID":5111,
"fodder":"DouLiJianKe",
"name":"精英斗笠",
"type":0,
"sid":3006,
"ai":"processBaseEliteAi",
"gender":"0",
"hp":2000,
"atk":310,
"def":10,
"ats":310,
"adf":10,
"spd":8,
"common_distance":120,
"skill_distance":"270",
"hue":-180
},
{
"ID":5112,
"fodder":"XiaoDaoGu",
"name":"精英道姑",
"type":0,
"sid":3013,
"ai":"processBaseEliteAi",
"gender":"1",
"hp":2000,
"atk":310,
"def":10,
"ats":310,
"adf":10,
"spd":8,
"common_distance":340,
"skill_distance":"300",
"hue":-180
},
{
"ID":5113,
"fodder":"JiuGui",
"name":"精英酒鬼",
"type":0,
"sid":3007,
"ai":"processBaseEliteAi",
"gender":"2",
"hp":2000,
"atk":310,
"def":10,
"ats":310,
"adf":10,
"spd":8,
"common_distance":270,
"skill_distance":"290",
"hue":180
},
{
"ID":5114,
"fodder":"XiaoDaoShi",
"name":"精英道士",
"type":0,
"sid":3012,
"ai":"processBaseEliteAi",
"gender":"0",
"hp":2000,
"atk":310,
"def":10,
"ats":310,
"adf":10,
"spd":8,
"common_distance":150,
"skill_distance":"210",
"hue":-130
},
{
"ID":5115,
"fodder":"XiaoWuYa",
"name":"精英乌鸦",
"type":0,
"sid":3014,
"ai":"processBaseBossAirAi",
"gender":"2",
"hp":2000,
"atk":310,
"def":10,
"ats":310,
"adf":10,
"spd":8,
"common_distance":170,
"skill_distance":"180",
"hue":60
},
{
"ID":5116,
"fodder":"HeiYiCiKe",
"name":"精英黑衣",
"type":0,
"sid":3005,
"ai":"processBaseEliteAi",
"gender":"0",
"hp":2000,
"atk":310,
"def":10,
"ats":310,
"adf":10,
"spd":8,
"common_distance":350,
"skill_distance":"250",
"hue":-100
},
{
"ID":5117,
"fodder":"QiGai",
"name":"精英乞丐",
"type":0,
"sid":3000,
"ai":"processBaseEliteAi",
"gender":"0",
"hp":2000,
"atk":310,
"def":10,
"ats":310,
"adf":10,
"spd":8,
"common_distance":350,
"skill_distance":"400",
"hue":60
},
{
"ID":5121,
"fodder":"QiangDao",
"name":"精英强盗",
"type":0,
"sid":3004,
"ai":"processBaseEliteAi",
"gender":"0",
"hp":2000,
"atk":310,
"def":10,
"ats":310,
"adf":10,
"spd":8,
"common_distance":160,
"skill_distance":"340",
"hue":180
},
{
"ID":5122,
"fodder":"KuLouYeGui",
"name":"精英野鬼",
"type":0,
"sid":3021,
"ai":"processBaseEliteAi",
"gender":"0",
"hp":2000,
"atk":310,
"def":10,
"ats":310,
"adf":10,
"spd":8,
"common_distance":160,
"skill_distance":"340",
"hue":80
},
{
"ID":5123,
"fodder":"HaMaGuai",
"name":"精英蛤蟆",
"type":0,
"sid":3008,
"ai":"processBaseEliteAi",
"gender":"2",
"hp":2000,
"atk":310,
"def":10,
"ats":310,
"adf":10,
"spd":8,
"common_distance":240,
"skill_distance":"280",
"hue":-130
},
{
"ID":5124,
"fodder":"EMoQuan",
"name":"精英恶犬",
"type":0,
"sid":3023,
"ai":"processBaseEliteAi",
"gender":"2",
"hp":2000,
"atk":310,
"def":10,
"ats":310,
"adf":10,
"spd":8,
"common_distance":300,
"skill_distance":"340",
"hue":-67
},
{
"ID":5125,
"fodder":"TuFu",
"name":"精英屠夫",
"type":0,
"sid":3025,
"ai":"processBaseEliteAi",
"gender":"0",
"hp":2000,
"atk":310,
"def":10,
"ats":310,
"adf":10,
"spd":8,
"common_distance":170,
"skill_distance":"420",
"hue":-100
},
{
"ID":5126,
"fodder":"HeiYiCiKe",
"name":"精英黑衣",
"type":0,
"sid":3005,
"ai":"processBaseEliteAi",
"gender":"0",
"hp":2000,
"atk":310,
"def":10,
"ats":310,
"adf":10,
"spd":8,
"common_distance":350,
"skill_distance":"250",
"hue":-100
},
{
"ID":5901,
"fodder":"BiaoCheMuNiu",
"name":"镖车-木牛1",
"type":0,
"sid":4001,
"ai":"processBaseAi",
"gender":"0",
"hp":120000,
"atk":0,
"def":50,
"ats":0,
"adf":50,
"spd":2,
"common_distance":100,
"skill_distance":"100",
"hue":0
},
{
"ID":5902,
"fodder":"BiaoCheMuNiu",
"name":"镖车-木牛2",
"type":0,
"sid":4001,
"ai":"processBaseAi",
"gender":"0",
"hp":120000,
"atk":0,
"def":50,
"ats":0,
"adf":50,
"spd":2,
"common_distance":100,
"skill_distance":"100",
"hue":0
},
{
"ID":5911,
"fodder":"BiaoCheLiuMa",
"name":"镖车-流马1",
"type":0,
"sid":4001,
"ai":"processBaseAi",
"gender":"0",
"hp":150000,
"atk":0,
"def":50,
"ats":0,
"adf":50,
"spd":3,
"common_distance":100,
"skill_distance":"100",
"hue":0
},
{
"ID":5912,
"fodder":"BiaoCheLiuMa",
"name":"镖车-流马2",
"type":0,
"sid":4001,
"ai":"processBaseAi",
"gender":"0",
"hp":150000,
"atk":0,
"def":50,
"ats":0,
"adf":50,
"spd":3,
"common_distance":100,
"skill_distance":"100",
"hue":0
},
{
"ID":5913,
"fodder":"BiaoCheLiuMa",
"name":"镖车-流马3",
"type":0,
"sid":4001,
"ai":"processBaseAi",
"gender":"0",
"hp":150000,
"atk":0,
"def":50,
"ats":0,
"adf":50,
"spd":3,
"common_distance":100,
"skill_distance":"100",
"hue":0
},
{
"ID":5921,
"fodder":"BiaoCheJinChe",
"name":"镖车-金车1",
"type":0,
"sid":4001,
"ai":"processBaseAi",
"gender":"0",
"hp":300000,
"atk":0,
"def":120,
"ats":0,
"adf":120,
"spd":4,
"common_distance":100,
"skill_distance":"100",
"hue":0
},
{
"ID":5922,
"fodder":"BiaoCheJinChe",
"name":"镖车-金车2",
"type":0,
"sid":4001,
"ai":"processBaseAi",
"gender":"0",
"hp":300000,
"atk":0,
"def":120,
"ats":0,
"adf":120,
"spd":4,
"common_distance":100,
"skill_distance":"100",
"hue":0
},
{
"ID":5923,
"fodder":"BiaoCheJinChe",
"name":"镖车-金车3",
"type":0,
"sid":4001,
"ai":"processBaseAi",
"gender":"0",
"hp":300000,
"atk":0,
"def":120,
"ats":0,
"adf":120,
"spd":4,
"common_distance":100,
"skill_distance":"100",
"hue":0
}
]
}