{
"RECORDS":[
{
"id":0,
"content":"尽量将敌人打到空中连击，因为被打飞的敌人不会反击，自己的操作不会受到影响。"
},
{
"id":1,
"content":"敌人在地面死亡时无法继续连击，但是在空中则可以持续连击。"
},
{
"id":2,
"content":"角色在释放技能的时候可以打断当前攻击动作，合理的使用技能是连招的必修课。"
},
{
"id":3,
"content":"空中压制攻击时产生的震动波可以把敌人浮空，合理的运用可以形成华丽的空中连招。"
},
{
"id":4,
"content":"部分技能可以使倒地的敌人浮空！"
},
{
"id":5,
"content":"当你拥有伙伴援护时，按Q键可以召出伙伴打出其得意的技能，这有助于我们的连招。"
},
{
"id":6,
"content":"某些技能释放没有霸体，在受到敌人攻击的时候会被打断，请谨慎使用。"
},
{
"id":7,
"content":"当受到敌人攻击甚至被打飞的时候，可以直接使用怒气爆发，让自己转危为安。"
},
{
"id":8,
"content":"装备打造书会在某些关卡掉落，将装备打造好才能轻松的挑战精英副本。"
},
{
"id":9,
"content":"跳动的图标是在提示你还有什么事情没有做。"
},
{
"id":10,
"content":"每个精英副本每天可以挑战5次，隔天就会刷新次数。"
},
{
"id":11,
"content":"万能碎片有很多的用处，要珍惜它。"
},
{
"id":12,
"content":"能获得“极”评价的玩家绝对是武林高手！"
},
{
"id":13,
"content":"每一种技能都有其相应的特性，合理的学习几种可以搭配的技能很重要。"
},
{
"id":14,
"content":"记得及时保存自己的游戏进度！江湖可没有后悔药可以吃哦！"
}
]
}