{
"RECORDS":[
{
"id":1,
"Achievements":0,
"gold":2000,
"soul":0,
"prop_id":"0",
"number":"0"
},
{
"id":2,
"Achievements":100,
"gold":0,
"soul":0,
"prop_id":"0",
"number":"0"
},
{
"id":3,
"Achievements":0,
"gold":0,
"soul":2000,
"prop_id":"0",
"number":"0"
},
{
"id":4,
"Achievements":120,
"gold":0,
"soul":0,
"prop_id":"0",
"number":"0"
},
{
"id":5,
"Achievements":130,
"gold":0,
"soul":0,
"prop_id":"0",
"number":"0"
},
{
"id":6,
"Achievements":0,
"gold":0,
"soul":0,
"prop_id":"6202",
"number":"1"
},
{
"id":7,
"Achievements":150,
"gold":0,
"soul":0,
"prop_id":"0",
"number":"0"
},
{
"id":8,
"Achievements":160,
"gold":0,
"soul":0,
"prop_id":"0",
"number":"0"
},
{
"id":9,
"Achievements":0,
"gold":0,
"soul":0,
"prop_id":"6201",
"number":"2"
},
{
"id":10,
"Achievements":180,
"gold":0,
"soul":0,
"prop_id":"0",
"number":"0"
},
{
"id":11,
"Achievements":190,
"gold":0,
"soul":0,
"prop_id":"0",
"number":"0"
},
{
"id":12,
"Achievements":220,
"gold":0,
"soul":0,
"prop_id":"0",
"number":"0"
},
{
"id":13,
"Achievements":0,
"gold":0,
"soul":0,
"prop_id":"6205",
"number":"2"
},
{
"id":14,
"Achievements":250,
"gold":0,
"soul":0,
"prop_id":"0",
"number":"0"
},
{
"id":15,
"Achievements":0,
"gold":0,
"soul":0,
"prop_id":"-1",
"number":"1"
},
{
"id":16,
"Achievements":0,
"gold":0,
"soul":0,
"prop_id":"6204",
"number":"3"
},
{
"id":17,
"Achievements":280,
"gold":0,
"soul":0,
"prop_id":"0",
"number":"0"
},
{
"id":18,
"Achievements":300,
"gold":0,
"soul":0,
"prop_id":"0",
"number":"0"
},
{
"id":19,
"Achievements":0,
"gold":0,
"soul":0,
"prop_id":"4421",
"number":"10"
},
{
"id":20,
"Achievements":330,
"gold":0,
"soul":0,
"prop_id":"0",
"number":"0"
},
{
"id":21,
"Achievements":350,
"gold":0,
"soul":0,
"prop_id":"0",
"number":"0"
},
{
"id":22,
"Achievements":0,
"gold":0,
"soul":0,
"prop_id":"9000",
"number":"5"
},
{
"id":23,
"Achievements":390,
"gold":0,
"soul":0,
"prop_id":"0",
"number":"0"
},
{
"id":24,
"Achievements":450,
"gold":0,
"soul":0,
"prop_id":"0",
"number":"0"
},
{
"id":25,
"Achievements":0,
"gold":0,
"soul":0,
"prop_id":"-2",
"number":"1"
}
]
}