{
"RECORDS":[
{
"id":1011,
"skill_name":"烈风劫杀（固本）",
"up_item":"501|9000",
"up_number":"5|2",
"soul":30000,
"info":"增加技能伤害20%（外功越高加成越多），增加霸体效果使技能释放不会被打断。",
"mp":108,
"cooldown":100,
"onlyhurt":10,
"invincible":0,
"atk_rate":"3",
"ats_rate":"0",
"attackIntervalFrame":"10",
"collisionRange":"50",
"buff_type":"0",
"buff_value":"0",
"shift_down":0,
"syncope":0,
"temptation":0,
"release":0,
"reduce_mp":0.000
},
{
"id":1012,
"skill_name":"魔龙戏珠（固本）",
"up_item":"502|9000",
"up_number":"5|2",
"soul":30000,
"info":"增加技能伤害20%（内功越高加成越多），减少冷却时间。",
"mp":168,
"cooldown":130,
"onlyhurt":0,
"invincible":0,
"atk_rate":"0",
"ats_rate":"1.625|1.625",
"attackIntervalFrame":"9|9",
"collisionRange":"50|50",
"buff_type":"0",
"buff_value":"0",
"shift_down":0,
"syncope":0,
"temptation":0,
"release":0,
"reduce_mp":0.000
},
{
"id":1013,
"skill_name":"天元突破（固本）",
"up_item":"503|9000",
"up_number":"5|2",
"soul":30000,
"info":"增加伤害加成效果3%，增加霸体效果使技能释放不会被打断。",
"mp":264,
"cooldown":540,
"onlyhurt":16,
"invincible":0,
"atk_rate":"0",
"ats_rate":"0",
"attackIntervalFrame":"20",
"collisionRange":"50",
"buff_type":"1",
"buff_value":"0.18",
"shift_down":0,
"syncope":0,
"temptation":0,
"release":0,
"reduce_mp":0.000
},
{
"id":1014,
"skill_name":"幻灭百烈（固本）",
"up_item":"504|9000",
"up_number":"5|3",
"soul":40000,
"info":"增加技能伤害20%（外功越高加成越多），减少冷却时间。",
"mp":408,
"cooldown":300,
"onlyhurt":16,
"invincible":0,
"atk_rate":"1.75",
"ats_rate":"0",
"attackIntervalFrame":"4",
"collisionRange":"60",
"buff_type":"0",
"buff_value":"0",
"shift_down":0,
"syncope":0,
"temptation":0,
"release":0,
"reduce_mp":0.000
},
{
"id":1015,
"skill_name":"群魔乱舞（固本）",
"up_item":"505|9000",
"up_number":"5|4",
"soul":50000,
"info":"增加技能伤害20%（内功越高加成越多），减少冷却时间。",
"mp":564,
"cooldown":750,
"onlyhurt":50,
"invincible":0,
"atk_rate":"0",
"ats_rate":"1.25",
"attackIntervalFrame":"5",
"collisionRange":"75",
"buff_type":"0",
"buff_value":"0",
"shift_down":0,
"syncope":0,
"temptation":0,
"release":0,
"reduce_mp":0.000
},
{
"id":1021,
"skill_name":"烈风劫杀（培元）",
"up_item":"511|9000",
"up_number":"10|4",
"soul":60000,
"info":"增加技能伤害40%（外功越高加成越多），减少元气消耗。",
"mp":90,
"cooldown":100,
"onlyhurt":10,
"invincible":0,
"atk_rate":"3.6",
"ats_rate":"0",
"attackIntervalFrame":"10",
"collisionRange":"50",
"buff_type":"0",
"buff_value":"0",
"shift_down":0,
"syncope":0,
"temptation":0,
"release":0,
"reduce_mp":0.000
},
{
"id":1022,
"skill_name":"魔龙戏珠（培元）",
"up_item":"512|9000",
"up_number":"10|4",
"soul":60000,
"info":"增加技能伤害40%（内功越高加成越多），减少元气消耗。",
"mp":140,
"cooldown":130,
"onlyhurt":0,
"invincible":0,
"atk_rate":"0",
"ats_rate":"1.95|1.95",
"attackIntervalFrame":"9|9",
"collisionRange":"50|50",
"buff_type":"0",
"buff_value":"0",
"shift_down":0,
"syncope":0,
"temptation":0,
"release":0,
"reduce_mp":0.000
},
{
"id":1023,
"skill_name":"天元突破（培元）",
"up_item":"513|9000",
"up_number":"10|4",
"soul":60000,
"info":"增加伤害加成效果6%，减少冷却时间。",
"mp":308,
"cooldown":480,
"onlyhurt":16,
"invincible":0,
"atk_rate":"0",
"ats_rate":"0",
"attackIntervalFrame":"20",
"collisionRange":"50",
"buff_type":"1",
"buff_value":"0.21",
"shift_down":0,
"syncope":0,
"temptation":0,
"release":0,
"reduce_mp":0.000
},
{
"id":1024,
"skill_name":"幻灭百烈（培元）",
"up_item":"514|9000",
"up_number":"10|6",
"soul":80000,
"info":"增加技能伤害40%（外功越高加成越多），减少元气消耗。",
"mp":340,
"cooldown":300,
"onlyhurt":16,
"invincible":0,
"atk_rate":"2.1",
"ats_rate":"0",
"attackIntervalFrame":"4",
"collisionRange":"60",
"buff_type":"0",
"buff_value":"0",
"shift_down":0,
"syncope":0,
"temptation":0,
"release":0,
"reduce_mp":0.000
},
{
"id":1025,
"skill_name":"群魔乱舞（培元）",
"up_item":"515|9000",
"up_number":"10|8",
"soul":100000,
"info":"增加技能伤害40%（内功越高加成越多），减少元气消耗。",
"mp":470,
"cooldown":750,
"onlyhurt":50,
"invincible":0,
"atk_rate":"0",
"ats_rate":"1.5",
"attackIntervalFrame":"5",
"collisionRange":"75",
"buff_type":"0",
"buff_value":"0",
"shift_down":0,
"syncope":0,
"temptation":0,
"release":0,
"reduce_mp":0.000
},
{
"id":1031,
"skill_name":"烈风劫杀（精进）",
"up_item":"521|9000",
"up_number":"15|6",
"soul":90000,
"info":"增加技能伤害60%（外功越高加成越多），减少冷却时间。",
"mp":108,
"cooldown":80,
"onlyhurt":10,
"invincible":0,
"atk_rate":"4.2",
"ats_rate":"0",
"attackIntervalFrame":"10",
"collisionRange":"50",
"buff_type":"0",
"buff_value":"0",
"shift_down":0,
"syncope":0,
"temptation":0,
"release":0,
"reduce_mp":0.000
},
{
"id":1032,
"skill_name":"魔龙戏珠（精进）",
"up_item":"522|9000",
"up_number":"15|6",
"soul":90000,
"info":"增加技能伤害60%（内功越高加成越多），增加霸体效果使技能释放不会被打断。",
"mp":168,
"cooldown":130,
"onlyhurt":18,
"invincible":0,
"atk_rate":"0",
"ats_rate":"2.275|2.275",
"attackIntervalFrame":"9|9",
"collisionRange":"50|50",
"buff_type":"0",
"buff_value":"0",
"shift_down":0,
"syncope":0,
"temptation":0,
"release":0,
"reduce_mp":0.000
},
{
"id":1033,
"skill_name":"天元突破（精进）",
"up_item":"523|9000",
"up_number":"15|6",
"soul":90000,
"info":"增加伤害加成效果9%，减少元气消耗。",
"mp":264,
"cooldown":480,
"onlyhurt":16,
"invincible":0,
"atk_rate":"0",
"ats_rate":"0",
"attackIntervalFrame":"20",
"collisionRange":"50",
"buff_type":"1",
"buff_value":"0.24",
"shift_down":0,
"syncope":0,
"temptation":0,
"release":0,
"reduce_mp":0.000
},
{
"id":1034,
"skill_name":"幻灭百烈（精进）",
"up_item":"524|9000",
"up_number":"15|9",
"soul":90000,
"info":"增加技能伤害60%（外功越高加成越多），可以像爆气一样随时释放技能。",
"mp":408,
"cooldown":300,
"onlyhurt":16,
"invincible":0,
"atk_rate":"2.45",
"ats_rate":"0",
"attackIntervalFrame":"4",
"collisionRange":"60",
"buff_type":"0",
"buff_value":"0",
"shift_down":0,
"syncope":0,
"temptation":0,
"release":0,
"reduce_mp":0.000
},
{
"id":1035,
"skill_name":"群魔乱舞（精进）",
"up_item":"525|9000",
"up_number":"15|12",
"soul":120000,
"info":"增加技能伤害60%（内功越高加成越多），增加技能攻击范围。",
"mp":564,
"cooldown":750,
"onlyhurt":50,
"invincible":0,
"atk_rate":"0",
"ats_rate":"1.75",
"attackIntervalFrame":"5",
"collisionRange":"85",
"buff_type":"0",
"buff_value":"0",
"shift_down":0,
"syncope":0,
"temptation":0,
"release":0,
"reduce_mp":0.000
},
{
"id":1041,
"skill_name":"烈风劫杀（突破）",
"up_item":"531|9000",
"up_number":"20|8",
"soul":150000,
"info":"增加技能伤害80%（外功越高加成越多），可以像爆气一样随时释放技能。",
"mp":126,
"cooldown":80,
"onlyhurt":10,
"invincible":0,
"atk_rate":"4.8",
"ats_rate":"0",
"attackIntervalFrame":"10",
"collisionRange":"50",
"buff_type":"0",
"buff_value":"0",
"shift_down":0,
"syncope":0,
"temptation":0,
"release":1,
"reduce_mp":0.000
},
{
"id":1042,
"skill_name":"魔龙戏珠（突破）",
"up_item":"532|9000",
"up_number":"20|8",
"soul":120000,
"info":"增加技能伤害80%（内功越高加成越多），技能击中时会对敌人造成晕厥效果。",
"mp":196,
"cooldown":130,
"onlyhurt":18,
"invincible":0,
"atk_rate":"0",
"ats_rate":"2.6|2.6",
"attackIntervalFrame":"9|9",
"collisionRange":"50|50",
"buff_type":"0",
"buff_value":"0",
"shift_down":0,
"syncope":1,
"temptation":0,
"release":0,
"reduce_mp":0.000
},
{
"id":1043,
"skill_name":"天元突破（突破）",
"up_item":"533|9000",
"up_number":"20|8",
"soul":120000,
"info":"增加伤害加成效果12%，增加元气损毁效果。",
"mp":308,
"cooldown":480,
"onlyhurt":16,
"invincible":0,
"atk_rate":"0",
"ats_rate":"0",
"attackIntervalFrame":"20",
"collisionRange":"50",
"buff_type":"1",
"buff_value":"0.27",
"shift_down":0,
"syncope":0,
"temptation":0,
"release":0,
"reduce_mp":0.000
},
{
"id":1044,
"skill_name":"幻灭百烈（突破）",
"up_item":"534|9000",
"up_number":"20|12",
"soul":120000,
"info":"增加技能伤害80%（外功越高加成越多），技能击中时会对敌人造成减速效果。",
"mp":476,
"cooldown":300,
"onlyhurt":16,
"invincible":0,
"atk_rate":"2.8",
"ats_rate":"0",
"attackIntervalFrame":"4",
"collisionRange":"60",
"buff_type":"0",
"buff_value":"0",
"shift_down":1,
"syncope":0,
"temptation":0,
"release":0,
"reduce_mp":0.000
},
{
"id":1045,
"skill_name":"群魔乱舞（突破）",
"up_item":"535|9000",
"up_number":"25|16",
"soul":200000,
"info":"增加技能伤害80%（内功越高加成越多），释放技能的时候无敌。",
"mp":658,
"cooldown":750,
"onlyhurt":50,
"invincible":50,
"atk_rate":"0",
"ats_rate":"2",
"attackIntervalFrame":"5",
"collisionRange":"75",
"buff_type":"0",
"buff_value":"0",
"shift_down":0,
"syncope":0,
"temptation":0,
"release":0,
"reduce_mp":0.000
},
{
"id":1051,
"skill_name":"烈风劫杀（大成）",
"up_item":"541|9000",
"up_number":"25|10",
"soul":150000,
"info":"增加技能伤害100%（外功越高加成越多），增加技能伤害次数。",
"mp":144,
"cooldown":80,
"onlyhurt":10,
"invincible":0,
"atk_rate":"4.8",
"ats_rate":"0",
"attackIntervalFrame":"5",
"collisionRange":"50",
"buff_type":"0",
"buff_value":"0",
"shift_down":0,
"syncope":0,
"temptation":0,
"release":1,
"reduce_mp":0.000
},
{
"id":1052,
"skill_name":"魔龙戏珠（大成）",
"up_item":"542|9000",
"up_number":"25|10",
"soul":150000,
"info":"增加技能伤害100%（内功越高加成越多），增加技能攻击范围。",
"mp":224,
"cooldown":130,
"onlyhurt":18,
"invincible":0,
"atk_rate":"0",
"ats_rate":"2.925|2.925",
"attackIntervalFrame":"9|9",
"collisionRange":"60|60",
"buff_type":"0",
"buff_value":"0",
"shift_down":0,
"syncope":1,
"temptation":0,
"release":0,
"reduce_mp":0.000
},
{
"id":1053,
"skill_name":"天元突破（大成）",
"up_item":"543|9000",
"up_number":"25|10",
"soul":150000,
"info":"增加伤害加成效果15%，减少冷却时间。",
"mp":352,
"cooldown":420,
"onlyhurt":16,
"invincible":0,
"atk_rate":"0",
"ats_rate":"0",
"attackIntervalFrame":"20",
"collisionRange":"50",
"buff_type":"1",
"buff_value":"0.3",
"shift_down":0,
"syncope":0,
"temptation":0,
"release":0,
"reduce_mp":0.000
},
{
"id":1054,
"skill_name":"幻灭百烈（大成）",
"up_item":"544|9000",
"up_number":"25|15",
"soul":200000,
"info":"增加技能伤害100%（外功越高加成越多），减少冷却时间。",
"mp":544,
"cooldown":240,
"onlyhurt":16,
"invincible":0,
"atk_rate":"3.15",
"ats_rate":"0",
"attackIntervalFrame":"4",
"collisionRange":"60",
"buff_type":"0",
"buff_value":"0",
"shift_down":1,
"syncope":0,
"temptation":0,
"release":0,
"reduce_mp":0.000
},
{
"id":1055,
"skill_name":"群魔乱舞（大成）",
"up_item":"545|9000",
"up_number":"25|20",
"soul":250000,
"info":"增加技能伤害100%（内功越高加成越多），减少冷却时间。",
"mp":752,
"cooldown":600,
"onlyhurt":50,
"invincible":0,
"atk_rate":"0",
"ats_rate":"2.25",
"attackIntervalFrame":"5",
"collisionRange":"75",
"buff_type":"0",
"buff_value":"0",
"shift_down":0,
"syncope":0,
"temptation":0,
"release":0,
"reduce_mp":0.000
},
{
"id":1111,
"skill_name":"敲山震虎（固本）",
"up_item":"506|9000",
"up_number":"5|2",
"soul":30000,
"info":"增加技能伤害20%（内功越高加成越多），增加霸体效果使技能释放不会被打断。",
"mp":120,
"cooldown":110,
"onlyhurt":12,
"invincible":0,
"atk_rate":"0",
"ats_rate":"2.5",
"attackIntervalFrame":"12",
"collisionRange":"60",
"buff_type":"0",
"buff_value":"0",
"shift_down":0,
"syncope":0,
"temptation":0,
"release":0,
"reduce_mp":0.000
},
{
"id":1112,
"skill_name":"狼拳风牙（固本）",
"up_item":"507|9000",
"up_number":"5|2",
"soul":30000,
"info":"增加技能伤害20%（外功越高加成越多），减少冷却时间。",
"mp":180,
"cooldown":130,
"onlyhurt":0,
"invincible":0,
"atk_rate":"0|3.375",
"ats_rate":"0",
"attackIntervalFrame":"9|5",
"collisionRange":"50|50",
"buff_type":"0",
"buff_value":"0",
"shift_down":0,
"syncope":0,
"temptation":0,
"release":0,
"reduce_mp":0.000
},
{
"id":1113,
"skill_name":"猛虎下山（固本）",
"up_item":"508|9000",
"up_number":"5|2",
"soul":30000,
"info":"增加技能伤害20%（外功越高加成越多），减少冷却时间。",
"mp":288,
"cooldown":300,
"onlyhurt":50,
"invincible":0,
"atk_rate":"0|0|0|4.5",
"ats_rate":"0",
"attackIntervalFrame":"20|2|2|12",
"collisionRange":"50|50|50|60",
"buff_type":"0",
"buff_value":"0",
"shift_down":0,
"syncope":0,
"temptation":0,
"release":0,
"reduce_mp":0.000
},
{
"id":1114,
"skill_name":"嗜血狂暴（固本）",
"up_item":"509|9000",
"up_number":"5|3",
"soul":40000,
"info":"增加暴击和吸血加成效果1%，增加霸体效果使技能释放不会被打断。",
"mp":384,
"cooldown":540,
"onlyhurt":15,
"invincible":0,
"atk_rate":"0",
"ats_rate":"0",
"attackIntervalFrame":"20",
"collisionRange":"50",
"buff_type":"2|3",
"buff_value":"0.06|0.06",
"shift_down":0,
"syncope":0,
"temptation":0,
"release":0,
"reduce_mp":0.000
},
{
"id":1115,
"skill_name":"天狼爆破（固本）",
"up_item":"510|9000",
"up_number":"5|4",
"soul":50000,
"info":"增加技能伤害20%（外功越高加成越多），减少冷却时间。",
"mp":588,
"cooldown":750,
"onlyhurt":50,
"invincible":0,
"atk_rate":"0.5|0.5|1.25|7.5",
"ats_rate":"0",
"attackIntervalFrame":"4|4|20|9",
"collisionRange":"60|60|50|70",
"buff_type":"0",
"buff_value":"0",
"shift_down":0,
"syncope":0,
"temptation":0,
"release":0,
"reduce_mp":0.000
},
{
"id":1121,
"skill_name":"敲山震虎（培元）",
"up_item":"516|9000",
"up_number":"10|4",
"soul":60000,
"info":"增加技能伤害40%（内功越高加成越多），减少元气消耗。",
"mp":100,
"cooldown":110,
"onlyhurt":12,
"invincible":0,
"atk_rate":"0",
"ats_rate":"3",
"attackIntervalFrame":"12",
"collisionRange":"60",
"buff_type":"0",
"buff_value":"0",
"shift_down":0,
"syncope":0,
"temptation":0,
"release":0,
"reduce_mp":0.000
},
{
"id":1122,
"skill_name":"狼拳风牙（培元）",
"up_item":"517|9000",
"up_number":"10|4",
"soul":60000,
"info":"增加技能伤害40%（外功越高加成越多），增加霸体效果使技能释放不会被打断。",
"mp":210,
"cooldown":130,
"onlyhurt":14,
"invincible":0,
"atk_rate":"0|4.05",
"ats_rate":"0",
"attackIntervalFrame":"9|5",
"collisionRange":"50|50",
"buff_type":"0",
"buff_value":"0",
"shift_down":0,
"syncope":0,
"temptation":0,
"release":0,
"reduce_mp":0.000
},
{
"id":1123,
"skill_name":"猛虎下山（培元）",
"up_item":"518|9000",
"up_number":"10|4",
"soul":60000,
"info":"增加技能伤害40%（外功越高加成越多），减少元气消耗。",
"mp":240,
"cooldown":300,
"onlyhurt":50,
"invincible":0,
"atk_rate":"0|0|0|5.4",
"ats_rate":"0",
"attackIntervalFrame":"20|2|2|12",
"collisionRange":"50|50|50|60",
"buff_type":"0",
"buff_value":"0",
"shift_down":0,
"syncope":0,
"temptation":0,
"release":0,
"reduce_mp":0.000
},
{
"id":1124,
"skill_name":"嗜血狂暴（培元）",
"up_item":"519|9000",
"up_number":"10|6",
"soul":80000,
"info":"增加暴击和吸血加成效果2%，减少冷却时间。",
"mp":448,
"cooldown":480,
"onlyhurt":15,
"invincible":0,
"atk_rate":"0",
"ats_rate":"0",
"attackIntervalFrame":"20",
"collisionRange":"50",
"buff_type":"2|3",
"buff_value":"0.07|0.07",
"shift_down":0,
"syncope":0,
"temptation":0,
"release":0,
"reduce_mp":0.000
},
{
"id":1125,
"skill_name":"天狼爆破（培元）",
"up_item":"520|9000",
"up_number":"10|8",
"soul":100000,
"info":"增加技能伤害40%（外功越高加成越多），减少元气消耗。",
"mp":490,
"cooldown":750,
"onlyhurt":50,
"invincible":0,
"atk_rate":"0.6|0.6|1.5|9",
"ats_rate":"0",
"attackIntervalFrame":"4|4|20|9",
"collisionRange":"60|60|50|70",
"buff_type":"0",
"buff_value":"0",
"shift_down":0,
"syncope":0,
"temptation":0,
"release":0,
"reduce_mp":0.000
},
{
"id":1131,
"skill_name":"敲山震虎（精进）",
"up_item":"526|9000",
"up_number":"15|6",
"soul":90000,
"info":"增加技能伤害60%（内功越高加成越多），减少冷却时间。",
"mp":120,
"cooldown":90,
"onlyhurt":12,
"invincible":0,
"atk_rate":"0",
"ats_rate":"3.5",
"attackIntervalFrame":"12",
"collisionRange":"60",
"buff_type":"0",
"buff_value":"0",
"shift_down":0,
"syncope":0,
"temptation":0,
"release":0,
"reduce_mp":0.000
},
{
"id":1132,
"skill_name":"狼拳风牙（精进）",
"up_item":"527|9000",
"up_number":"15|6",
"soul":90000,
"info":"增加技能伤害60%（外功越高加成越多），减少元气消耗。",
"mp":180,
"cooldown":130,
"onlyhurt":14,
"invincible":0,
"atk_rate":"0|4.725",
"ats_rate":"0",
"attackIntervalFrame":"9|5",
"collisionRange":"50|50",
"buff_type":"0",
"buff_value":"0",
"shift_down":0,
"syncope":0,
"temptation":0,
"release":0,
"reduce_mp":0.000
},
{
"id":1133,
"skill_name":"猛虎下山（精进）",
"up_item":"528|9000",
"up_number":"15|6",
"soul":90000,
"info":"增加技能伤害60%（外功越高加成越多），增加技能攻击范围。",
"mp":288,
"cooldown":300,
"onlyhurt":50,
"invincible":0,
"atk_rate":"0|0|0|6.3",
"ats_rate":"0",
"attackIntervalFrame":"20|2|2|12",
"collisionRange":"50|50|50|70",
"buff_type":"0",
"buff_value":"0",
"shift_down":0,
"syncope":0,
"temptation":0,
"release":0,
"reduce_mp":0.000
},
{
"id":1134,
"skill_name":"嗜血狂暴（精进）",
"up_item":"529|9000",
"up_number":"15|9",
"soul":90000,
"info":"增加暴击和吸血加成效果3%，减少元气消耗。",
"mp":384,
"cooldown":480,
"onlyhurt":15,
"invincible":0,
"atk_rate":"0",
"ats_rate":"0",
"attackIntervalFrame":"20",
"collisionRange":"50",
"buff_type":"2|3",
"buff_value":"0.08|0.08",
"shift_down":0,
"syncope":0,
"temptation":0,
"release":0,
"reduce_mp":0.000
},
{
"id":1135,
"skill_name":"天狼爆破（精进）",
"up_item":"530|9000",
"up_number":"15|12",
"soul":120000,
"info":"增加技能伤害60%（外功越高加成越多），增加技能攻击范围。",
"mp":588,
"cooldown":750,
"onlyhurt":50,
"invincible":0,
"atk_rate":"0.7|0.7|1.75|10.5",
"ats_rate":"0",
"attackIntervalFrame":"4|4|20|9",
"collisionRange":"70|70|60|80",
"buff_type":"0",
"buff_value":"0",
"shift_down":0,
"syncope":0,
"temptation":0,
"release":0,
"reduce_mp":0.000
},
{
"id":1141,
"skill_name":"敲山震虎（突破）",
"up_item":"536|9000",
"up_number":"20|8",
"soul":150000,
"info":"增加技能伤害80%（内功越高加成越多），技能击中时会对敌人造成晕厥效果。",
"mp":140,
"cooldown":90,
"onlyhurt":12,
"invincible":0,
"atk_rate":"0",
"ats_rate":"4",
"attackIntervalFrame":"12",
"collisionRange":"60",
"buff_type":"0",
"buff_value":"0",
"shift_down":0,
"syncope":1,
"temptation":0,
"release":0,
"reduce_mp":0.000
},
{
"id":1142,
"skill_name":"狼拳风牙（突破）",
"up_item":"537|9000",
"up_number":"20|8",
"soul":120000,
"info":"增加技能伤害80%（外功越高加成越多），技能击中时会对敌人造成元气损毁效果。",
"mp":210,
"cooldown":130,
"onlyhurt":14,
"invincible":0,
"atk_rate":"0|5.4",
"ats_rate":"0",
"attackIntervalFrame":"9|5",
"collisionRange":"50|50",
"buff_type":"0",
"buff_value":"0",
"shift_down":0,
"syncope":0,
"temptation":0,
"release":0,
"reduce_mp":0.100
},
{
"id":1143,
"skill_name":"猛虎下山（突破）",
"up_item":"538|9000",
"up_number":"20|8",
"soul":120000,
"info":"增加技能伤害80%（外功越高加成越多），技能击中时会对敌人造成减速效果。",
"mp":336,
"cooldown":300,
"onlyhurt":50,
"invincible":0,
"atk_rate":"0|0|0|7.2",
"ats_rate":"0",
"attackIntervalFrame":"20|2|2|12",
"collisionRange":"50|50|50|70",
"buff_type":"0",
"buff_value":"0",
"shift_down":1,
"syncope":0,
"temptation":0,
"release":0,
"reduce_mp":0.000
},
{
"id":1144,
"skill_name":"嗜血狂暴（突破）",
"up_item":"539|9000",
"up_number":"20|12",
"soul":120000,
"info":"增加暴击和吸血加成效果4%，增加持续时间。",
"mp":448,
"cooldown":480,
"onlyhurt":15,
"invincible":0,
"atk_rate":"0",
"ats_rate":"0",
"attackIntervalFrame":"20",
"collisionRange":"50",
"buff_type":"2|3",
"buff_value":"0.09|0.09",
"shift_down":0,
"syncope":0,
"temptation":0,
"release":0,
"reduce_mp":0.000
},
{
"id":1145,
"skill_name":"天狼爆破（突破）",
"up_item":"540|9000",
"up_number":"25|16",
"soul":200000,
"info":"增加技能伤害80%（外功越高加成越多），可以像爆气一样随时释放技能。",
"mp":686,
"cooldown":750,
"onlyhurt":50,
"invincible":0,
"atk_rate":"0.8|0.8|2|12",
"ats_rate":"0",
"attackIntervalFrame":"4|4|20|9",
"collisionRange":"70|70|60|80",
"buff_type":"0",
"buff_value":"0",
"shift_down":0,
"syncope":0,
"temptation":0,
"release":1,
"reduce_mp":0.000
},
{
"id":1151,
"skill_name":"敲山震虎（大成）",
"up_item":"546|9000",
"up_number":"25|10",
"soul":150000,
"info":"增加技能伤害100%（内功越高加成越多），释放技能的时候无敌。",
"mp":160,
"cooldown":90,
"onlyhurt":12,
"invincible":12,
"atk_rate":"0",
"ats_rate":"4.5",
"attackIntervalFrame":"12",
"collisionRange":"60",
"buff_type":"0",
"buff_value":"0",
"shift_down":0,
"syncope":1,
"temptation":0,
"release":0,
"reduce_mp":0.000
},
{
"id":1152,
"skill_name":"狼拳风牙（大成）",
"up_item":"547|9000",
"up_number":"25|10",
"soul":150000,
"info":"增加技能伤害100%（外功越高加成越多），增加技能攻击范围。",
"mp":240,
"cooldown":130,
"onlyhurt":14,
"invincible":0,
"atk_rate":"0|6.075",
"ats_rate":"0",
"attackIntervalFrame":"9|5",
"collisionRange":"60|60",
"buff_type":"0",
"buff_value":"0",
"shift_down":0,
"syncope":0,
"temptation":0,
"release":0,
"reduce_mp":0.100
},
{
"id":1153,
"skill_name":"猛虎下山（大成）",
"up_item":"548|9000",
"up_number":"25|10",
"soul":150000,
"info":"增加技能伤害100%（外功越高加成越多），减少冷却时间。",
"mp":384,
"cooldown":240,
"onlyhurt":50,
"invincible":0,
"atk_rate":"0|0|0|8.1",
"ats_rate":"0",
"attackIntervalFrame":"20|2|2|12",
"collisionRange":"50|50|50|70",
"buff_type":"0",
"buff_value":"0",
"shift_down":1,
"syncope":0,
"temptation":0,
"release":0,
"reduce_mp":0.000
},
{
"id":1154,
"skill_name":"嗜血狂暴（大成）",
"up_item":"549|9000",
"up_number":"25|15",
"soul":200000,
"info":"增加暴击和吸血加成效果5%，减少冷却时间。",
"mp":512,
"cooldown":420,
"onlyhurt":15,
"invincible":0,
"atk_rate":"0",
"ats_rate":"0",
"attackIntervalFrame":"20",
"collisionRange":"50",
"buff_type":"2|3",
"buff_value":"0.1|0.1",
"shift_down":0,
"syncope":0,
"temptation":0,
"release":0,
"reduce_mp":0.000
},
{
"id":1155,
"skill_name":"天狼爆破（大成）",
"up_item":"550|9000",
"up_number":"25|20",
"soul":250000,
"info":"增加技能伤害100%（外功越高加成越多），减少冷却时间。",
"mp":784,
"cooldown":600,
"onlyhurt":50,
"invincible":0,
"atk_rate":"0.9|0.9|2.25|13.5",
"ats_rate":"0",
"attackIntervalFrame":"4|4|20|9",
"collisionRange":"70|70|60|80",
"buff_type":"0",
"buff_value":"0",
"shift_down":0,
"syncope":0,
"temptation":0,
"release":1,
"reduce_mp":0.000
},
{
"id":2011,
"skill_name":"龙渊护身（固本）",
"up_item":"601|9000",
"up_number":"5|2",
"soul":30000,
"info":"增加召唤的每把剑的伤害20%（外功越高加成越多），增加霸体效果使技能释放不会被打断。",
"mp":156,
"cooldown":130,
"onlyhurt":14,
"invincible":0,
"atk_rate":"1.25",
"ats_rate":"0",
"attackIntervalFrame":"35",
"collisionRange":"50",
"buff_type":"0",
"buff_value":"0",
"shift_down":0,
"syncope":0,
"temptation":0,
"release":0,
"reduce_mp":0.000
},
{
"id":2012,
"skill_name":"泰阿飞溅（固本）",
"up_item":"602|9000",
"up_number":"5|2",
"soul":30000,
"info":"增加技能伤害20%（内功越高加成越多），减少冷却时间。",
"mp":228,
"cooldown":130,
"onlyhurt":0,
"invincible":0,
"atk_rate":"0",
"ats_rate":"1.5",
"attackIntervalFrame":"18",
"collisionRange":"50",
"buff_type":"0",
"buff_value":"0",
"shift_down":0,
"syncope":0,
"temptation":0,
"release":0,
"reduce_mp":0.000
},
{
"id":2013,
"skill_name":"赤霄贯通（固本）",
"up_item":"603|9000",
"up_number":"5|2",
"soul":30000,
"info":"增加技能伤害20%（内功越高加成越多），增加霸体效果使技能释放不会被打断。",
"mp":420,
"cooldown":240,
"onlyhurt":12,
"invincible":0,
"atk_rate":"0",
"ats_rate":"4.5",
"attackIntervalFrame":"24",
"collisionRange":"45",
"buff_type":"0",
"buff_value":"0",
"shift_down":0,
"syncope":0,
"temptation":0,
"release":0,
"reduce_mp":0.000
},
{
"id":2014,
"skill_name":"湛卢破天（固本）",
"up_item":"604|9000",
"up_number":"5|3",
"soul":40000,
"info":"增加技能伤害20%（外功越高加成越多），减少冷却时间。",
"mp":552,
"cooldown":330,
"onlyhurt":30,
"invincible":0,
"atk_rate":"0|5.5",
"ats_rate":"0",
"attackIntervalFrame":"22|31",
"collisionRange":"50|65",
"buff_type":"0",
"buff_value":"0",
"shift_down":0,
"syncope":0,
"temptation":0,
"release":0,
"reduce_mp":0.000
},
{
"id":2015,
"skill_name":"轩辕创世（固本）",
"up_item":"605|9000",
"up_number":"5|4",
"soul":50000,
"info":"增加技能伤害20%（内功越高加成越多），减少冷却时间。",
"mp":900,
"cooldown":750,
"onlyhurt":90,
"invincible":0,
"atk_rate":"0",
"ats_rate":"0|0|0.5",
"attackIntervalFrame":"78|6|14",
"collisionRange":"50|50|40",
"buff_type":"0",
"buff_value":"0",
"shift_down":0,
"syncope":0,
"temptation":0,
"release":0,
"reduce_mp":0.000
},
{
"id":2021,
"skill_name":"龙渊护身（培元）",
"up_item":"611|9000",
"up_number":"10|4",
"soul":60000,
"info":"增加召唤的每把剑的伤害40%（外功越高加成越多），减少冷却时间。",
"mp":182,
"cooldown":110,
"onlyhurt":14,
"invincible":0,
"atk_rate":"1.5",
"ats_rate":"0",
"attackIntervalFrame":"35",
"collisionRange":"50",
"buff_type":"0",
"buff_value":"0",
"shift_down":0,
"syncope":0,
"temptation":0,
"release":0,
"reduce_mp":0.000
},
{
"id":2022,
"skill_name":"泰阿飞溅（培元）",
"up_item":"612|9000",
"up_number":"10|4",
"soul":60000,
"info":"增加技能伤害40%（内功越高加成越多），增加霸体效果使技能释放不会被打断。",
"mp":266,
"cooldown":130,
"onlyhurt":36,
"invincible":0,
"atk_rate":"0",
"ats_rate":"1.8",
"attackIntervalFrame":"18",
"collisionRange":"50",
"buff_type":"0",
"buff_value":"0",
"shift_down":0,
"syncope":0,
"temptation":0,
"release":0,
"reduce_mp":0.000
},
{
"id":2023,
"skill_name":"赤霄贯通（培元）",
"up_item":"613|9000",
"up_number":"10|4",
"soul":60000,
"info":"增加技能伤害40%（内功越高加成越多），减少冷却时间。",
"mp":490,
"cooldown":210,
"onlyhurt":12,
"invincible":0,
"atk_rate":"0",
"ats_rate":"5.4",
"attackIntervalFrame":"24",
"collisionRange":"45",
"buff_type":"0",
"buff_value":"0",
"shift_down":0,
"syncope":0,
"temptation":0,
"release":0,
"reduce_mp":0.000
},
{
"id":2024,
"skill_name":"湛卢破天（培元）",
"up_item":"614|9000",
"up_number":"10|6",
"soul":80000,
"info":"增加技能伤害40%（外功越高加成越多），减少元气消耗。",
"mp":460,
"cooldown":330,
"onlyhurt":30,
"invincible":0,
"atk_rate":"0|6.6",
"ats_rate":"0",
"attackIntervalFrame":"22|31",
"collisionRange":"50|65",
"buff_type":"0",
"buff_value":"0",
"shift_down":0,
"syncope":0,
"temptation":0,
"release":0,
"reduce_mp":0.000
},
{
"id":2025,
"skill_name":"轩辕创世（培元）",
"up_item":"615|9000",
"up_number":"10|8",
"soul":100000,
"info":"增加技能伤害40%（内功越高加成越多），减少元气消耗。",
"mp":750,
"cooldown":750,
"onlyhurt":90,
"invincible":0,
"atk_rate":"0",
"ats_rate":"0|0|0.6",
"attackIntervalFrame":"78|6|14",
"collisionRange":"50|50|40",
"buff_type":"0",
"buff_value":"0",
"shift_down":0,
"syncope":0,
"temptation":0,
"release":0,
"reduce_mp":0.000
},
{
"id":2031,
"skill_name":"龙渊护身（精进）",
"up_item":"621|9000",
"up_number":"15|6",
"soul":90000,
"info":"增加召唤的每把剑的伤害60%（外功越高加成越多），减少元气消耗。",
"mp":156,
"cooldown":110,
"onlyhurt":14,
"invincible":0,
"atk_rate":"1.75",
"ats_rate":"0",
"attackIntervalFrame":"35",
"collisionRange":"50",
"buff_type":"0",
"buff_value":"0",
"shift_down":0,
"syncope":0,
"temptation":0,
"release":0,
"reduce_mp":0.000
},
{
"id":2032,
"skill_name":"泰阿飞溅（精进）",
"up_item":"622|9000",
"up_number":"15|6",
"soul":90000,
"info":"增加技能伤害60%（内功越高加成越多），减少元气消耗。",
"mp":228,
"cooldown":130,
"onlyhurt":36,
"invincible":0,
"atk_rate":"0",
"ats_rate":"2.1",
"attackIntervalFrame":"18",
"collisionRange":"50",
"buff_type":"0",
"buff_value":"0",
"shift_down":0,
"syncope":0,
"temptation":0,
"release":0,
"reduce_mp":0.000
},
{
"id":2033,
"skill_name":"赤霄贯通（精进）",
"up_item":"623|9000",
"up_number":"15|6",
"soul":90000,
"info":"增加技能伤害60%（内功越高加成越多），减少元气消耗。",
"mp":420,
"cooldown":210,
"onlyhurt":12,
"invincible":0,
"atk_rate":"0",
"ats_rate":"6.3",
"attackIntervalFrame":"24",
"collisionRange":"45",
"buff_type":"0",
"buff_value":"0",
"shift_down":0,
"syncope":0,
"temptation":0,
"release":0,
"reduce_mp":0.000
},
{
"id":2034,
"skill_name":"湛卢破天（精进）",
"up_item":"624|9000",
"up_number":"15|9",
"soul":90000,
"info":"增加技能伤害60%（外功越高加成越多），增加技能攻击范围。",
"mp":552,
"cooldown":330,
"onlyhurt":30,
"invincible":0,
"atk_rate":"0|7.7",
"ats_rate":"0",
"attackIntervalFrame":"22|31",
"collisionRange":"50|75",
"buff_type":"0",
"buff_value":"0",
"shift_down":0,
"syncope":0,
"temptation":0,
"release":0,
"reduce_mp":0.000
},
{
"id":2035,
"skill_name":"轩辕创世（精进）",
"up_item":"625|9000",
"up_number":"15|12",
"soul":120000,
"info":"增加技能伤害60%（内功越高加成越多），增加技能攻击范围。",
"mp":900,
"cooldown":750,
"onlyhurt":90,
"invincible":0,
"atk_rate":"0",
"ats_rate":"0|0|0.7",
"attackIntervalFrame":"78|6|14",
"collisionRange":"50|50|50",
"buff_type":"0",
"buff_value":"0",
"shift_down":0,
"syncope":0,
"temptation":0,
"release":0,
"reduce_mp":0.000
},
{
"id":2041,
"skill_name":"龙渊护身（突破）",
"up_item":"631|9000",
"up_number":"20|8",
"soul":150000,
"info":"增加召唤的每把剑的伤害80%（外功越高加成越多），每把剑击中时会对敌人造成元气损毁效果。",
"mp":182,
"cooldown":110,
"onlyhurt":14,
"invincible":0,
"atk_rate":"2",
"ats_rate":"0",
"attackIntervalFrame":"35",
"collisionRange":"50",
"buff_type":"0",
"buff_value":"0",
"shift_down":0,
"syncope":0,
"temptation":0,
"release":0,
"reduce_mp":0.100
},
{
"id":2042,
"skill_name":"泰阿飞溅（突破）",
"up_item":"632|9000",
"up_number":"20|8",
"soul":120000,
"info":"增加技能伤害80%（内功越高加成越多），技能击中时会对敌人造成晕厥效果。",
"mp":266,
"cooldown":130,
"onlyhurt":36,
"invincible":0,
"atk_rate":"0",
"ats_rate":"2.4",
"attackIntervalFrame":"18",
"collisionRange":"50",
"buff_type":"0",
"buff_value":"0",
"shift_down":0,
"syncope":1,
"temptation":0,
"release":0,
"reduce_mp":0.000
},
{
"id":2043,
"skill_name":"赤霄贯通（突破）",
"up_item":"633|9000",
"up_number":"20|8",
"soul":120000,
"info":"增加技能伤害80%（内功越高加成越多），可以像爆气一样随时释放技能。",
"mp":490,
"cooldown":210,
"onlyhurt":12,
"invincible":0,
"atk_rate":"0",
"ats_rate":"7.2",
"attackIntervalFrame":"24",
"collisionRange":"45",
"buff_type":"0",
"buff_value":"0",
"shift_down":0,
"syncope":0,
"temptation":0,
"release":1,
"reduce_mp":0.000
},
{
"id":2044,
"skill_name":"湛卢破天（突破）",
"up_item":"634|9000",
"up_number":"20|12",
"soul":120000,
"info":"增加技能伤害80%（外功越高加成越多），技能击中时会对敌人造成晕厥效果。",
"mp":644,
"cooldown":330,
"onlyhurt":30,
"invincible":0,
"atk_rate":"0|8.8",
"ats_rate":"0",
"attackIntervalFrame":"22|31",
"collisionRange":"50|75",
"buff_type":"0",
"buff_value":"0",
"shift_down":0,
"syncope":1,
"temptation":0,
"release":0,
"reduce_mp":0.000
},
{
"id":2045,
"skill_name":"轩辕创世（突破）",
"up_item":"635|9000",
"up_number":"25|16",
"soul":200000,
"info":"增加技能伤害80%（内功越高加成越多），技能击中时会对敌人造成减速效果。",
"mp":1050,
"cooldown":750,
"onlyhurt":90,
"invincible":0,
"atk_rate":"0",
"ats_rate":"0|0|0.8",
"attackIntervalFrame":"78|6|14",
"collisionRange":"50|50|50",
"buff_type":"0",
"buff_value":"0",
"shift_down":1,
"syncope":0,
"temptation":0,
"release":0,
"reduce_mp":0.000
},
{
"id":2051,
"skill_name":"龙渊护身（大成）",
"up_item":"641|9000",
"up_number":"25|10",
"soul":150000,
"info":"增加召唤的每把剑的伤害100%（外功越高加成越多），并增加每把剑的攻击范围。",
"mp":208,
"cooldown":110,
"onlyhurt":14,
"invincible":0,
"atk_rate":"2.25",
"ats_rate":"0",
"attackIntervalFrame":"35",
"collisionRange":"50",
"buff_type":"0",
"buff_value":"0",
"shift_down":0,
"syncope":0,
"temptation":0,
"release":0,
"reduce_mp":0.100
},
{
"id":2052,
"skill_name":"泰阿飞溅（大成）",
"up_item":"642|9000",
"up_number":"25|10",
"soul":150000,
"info":"增加技能伤害100%（内功越高加成越多），增加技能的伤害次数。",
"mp":304,
"cooldown":130,
"onlyhurt":36,
"invincible":0,
"atk_rate":"0",
"ats_rate":"2.7",
"attackIntervalFrame":"9",
"collisionRange":"50",
"buff_type":"0",
"buff_value":"0",
"shift_down":0,
"syncope":1,
"temptation":0,
"release":0,
"reduce_mp":0.000
},
{
"id":2053,
"skill_name":"赤霄贯通（大成）",
"up_item":"643|9000",
"up_number":"25|10",
"soul":150000,
"info":"增加技能伤害100%（内功越高加成越多），减少冷却时间。",
"mp":560,
"cooldown":180,
"onlyhurt":12,
"invincible":0,
"atk_rate":"0",
"ats_rate":"8.1",
"attackIntervalFrame":"24",
"collisionRange":"45",
"buff_type":"0",
"buff_value":"0",
"shift_down":0,
"syncope":0,
"temptation":0,
"release":1,
"reduce_mp":0.000
},
{
"id":2054,
"skill_name":"湛卢破天（大成）",
"up_item":"644|9000",
"up_number":"25|15",
"soul":200000,
"info":"增加技能伤害100%（外功越高加成越多），减少冷却时间。",
"mp":736,
"cooldown":270,
"onlyhurt":30,
"invincible":0,
"atk_rate":"0|9.9",
"ats_rate":"0",
"attackIntervalFrame":"22|31",
"collisionRange":"50|75",
"buff_type":"0",
"buff_value":"0",
"shift_down":0,
"syncope":1,
"temptation":0,
"release":0,
"reduce_mp":0.000
},
{
"id":2055,
"skill_name":"轩辕创世（大成）",
"up_item":"645|9000",
"up_number":"25|20",
"soul":250000,
"info":"增加技能伤害100%（内功越高加成越多），减少冷却时间。",
"mp":1200,
"cooldown":600,
"onlyhurt":90,
"invincible":0,
"atk_rate":"0",
"ats_rate":"0|0|0.9",
"attackIntervalFrame":"78|6|14",
"collisionRange":"50|50|50",
"buff_type":"0",
"buff_value":"0",
"shift_down":1,
"syncope":0,
"temptation":0,
"release":0,
"reduce_mp":0.000
},
{
"id":2111,
"skill_name":"迷踪影步（固本）",
"up_item":"606|9000",
"up_number":"5|2",
"soul":30000,
"info":"增加移动速度7%和闪避2%的加成，减少冷却时间。",
"mp":168,
"cooldown":480,
"onlyhurt":6,
"invincible":0,
"atk_rate":"0",
"ats_rate":"0",
"attackIntervalFrame":"20",
"collisionRange":"50",
"buff_type":"4|5",
"buff_value":"0.42|0.22",
"shift_down":0,
"syncope":0,
"temptation":0,
"release":0,
"reduce_mp":0.000
},
{
"id":2112,
"skill_name":"玄冥罗印（固本）",
"up_item":"607|9000",
"up_number":"5|2",
"soul":30000,
"info":"增加技能伤害20%（内功越高加成越多），减少冷却时间。",
"mp":216,
"cooldown":130,
"onlyhurt":0,
"invincible":0,
"atk_rate":"0",
"ats_rate":"0|3.5",
"attackIntervalFrame":"900|10",
"collisionRange":"50|60",
"buff_type":"0",
"buff_value":"0",
"shift_down":0,
"syncope":0,
"temptation":0,
"release":0,
"reduce_mp":0.000
},
{
"id":2113,
"skill_name":"乾坤一指（固本）",
"up_item":"608|9000",
"up_number":"5|2",
"soul":30000,
"info":"增加技能伤害20%（内功越高加成越多），减少冷却时间。",
"mp":384,
"cooldown":210,
"onlyhurt":0,
"invincible":0,
"atk_rate":"0",
"ats_rate":"0|1",
"attackIntervalFrame":"15|3",
"collisionRange":"50|50",
"buff_type":"0",
"buff_value":"0",
"shift_down":0,
"syncope":0,
"temptation":0,
"release":0,
"reduce_mp":0.000
},
{
"id":2114,
"skill_name":"皓月连环（固本）",
"up_item":"609|9000",
"up_number":"5|3",
"soul":40000,
"info":"增加技能伤害20%（外功越高加成越多），减少冷却时间。",
"mp":564,
"cooldown":300,
"onlyhurt":30,
"invincible":0,
"atk_rate":"0.9375",
"ats_rate":"0",
"attackIntervalFrame":"8",
"collisionRange":"60",
"buff_type":"0",
"buff_value":"0",
"shift_down":0,
"syncope":0,
"temptation":0,
"release":0,
"reduce_mp":0.000
},
{
"id":2115,
"skill_name":"逍遥我行（固本）",
"up_item":"610|9000",
"up_number":"5|4",
"soul":50000,
"info":"增加攻击附带的内功加成10%，增加霸体效果使技能释放不会被打断。",
"mp":924,
"cooldown":900,
"onlyhurt":18,
"invincible":0,
"atk_rate":"0",
"ats_rate":"0",
"attackIntervalFrame":"20",
"collisionRange":"50",
"buff_type":"6|7",
"buff_value":"0.6|0.005",
"shift_down":0,
"syncope":0,
"temptation":0,
"release":0,
"reduce_mp":0.000
},
{
"id":2121,
"skill_name":"迷踪影步（培元）",
"up_item":"616|9000",
"up_number":"10|4",
"soul":60000,
"info":"增加移动速度14%和闪避4%的加成，减少元气消耗。",
"mp":140,
"cooldown":480,
"onlyhurt":6,
"invincible":0,
"atk_rate":"0",
"ats_rate":"0",
"attackIntervalFrame":"20",
"collisionRange":"50",
"buff_type":"4|5",
"buff_value":"0.49|0.24",
"shift_down":0,
"syncope":0,
"temptation":0,
"release":0,
"reduce_mp":0.000
},
{
"id":2122,
"skill_name":"玄冥罗印（培元）",
"up_item":"617|9000",
"up_number":"10|4",
"soul":60000,
"info":"增加技能伤害40%（内功越高加成越多），减少元气消耗。",
"mp":180,
"cooldown":130,
"onlyhurt":0,
"invincible":0,
"atk_rate":"0",
"ats_rate":"0|4.2",
"attackIntervalFrame":"900|10",
"collisionRange":"50|60",
"buff_type":"0",
"buff_value":"0",
"shift_down":0,
"syncope":0,
"temptation":0,
"release":0,
"reduce_mp":0.000
},
{
"id":2123,
"skill_name":"乾坤一指（培元）",
"up_item":"618|9000",
"up_number":"10|4",
"soul":60000,
"info":"增加技能伤害40%（内功越高加成越多），减少元气消耗。",
"mp":320,
"cooldown":210,
"onlyhurt":0,
"invincible":0,
"atk_rate":"0",
"ats_rate":"0|1.2",
"attackIntervalFrame":"15|3",
"collisionRange":"50|50",
"buff_type":"0",
"buff_value":"0",
"shift_down":0,
"syncope":0,
"temptation":0,
"release":0,
"reduce_mp":0.000
},
{
"id":2124,
"skill_name":"皓月连环（培元）",
"up_item":"619|9000",
"up_number":"10|6",
"soul":80000,
"info":"增加技能伤害40%（外功越高加成越多），减少元气消耗。",
"mp":470,
"cooldown":300,
"onlyhurt":30,
"invincible":0,
"atk_rate":"1.125",
"ats_rate":"0",
"attackIntervalFrame":"8",
"collisionRange":"60",
"buff_type":"0",
"buff_value":"0",
"shift_down":0,
"syncope":0,
"temptation":0,
"release":0,
"reduce_mp":0.000
},
{
"id":2125,
"skill_name":"逍遥我行（培元）",
"up_item":"620|9000",
"up_number":"10|8",
"soul":100000,
"info":"增加攻击附带的内功加成20%，减少冷却时间。",
"mp":1078,
"cooldown":750,
"onlyhurt":18,
"invincible":0,
"atk_rate":"0",
"ats_rate":"0",
"attackIntervalFrame":"20",
"collisionRange":"50",
"buff_type":"6|7",
"buff_value":"0.7|0.005",
"shift_down":0,
"syncope":0,
"temptation":0,
"release":0,
"reduce_mp":0.000
},
{
"id":2131,
"skill_name":"迷踪影步（精进）",
"up_item":"626|9000",
"up_number":"15|6",
"soul":90000,
"info":"增加移动速度21%和闪避6%的加成，可以像爆气一样随时释放技能。",
"mp":168,
"cooldown":480,
"onlyhurt":6,
"invincible":0,
"atk_rate":"0",
"ats_rate":"0",
"attackIntervalFrame":"20",
"collisionRange":"50",
"buff_type":"4|5",
"buff_value":"0.56|0.26",
"shift_down":0,
"syncope":0,
"temptation":0,
"release":1,
"reduce_mp":0.000
},
{
"id":2132,
"skill_name":"玄冥罗印（精进）",
"up_item":"627|9000",
"up_number":"15|6",
"soul":90000,
"info":"增加技能伤害60%（内功越高加成越多），可以像爆气一样随时释放技能。",
"mp":216,
"cooldown":130,
"onlyhurt":0,
"invincible":0,
"atk_rate":"0",
"ats_rate":"0|4.9",
"attackIntervalFrame":"900|10",
"collisionRange":"50|60",
"buff_type":"0",
"buff_value":"0",
"shift_down":0,
"syncope":0,
"temptation":0,
"release":1,
"reduce_mp":0.000
},
{
"id":2133,
"skill_name":"乾坤一指（精进）",
"up_item":"628|9000",
"up_number":"15|6",
"soul":90000,
"info":"增加技能伤害60%（内功越高加成越多），增加技能攻击范围。",
"mp":384,
"cooldown":210,
"onlyhurt":0,
"invincible":0,
"atk_rate":"0",
"ats_rate":"0|1.4",
"attackIntervalFrame":"15|3",
"collisionRange":"50|60",
"buff_type":"0",
"buff_value":"0",
"shift_down":0,
"syncope":0,
"temptation":0,
"release":0,
"reduce_mp":0.000
},
{
"id":2134,
"skill_name":"皓月连环（精进）",
"up_item":"629|9000",
"up_number":"15|9",
"soul":90000,
"info":"增加技能伤害60%（外功越高加成越多），技能击中时会对敌人造成减速效果。",
"mp":564,
"cooldown":300,
"onlyhurt":30,
"invincible":0,
"atk_rate":"1.3125",
"ats_rate":"0",
"attackIntervalFrame":"8",
"collisionRange":"60",
"buff_type":"0",
"buff_value":"0",
"shift_down":1,
"syncope":0,
"temptation":0,
"release":0,
"reduce_mp":0.000
},
{
"id":2135,
"skill_name":"逍遥我行（精进）",
"up_item":"630|9000",
"up_number":"15|12",
"soul":120000,
"info":"增加攻击附带的内功加成30%，减少元气消耗。",
"mp":924,
"cooldown":750,
"onlyhurt":18,
"invincible":0,
"atk_rate":"0",
"ats_rate":"0",
"attackIntervalFrame":"20",
"collisionRange":"50",
"buff_type":"6|7",
"buff_value":"0.8|0.005",
"shift_down":0,
"syncope":0,
"temptation":0,
"release":0,
"reduce_mp":0.000
},
{
"id":2141,
"skill_name":"迷踪影步（突破）",
"up_item":"636|9000",
"up_number":"20|8",
"soul":150000,
"info":"增加移动速度28%和闪避8%的加成，减少冷却时间。",
"mp":196,
"cooldown":420,
"onlyhurt":6,
"invincible":0,
"atk_rate":"0",
"ats_rate":"0",
"attackIntervalFrame":"20",
"collisionRange":"50",
"buff_type":"4|5",
"buff_value":"0.63|0.28",
"shift_down":0,
"syncope":0,
"temptation":0,
"release":1,
"reduce_mp":0.000
},
{
"id":2142,
"skill_name":"玄冥罗印（突破）",
"up_item":"637|9000",
"up_number":"20|8",
"soul":120000,
"info":"增加技能伤害80%（内功越高加成越多），增加技能伤害次数。",
"mp":252,
"cooldown":130,
"onlyhurt":0,
"invincible":0,
"atk_rate":"0",
"ats_rate":"0|5.6",
"attackIntervalFrame":"900|5",
"collisionRange":"50|60",
"buff_type":"0",
"buff_value":"0",
"shift_down":0,
"syncope":0,
"temptation":0,
"release":1,
"reduce_mp":0.000
},
{
"id":2143,
"skill_name":"乾坤一指（突破）",
"up_item":"638|9000",
"up_number":"20|8",
"soul":120000,
"info":"增加技能伤害80%（内功越高加成越多），技能击中时会对敌人造成晕厥效果。",
"mp":448,
"cooldown":210,
"onlyhurt":0,
"invincible":0,
"atk_rate":"0",
"ats_rate":"0|1.6",
"attackIntervalFrame":"15|3",
"collisionRange":"50|60",
"buff_type":"0",
"buff_value":"0",
"shift_down":0,
"syncope":1,
"temptation":0,
"release":0,
"reduce_mp":0.000
},
{
"id":2144,
"skill_name":"皓月连环（突破）",
"up_item":"639|9000",
"up_number":"20|12",
"soul":120000,
"info":"增加技能伤害80%（外功越高加成越多），释放技能的时候无敌。",
"mp":658,
"cooldown":300,
"onlyhurt":30,
"invincible":30,
"atk_rate":"1.5",
"ats_rate":"0",
"attackIntervalFrame":"8",
"collisionRange":"60",
"buff_type":"0",
"buff_value":"0",
"shift_down":1,
"syncope":0,
"temptation":0,
"release":0,
"reduce_mp":0.000
},
{
"id":2145,
"skill_name":"逍遥我行（突破）",
"up_item":"640|9000",
"up_number":"25|16",
"soul":200000,
"info":"增加攻击附带的内功加成40%，增加元气损毁效果。",
"mp":1078,
"cooldown":750,
"onlyhurt":18,
"invincible":0,
"atk_rate":"0",
"ats_rate":"0",
"attackIntervalFrame":"20",
"collisionRange":"50",
"buff_type":"6|7",
"buff_value":"0.9|0.005",
"shift_down":0,
"syncope":0,
"temptation":0,
"release":0,
"reduce_mp":0.000
},
{
"id":2151,
"skill_name":"迷踪影步（大成）",
"up_item":"646|9000",
"up_number":"25|10",
"soul":150000,
"info":"增加移动速度35%和闪避10%的加成，释放技能的时候无敌。",
"mp":224,
"cooldown":420,
"onlyhurt":6,
"invincible":6,
"atk_rate":"0",
"ats_rate":"0",
"attackIntervalFrame":"20",
"collisionRange":"50",
"buff_type":"4|5",
"buff_value":"0.7|0.3",
"shift_down":0,
"syncope":0,
"temptation":0,
"release":1,
"reduce_mp":0.000
},
{
"id":2152,
"skill_name":"玄冥罗印（大成）",
"up_item":"647|9000",
"up_number":"25|10",
"soul":150000,
"info":"增加技能伤害100%（内功越高加成越多），减少冷却时间。",
"mp":288,
"cooldown":110,
"onlyhurt":0,
"invincible":0,
"atk_rate":"0",
"ats_rate":"0|6.3",
"attackIntervalFrame":"900|5",
"collisionRange":"50|60",
"buff_type":"0",
"buff_value":"0",
"shift_down":0,
"syncope":0,
"temptation":0,
"release":1,
"reduce_mp":0.000
},
{
"id":2153,
"skill_name":"乾坤一指（大成）",
"up_item":"648|9000",
"up_number":"25|10",
"soul":150000,
"info":"增加技能伤害100%（内功越高加成越多），减少冷却时间。",
"mp":512,
"cooldown":180,
"onlyhurt":0,
"invincible":0,
"atk_rate":"0",
"ats_rate":"0|1.8",
"attackIntervalFrame":"15|3",
"collisionRange":"50|60",
"buff_type":"0",
"buff_value":"0",
"shift_down":0,
"syncope":1,
"temptation":0,
"release":0,
"reduce_mp":0.000
},
{
"id":2154,
"skill_name":"皓月连环（大成）",
"up_item":"649|9000",
"up_number":"25|15",
"soul":200000,
"info":"增加技能伤害100%（外功越高加成越多），增加技能攻击范围。",
"mp":752,
"cooldown":300,
"onlyhurt":30,
"invincible":0,
"atk_rate":"1.6875",
"ats_rate":"0",
"attackIntervalFrame":"8",
"collisionRange":"70",
"buff_type":"0",
"buff_value":"0",
"shift_down":1,
"syncope":0,
"temptation":0,
"release":0,
"reduce_mp":0.000
},
{
"id":2155,
"skill_name":"逍遥我行（大成）",
"up_item":"650|9000",
"up_number":"25|20",
"soul":250000,
"info":"增加攻击附带的内功加成50%，减少冷却时间。",
"mp":1232,
"cooldown":600,
"onlyhurt":18,
"invincible":0,
"atk_rate":"0",
"ats_rate":"0",
"attackIntervalFrame":"20",
"collisionRange":"50",
"buff_type":"6|7",
"buff_value":"1|0.005",
"shift_down":0,
"syncope":0,
"temptation":0,
"release":0,
"reduce_mp":0.000
}
]
}