{
"RECORDS":[
{
"id":1001,
"character_name":"狂武",
"skill_name":"烈风劫杀",
"mp":90,
"cooldown":100,
"onlyhurt":0,
"invincible":0,
"info":"将前方敌人猛踢向空中，造成外功伤害。（释放技能时受到伤害会被打断）",
"kungfu":"天魔灭劫功",
"soul":1000
},
{
"id":1002,
"character_name":"狂武",
"skill_name":"魔龙戏珠",
"mp":140,
"cooldown":150,
"onlyhurt":0,
"invincible":0,
"info":"发动内功向前方伸出龙爪将前方的敌人抓到面前，造成内功伤害。（释放技能时受到伤害会被打断）",
"kungfu":"天魔灭劫功",
"soul":5000
},
{
"id":1003,
"character_name":"狂武",
"skill_name":"天元突破",
"mp":220,
"cooldown":540,
"onlyhurt":0,
"invincible":0,
"info":"释放后提高自己的伤害15%，持续12秒。（释放技能时受到伤害会被打断）",
"kungfu":"天魔灭劫功",
"soul":10000
},
{
"id":1004,
"character_name":"狂武",
"skill_name":"幻灭百烈",
"mp":340,
"cooldown":360,
"onlyhurt":16,
"invincible":0,
"info":"向前方冲刺，对自己撞到的敌人造成多段外功伤害。",
"kungfu":"天魔灭劫功",
"soul":16000
},
{
"id":1005,
"character_name":"狂武",
"skill_name":"群魔乱舞",
"mp":470,
"cooldown":900,
"onlyhurt":50,
"invincible":0,
"info":"以自身为中心放出群魔笼罩全身，并对范围内的敌人造成大量内功伤害。",
"kungfu":"天魔灭劫功",
"soul":25000
},
{
"id":1101,
"character_name":"狂武",
"skill_name":"敲山震虎",
"mp":100,
"cooldown":110,
"onlyhurt":0,
"invincible":0,
"info":"释放巨大的能量罩将身边的敌人弹飞，造成内功伤害。（释放技能时受到伤害会被打断）",
"kungfu":"伏虎擒狼手",
"soul":1000
},
{
"id":1102,
"character_name":"狂武",
"skill_name":"狼拳风牙",
"mp":150,
"cooldown":160,
"onlyhurt":0,
"invincible":0,
"info":"发动功力吸引身前的敌人，然后一拳将敌人打飞，造成外功伤害。（释放技能时受到伤害会被打断）",
"kungfu":"伏虎擒狼手",
"soul":5000
},
{
"id":1103,
"character_name":"狂武",
"skill_name":"猛虎下山",
"mp":240,
"cooldown":360,
"onlyhurt":50,
"invincible":0,
"info":"前冲并抓住前方的敌人高高跳起，冲向高空然后顺势落下，对敌人造成大量外功伤害。",
"kungfu":"伏虎擒狼手",
"soul":10000
},
{
"id":1104,
"character_name":"狂武",
"skill_name":"嗜血狂暴",
"mp":320,
"cooldown":540,
"onlyhurt":0,
"invincible":0,
"info":"释放后提高自己的暴击和吸血5%，持续12秒。（释放技能时受到伤害会被打断）",
"kungfu":"伏虎擒狼手",
"soul":16000
},
{
"id":1105,
"character_name":"狂武",
"skill_name":"天狼爆破",
"mp":490,
"cooldown":900,
"onlyhurt":50,
"invincible":0,
"info":"发动功力在身前制造一个黑洞，吸引附近的敌人后猛击一拳，将黑洞中的敌人打出造成大量外功伤害。",
"kungfu":"伏虎擒狼手",
"soul":25000
},
{
"id":2001,
"character_name":"逍遥",
"skill_name":"龙渊护身",
"mp":130,
"cooldown":130,
"onlyhurt":0,
"invincible":0,
"info":"发动功力召唤剑气护身，每次攻击时都会射出一道剑气，造成外功伤害。（释放技能时受到伤害会被打断）",
"kungfu":"浩然剑决",
"soul":1000
},
{
"id":2002,
"character_name":"逍遥",
"skill_name":"泰阿飞溅",
"mp":190,
"cooldown":160,
"onlyhurt":0,
"invincible":0,
"info":"连续从地上射出三道向上的剑气，将敌人浮空，造成内功伤害。（释放技能时受到伤害会被打断）",
"kungfu":"浩然剑决",
"soul":5000
},
{
"id":2003,
"character_name":"逍遥",
"skill_name":"赤霄贯通",
"mp":350,
"cooldown":240,
"onlyhurt":0,
"invincible":0,
"info":"快速向前方射出一道剑气，将敌人击倒，造成内功伤害。（释放技能时受到伤害会被打断）",
"kungfu":"浩然剑决",
"soul":10000
},
{
"id":2004,
"character_name":"逍遥",
"skill_name":"湛卢破天",
"mp":460,
"cooldown":390,
"onlyhurt":30,
"invincible":0,
"info":"发动功力巨大剑气从空中劈下，对前方敌人造成大量外功伤害。",
"kungfu":"浩然剑决",
"soul":16000
},
{
"id":2005,
"character_name":"逍遥",
"skill_name":"轩辕创世",
"mp":750,
"cooldown":900,
"onlyhurt":90,
"invincible":0,
"info":"召唤无数剑气如暴风骤雨一般射向前方敌人，对敌人造成大量的内功伤害。",
"kungfu":"浩然剑决",
"soul":25000
},
{
"id":2101,
"character_name":"逍遥",
"skill_name":"迷踪影步",
"mp":140,
"cooldown":540,
"onlyhurt":6,
"invincible":0,
"info":"迷踪一般向前冲刺，并提高自身闪避和移动速度，持续12秒。",
"kungfu":"冥灵神功",
"soul":1000
},
{
"id":2102,
"character_name":"逍遥",
"skill_name":"玄冥罗印",
"mp":180,
"cooldown":150,
"onlyhurt":0,
"invincible":0,
"info":"在原地释放一个玄冥罗印，再次释放逍遥会瞬间移动到罗印上，并且角色原本消失的地方会发生爆炸，造成内功伤害。（释放技能时受到伤害会被打断）",
"kungfu":"冥灵神功",
"soul":5000
},
{
"id":2103,
"character_name":"逍遥",
"skill_name":"乾坤一指",
"mp":320,
"cooldown":240,
"onlyhurt":0,
"invincible":0,
"info":"发动功力在指尖蓄力，向前方射出一道强力光束贯穿全场，造成多段内功伤害。蓄力时间越久伤害越高。（释放技能时受到伤害会被打断）",
"kungfu":"冥灵神功",
"soul":10000
},
{
"id":2104,
"character_name":"逍遥",
"skill_name":"皓月连环",
"mp":470,
"cooldown":360,
"onlyhurt":30,
"invincible":0,
"info":"不断向前方快速挥舞扇子，形成犹如皓月一般的连环斩气，造成大量外功伤害。按键次数越多伤害越高。",
"kungfu":"冥灵神功",
"soul":16000
},
{
"id":2105,
"character_name":"逍遥",
"skill_name":"逍遥我行",
"mp":770,
"cooldown":900,
"onlyhurt":0,
"invincible":0,
"info":"释放后角色每次攻击都会附带一次内功伤害，并且每次攻击都恢复自身的元气，持续12秒。（释放技能时受到伤害会被打断）",
"kungfu":"冥灵神功",
"soul":25000
}
]
}