{
"RECORDS":[
{
"id":1,
"name":"狂武",
"hp_rate":200,
"mp_rate":10,
"atk_rate":7,
"def_rate":3,
"ats_rate":5,
"adf_rate":2
},
{
"id":2,
"name":"逍遥",
"hp_rate":150,
"mp_rate":15,
"atk_rate":5,
"def_rate":2,
"ats_rate":7,
"adf_rate":3
},
{
"id":3,
"name":"摩柯",
"hp_rate":150,
"mp_rate":15,
"atk_rate":7,
"def_rate":2,
"ats_rate":7,
"adf_rate":2
},
{
"id":4,
"name":"琅嬛",
"hp_rate":100,
"mp_rate":20,
"atk_rate":9,
"def_rate":1,
"ats_rate":9,
"adf_rate":1
}
]
}