{
"RECORDS":[
{
"level_id":"1_1",
"Dialogue_1":"是谁！竟然擅闯丐帮的地盘！难道没听说过武林第一大帮的名号么！",
"Dialogue_2":"乌合之众。|呵呵，一群杂鱼卖萌。",
"Dialogue_3":"竟敢在我们丐帮头上撒野！小的们，给我上！"
},
{
"level_id":"1_2",
"Dialogue_1":"今天的天气疯了！我看不清谁是谁……那边的小鬼，再去给我拿坛墨竹陈酿来！",
"Dialogue_2":"……酒鬼。|哼，我看你才是疯了。",
"Dialogue_3":"还不快把酒拿来！真当老子看不见啊……有本事站着别动！看老子砸你个稀巴烂！"
},
{
"level_id":"1_3",
"Dialogue_1":"观少侠之不凡，应是同道中人。文仕者当以笔为刃，怎可动刀动枪？",
"Dialogue_2":"我动的是拳。|唔，本公子怎么看都比你文雅。",
"Dialogue_3":"在下以礼相待，你怎可辱我！是可忍，孰不可忍！汝等皆如此，该死！"
},
{
"level_id":"1_4",
"Dialogue_1":"爷是打鹧鸪的，看你刀剑明晃晃，敢问是哪一路的胡子？当家的是谁?",
"Dialogue_2":"我不是胡子。|啧啧，我到底哪里像强盗了。",
"Dialogue_3":"哦？瞧不起大爷？小的们，挖了这人的招子，送给万恶谷主放风筝去！"
},
{
"level_id":"1_5",
"Dialogue_1":"呱！我化为人形，就是为了保护仙女姊姊呱！宵小之徒，怎总来打扰呱！",
"Dialogue_2":"呱是什么？|仙女姐姐？我一定要见上一面。",
"Dialogue_3":"呱！不可饶恕！呱！"
},
{
"level_id":"1_6",
"Dialogue_1":"哦呵呵呵，好个俊俏的人儿！姐姐在这里每日泡茶观湖也寂寞的很，总希望有人陪我说说话呢。",
"Dialogue_2":"没兴趣。|哈，自然奉陪！",
"Dialogue_3":"嗯哼哼哼，既然来了，就给我永远的留下吧！"
},
{
"level_id":"1_7",
"Dialogue_1":"少时寻终极剑道以至妻离子散。世事无情！而今我了无牵挂，可愿与我斗一场！",
"Dialogue_2":"却之不恭！|强者令人尊敬！",
"Dialogue_3":"那便来吧！"
},
{
"level_id":"1_8",
"Dialogue_1":"听说你功夫不错！你若愿刻下绝死印，为主上所用，帮主上找到至宝，主上就饶你性命！",
"Dialogue_2":"做梦。|来啊，碰得到本公子的人我还没遇见过呢。",
"Dialogue_3":"哼，我已给你生机，你却自寻死路！窥探至宝？死！"
},
{
"level_id":"1_9",
"Dialogue_1":"你这狗屁不通的小娃儿从哪来，到别处耍去。年纪轻轻学着别人瞎混闹，一个个都想寻什么狗屁不通的至宝！",
"Dialogue_2":"还请借道！|啧啧，你这老头，为老不尊，满口污言。",
"Dialogue_3":"去去去，拳皇都不敢这么和我说话！狗屁不通的小崽子！小心把你的狗命丢这了，此路不通！"
},
{
"level_id":"1_10",
"Dialogue_1":"嗬！你还活着？命真大！敢违我主上，一律得死！",
"Dialogue_2":"放马过来！|又是你们，烦不烦呐。",
"Dialogue_3":"今日我要替主上收了你！"
},
{
"level_id":"1_11",
"Dialogue_1":"恨呐…为什么我要听信江湖传言到这里找宝贝！恨呐…我不想死啊！",
"Dialogue_2":"孤魂野鬼？|哇！有鬼！好像很好玩的样子。",
"Dialogue_3":"恨呐…我把他们都留下了，你也来吧…"
},
{
"level_id":"1_12",
"Dialogue_1":"当年拳皇应邀与我比武，虽重伤，却当真爽快！恨宵小在他走后竟害我性命！我已死，至宝无用，给你罢！",
"Dialogue_2":"多谢前辈。|谁害了你？我替你报仇！",
"Dialogue_3":"往事不提也罢…我时醒时乱，你要小…你是谁！我不甘，我不甘！！啊！！！还我命来！"
},
{
"level_id":"2_1",
"Dialogue_1":"站住！我苦思冥想，有了破你招数之法！今次我要败你！",
"Dialogue_2":"乐意奉陪。|哼，可别让我失望哦。",
"Dialogue_3":"多说无益，来吧，看招！"
},
{
"level_id":"2_2",
"Dialogue_1":"师父刚让我打扫完山道你又乱闯弄乱！她脾气不好，会怪我的！",
"Dialogue_2":"小师傅勿怒。|额…我会帮你整好的…",
"Dialogue_3":"恶人！前些天来的人也是，你也是！果然和师父说的一样，你们都不是好人！"
},
{
"level_id":"2_3",
"Dialogue_1":"哪来的狂徒欺侮我徒？老娘最恨无情无义之人，这样的人都该灰飞烟灭！",
"Dialogue_2":"…误会。|漂亮师傅莫生气，我赔礼啦。",
"Dialogue_3":"狡辩！油嘴滑舌，虚伪狡诈！伤我爱徒，定要教训你！"
},
{
"level_id":"2_4",
"Dialogue_1":"走…走开！啊，阳光，我，我，我要晒太阳…唔，太阳真好。",
"Dialogue_2":"大树说话了？！|咦？你会说话。叫声帅公子我就走。",
"Dialogue_3":"你，你又挡到太阳了，走…快走开！"
},
{
"level_id":"2_5",
"Dialogue_1":"檀越，今日山门已闭，不便观光，改日再来可好？",
"Dialogue_2":"必须进去。|不好不好，可否行个方便？",
"Dialogue_3":"说而不理是为恶客，檀越莫怪我不客气了。"
},
{
"level_id":"2_6",
"Dialogue_1":"你是碧池派来请我的？啊，不是？那是红莲派来捉我的？唔，也不是，那你是哪路仇家派来杀我的？",
"Dialogue_2":"不是。|道长果然人如其名，好生风流…",
"Dialogue_3":"既然都不是，那来者便是客。不想拦你，可惜此刻在观中为道，不得不拦呀。来吧小娃儿，与我练练手。"
},
{
"level_id":"2_7",
"Dialogue_1":"眼儿红，翅儿黑，一双铁钩耀银辉，真是帅啊真是帅。",
"Dialogue_2":"…这。|哪来的傻鸟…",
"Dialogue_3":"什么！居然不夸我，难道比我帅！不行，没人可以比我帅！"
},
{
"level_id":"2_8",
"Dialogue_1":"太虚掌教已知你下落。哈哈哈，这一路你也伤人无数，还自诩什么狭义！不过啊，他拦不了你了。",
"Dialogue_2":"为何？|哟，跟踪狂，本公子可用不着你来评判。",
"Dialogue_3":"哈哈哈哈，你还是乖乖的死在这儿吧！"
},
{
"level_id":"2_9",
"Dialogue_1":"前方是我山门禁地，勿要擅闯！此刻退去，贫道便放你下山，绝不伤你分毫。",
"Dialogue_2":"…得罪了。|道长别闹，你拦不住我的。",
"Dialogue_3":"你执意如此，你便生死由命吧！反正见了至宝，你也是一死！"
},
{
"level_id":"2_10",
"Dialogue_1":"没想到那个墨守成规的阴阳真人竟能让你下到这秘牢之中！看来我们的阴谋失算了……",
"Dialogue_2":"阴谋，无用！|就凭你们这点智商还敢称阴谋，笑死我了。",
"Dialogue_3":"该死的小鬼！！！让你看看我们黑衣飞刀阵的厉害！"
},
{
"level_id":"2_11",
"Dialogue_1":"呼……呼……奉主人之命守护地牢，擅闯者皆以冥火烧之，看火……",
"Dialogue_2":"雕虫小技。|这点小火苗就想吓倒我。",
"Dialogue_3":"！！！擅闯者乃绝世高手！！！众火魔速度报警！！！"
},
{
"level_id":"2_12",
"Dialogue_1":"吾多年不问世事，没想到绝世高手竟然如此年少，真是后生可畏啊……",
"Dialogue_2":"前辈过奖。|前辈言重了，小生不敢自称高手。",
"Dialogue_3":"谦虚谨慎，日后必成大器。就让老夫看看少侠有没有资格使用这八卦盘吧！"
},
{
"level_id":"3_1",
"Dialogue_1":"此山是我开，此树是我栽，要想从此过，留下买路财！牙崩半个说不字，哼哼！爷爷我一刀一个不管埋！",
"Dialogue_2":"哎，又见蠢匪。|额，这货这么强大的口臭，真是熏死我了……",
"Dialogue_3":"竟然不怕……果然如哥哥所说强盗这行不好混啊……不管了！拿脑袋来！"
},
{
"level_id":"3_2",
"Dialogue_1":"啊……新鲜的人肉……好久没有这么香的美味送上门来了！",
"Dialogue_2":"恶鬼受死。|什么！这怪物竟然吃人！还好我穿得多。",
"Dialogue_3":"啊……是该水煮呢……还是火烤呢……哈哈，还是生吃吧！"
},
{
"level_id":"3_3",
"Dialogue_1":"有恶心的男人的味道……没想到万恶谷竟然混进了个小白脸！简直是自寻死路！",
"Dialogue_2":"我的脸不白。|哈哈，天下第一色魔在这万里无花的万恶谷过得可好啊。",
"Dialogue_3":"呃啊！老子最讨厌你这种自觉潇洒的人，我要把你的肉一刀刀割下来，让你们变成那骷髅野鬼！"
},
{
"level_id":"3_4",
"Dialogue_1":"呱！你就是那个在墨竹林殴打我们家小弟的恶人呱！这次大呱我一定要为小弟们报仇呱！",
"Dialogue_2":"又是呱……|到底谁是恶人啊，呱呱呱真是吵死了！",
"Dialogue_3":"咕呱！大呱一定会打败这些恶人们的！看呱！"
},
{
"level_id":"3_5",
"Dialogue_1":"汪！呜汪！！汪汪汪！！！",
"Dialogue_2":"恶犬拦路！|小狗乖，哥哥这里有骨头给你吃。",
"Dialogue_3":"啊呜！！！汪呜！！！汪汪汪汪汪！！！！！"
},
{
"level_id":"3_6",
"Dialogue_1":"到底是谁！是谁吵醒我睡午觉！我一定要让他尝尝天雷的怒火！",
"Dialogue_2":"科学怪人？|哇，这一头电的，跟刺猬一样，好发型。",
"Dialogue_3":"可恶的凡人，竟然冒犯我雷神大人！我要雷死你们！"
},
{
"level_id":"3_7",
"Dialogue_1":"谁？滚出去！谷主有令，胆敢擅闯万恶谷者，杀无赦！",
"Dialogue_2":"好生霸道。|哇擦，长得真丑...当小爷是吓大的啊，我偏要进去！",
"Dialogue_3":"不听劝告！谷主对我恩重，你要硬闯，我只有拼死相拦！"
},
{
"level_id":"3_8",
"Dialogue_1":"我等已得万恶谷相助，此番你当殒命万恶谷！至宝之事，无相使者志在必得，不容他人窥探！",
"Dialogue_2":"狡诈恶徒，休想拦我。|套路我都习惯了，先放话涨气势，后砍人本事却不足，简直废物还废话一堆。来打！",
"Dialogue_3":"天堂有路你不走，地狱无门你闯进来！受死！"
},
{
"level_id":"3_9",
"Dialogue_1":"怨女：师哥有人发现我们了，怎么办？\n痴男：别担心小师妹，我不会让人拆散我们！",
"Dialogue_2":"真是痴男怨女。|真不好意思打扰两位恩爱了，你们慢慢秀，我马上离开。",
"Dialogue_3":"痴男：既然被发现了，就不能让你活着！\n怨女：哼，世人都反对我们，我一辈子怨恨你们！"
},
{
"level_id":"3_10",
"Dialogue_1":"站住！我主无相使者正与万恶谷主商讨事宜，任何人不得入内！",
"Dialogue_2":"真是狼狈为奸。|无相使者和万恶谷主在偷偷幽会，哈哈好像很好玩的样子。",
"Dialogue_3":"放肆！拿命来！"
},
{
"level_id":"3_11",
"Dialogue_1":"呼！呼！血！有鲜血的味道！",
"Dialogue_2":"圆脸蝙蝠？|这个长翅膀的球是什么东西？！",
"Dialogue_3":"饿啊！美味的鲜血！大自然的馈赠！"
},
{
"level_id":"3_12",
"Dialogue_1":"没想到你这小鬼真能找到这！",
"Dialogue_2":"双头巨人？|这……一个巨人一个小鬼，到底谁是谷主啊？",
"Dialogue_3":"哈哈哈，这个巨人不过是老子的坐骑罢了。既然你来到这，就得做好死的准备！"
}
]
}
