﻿{
"RECORDS":[
{
"id":4101,
"name":"铁竹",
"message":"久经风雨蚀侵所留下的竹段，坚硬如铁而极具韧性，用于打造装备。\n墨竹林掉落。",
"type":"打造材料",
"sale_money":20
},
{
"id":4102,
"name":"翠藤",
"message":"不要看它细柔，生长到一定时日能将竹节勒断！用于打造装备。\n墨竹林掉落。",
"type":"打造材料",
"sale_money":20
},
{
"id":4103,
"name":"玄钢",
"message":"此钢玄而又玄，金刚不破。用于打造装备。\n太虚观掉落。",
"type":"打造材料",
"sale_money":40
},
{
"id":4104,
"name":"云锭",
"message":"以神功凝云为锭，可集风云之力。用于打造装备。\n太虚观掉落。",
"type":"打造材料",
"sale_money":40
},
{
"id":4105,
"name":"雷石",
"message":"万恶谷低矮，谷中多恶者，常遭雷，以此石抵，可避之。用于打造装备。\n万恶谷掉落。",
"type":"打造材料",
"sale_money":60
},
{
"id":4106,
"name":"赤火",
"message":"聚万火于一赤，不可直视，否则灼瞎眼目。用于打造装备。\n万恶谷掉落。",
"type":"打造材料",
"sale_money":60
},
{
"id":4107,
"name":"碧玉",
"message":"玉自水中出，淬粹于一翠，幽碧透人心。用于打造装备。\n风波渡掉落。",
"type":"打造材料",
"sale_money":80
},
{
"id":4108,
"name":"浮土",
"message":"能浮于水面之奇土，轻若无物。用于打造装备。\n风波渡掉落。",
"type":"打造材料",
"sale_money":80
},
{
"id":4109,
"name":"星砾",
"message":"乃星辰相撞毁损之时迸出，有星空浩瀚之力。用于打造装备。\n群星殿掉落。",
"type":"打造材料",
"sale_money":100
},
{
"id":4110,
"name":"水晶",
"message":"旦暮莹莹烁光微，澄澈无瑕疵如点星。用于打造装备。\n群星殿掉落。",
"type":"打造材料",
"sale_money":100
},
{
"id":4111,
"name":"佛珠",
"message":"百念真言铸佛珠，靠近则隐约闻梵音。用于打造装备。\n少林寺掉落。",
"type":"打造材料",
"sale_money":120
},
{
"id":4112,
"name":"凡尘",
"message":"世事沉浮，红尘变微尘。一片凡心碾作土，凡尘笼万物。用于打造装备。\n少林寺掉落。",
"type":"打造材料",
"sale_money":120
},
{
"id":4113,
"name":"时沙",
"message":"书载大漠有时沙，积而成堆，则风吹过发声如歌。用于打造装备。\n北大漠掉落。",
"type":"打造材料",
"sale_money":140
},
{
"id":4114,
"name":"古铜",
"message":"春秋换日月，神殿余古铜，在日光下会折射七彩的光晕。用于打造装备。\n北大漠掉落。",
"type":"打造材料",
"sale_money":140
},
{
"id":4115,
"name":"沉木",
"message":"将军府重金聘番僧以秘法所制，沉甸如金铁，冰寒似凝雪。用于打造装备。\n将军府掉落。",
"type":"打造材料",
"sale_money":160
},
{
"id":4116,
"name":"虎胆",
"message":"怪人魇，千虎围都。将军怒，擎棍入阵。法破，唯余满地黄纸及虎胆。用于打造装备。\n将军府掉落。",
"type":"打造材料",
"sale_money":160
},
{
"id":4117,
"name":"乌纱",
"message":"乱云泼墨造乌纱，皂玄黯黯敛光化。用于打造装备。\n黑风会掉落。",
"type":"打造材料",
"sale_money":180
},
{
"id":4118,
"name":"鬼钉",
"message":"细如牛毛而刺尖锋刃雕血槽，黑风会以之为暗器。用于打造装备。\n黑风会掉落。",
"type":"打造材料",
"sale_money":180
},
{
"id":4201,
"name":"白色强化石",
"message":"汇集熔炼精华的白色宝石，可以用来强化壹品、贰品和叁品的装备。\n墨竹林、太虚观掉落。",
"type":"强化石",
"sale_money":20
},
{
"id":4202,
"name":"绿色强化石",
"message":"汇集熔炼精华的绿色宝石，可以用来强化肆品和伍品的装备。\n万恶谷、风波渡掉落。",
"type":"强化石",
"sale_money":40
},
{
"id":4203,
"name":"蓝色强化石",
"message":"汇集熔炼精华的蓝色宝石，可以用来强化陆品和柒品的装备。\n群星殿、少林寺掉落。",
"type":"强化石",
"sale_money":60
},
{
"id":4204,
"name":"紫色强化石",
"message":"汇集熔炼精华的紫色宝石，可以用来强化捌品和玖品的装备。\n北大漠、将军府掉落。",
"type":"强化石",
"sale_money":80
},
{
"id":4205,
"name":"橙色强化石",
"message":"汇集熔炼精华的橙色宝石，可以用来强化拾品和极品装备属性。\n黑风会掉落。",
"type":"强化石",
"sale_money":100
},
{
"id":4206,
"name":"金色强化石",
"message":"汇集熔炼精华的金色宝石，可以用来强化绝品装备属性。\n？？？掉落。",
"type":"强化石",
"sale_money":120
},
{
"id":4301,
"name":"白色锦囊“天”",
"message":"正面写着“天”的白色锦囊，传说是由某位贤者散落在江湖的神秘锦囊，里面藏着如何提升功力的秘密。是用来升级角色卡的材料。\n墨竹林掉落。",
"type":"卡牌升星材料",
"sale_money":20
},
{
"id":4302,
"name":"白色锦囊“地”",
"message":"正面写着“地”的白色锦囊，传说是由某位贤者散落在江湖的神秘锦囊，里面藏着如何提升功力的秘密。是用来升级角色卡的材料。\n墨竹林掉落。",
"type":"卡牌升星材料",
"sale_money":20
},
{
"id":4303,
"name":"白色锦囊“人”",
"message":"正面写着“人”的白色锦囊，传说是由某位贤者散落在江湖的神秘锦囊，里面藏着如何提升功力的秘密。是用来升级角色卡的材料。\n墨竹林掉落。",
"type":"卡牌升星材料",
"sale_money":20
},
{
"id":4311,
"name":"绿色锦囊“天”",
"message":"正面写着“天”的绿色锦囊，传说是由某位贤者散落在江湖的神秘锦囊，里面藏着如何提升功力的秘密。是用来升级角色卡的材料。\n太虚观掉落。",
"type":"卡牌升星材料",
"sale_money":40
},
{
"id":4312,
"name":"绿色锦囊“地”",
"message":"正面写着“地”的绿色锦囊，传说是由某位贤者散落在江湖的神秘锦囊，里面藏着如何提升功力的秘密。是用来升级角色卡的材料。\n太虚观掉落。",
"type":"卡牌升星材料",
"sale_money":40
},
{
"id":4313,
"name":"绿色锦囊“人”",
"message":"正面写着“人”的绿色锦囊，传说是由某位贤者散落在江湖的神秘锦囊，里面藏着如何提升功力的秘密。是用来升级角色卡的材料。\n太虚观掉落。",
"type":"卡牌升星材料",
"sale_money":40
},
{
"id":4321,
"name":"蓝色锦囊“天”",
"message":"正面写着“天”的蓝色锦囊，传说是由某位贤者散落在江湖的神秘锦囊，里面藏着如何提升功力的秘密。是用来升级角色卡的材料。\n万恶谷、风波渡掉落。",
"type":"卡牌升星材料",
"sale_money":60
},
{
"id":4322,
"name":"蓝色锦囊“地”",
"message":"正面写着“地”的蓝色锦囊，传说是由某位贤者散落在江湖的神秘锦囊，里面藏着如何提升功力的秘密。是用来升级角色卡的材料。\n万恶谷、风波渡掉落。",
"type":"卡牌升星材料",
"sale_money":60
},
{
"id":4323,
"name":"蓝色锦囊“人”",
"message":"正面写着“人”的蓝色锦囊，传说是由某位贤者散落在江湖的神秘锦囊，里面藏着如何提升功力的秘密。是用来升级角色卡的材料。\n万恶谷、风波渡掉落。",
"type":"卡牌升星材料",
"sale_money":60
},
{
"id":4331,
"name":"紫色锦囊“天”",
"message":"正面写着“天”的紫色锦囊，传说是由某位贤者散落在江湖的神秘锦囊，里面藏着如何提升功力的秘密。是用来升级角色卡的材料。\n群星殿、少林寺掉落。",
"type":"卡牌升星材料",
"sale_money":80
},
{
"id":4332,
"name":"紫色锦囊“地”",
"message":"正面写着“地”的紫色锦囊，传说是由某位贤者散落在江湖的神秘锦囊，里面藏着如何提升功力的秘密。是用来升级角色卡的材料。\n群星殿、少林寺掉落。",
"type":"卡牌升星材料",
"sale_money":80
},
{
"id":4333,
"name":"紫色锦囊“人”",
"message":"正面写着“人”的紫色锦囊，传说是由某位贤者散落在江湖的神秘锦囊，里面藏着如何提升功力的秘密。是用来升级角色卡的材料。\n群星殿、少林寺掉落。",
"type":"卡牌升星材料",
"sale_money":80
},
{
"id":4341,
"name":"橙色锦囊“天”",
"message":"正面写着“天”的橙色锦囊，传说是由某位贤者散落在江湖的神秘锦囊，里面藏着如何提升功力的秘密。是用来升级角色卡的材料。\n北大漠、将军府掉落。",
"type":"卡牌升星材料",
"sale_money":100
},
{
"id":4342,
"name":"橙色锦囊“地”",
"message":"正面写着“地”的橙色锦囊，传说是由某位贤者散落在江湖的神秘锦囊，里面藏着如何提升功力的秘密。是用来升级角色卡的材料。\n北大漠、将军府掉落。",
"type":"卡牌升星材料",
"sale_money":100
},
{
"id":4343,
"name":"橙色锦囊“人”",
"message":"正面写着“人”的橙色锦囊，传说是由某位贤者散落在江湖的神秘锦囊，里面藏着如何提升功力的秘密。是用来升级角色卡的材料。\n北大漠、将军府掉落。",
"type":"卡牌升星材料",
"sale_money":100
},
{
"id":4351,
"name":"金色锦囊“天”",
"message":"正面写着“天”的金色锦囊，传说是由某位贤者散落在江湖的神秘锦囊，里面藏着如何提升功力的秘密。是用来升级角色卡的材料。\n黑风会掉落。",
"type":"卡牌升星材料",
"sale_money":120
},
{
"id":4352,
"name":"金色锦囊“地”",
"message":"正面写着“地”的金色锦囊，传说是由某位贤者散落在江湖的神秘锦囊，里面藏着如何提升功力的秘密。是用来升级角色卡的材料。\n黑风会掉落。",
"type":"卡牌升星材料",
"sale_money":120
},
{
"id":4353,
"name":"金色锦囊“人”",
"message":"正面写着“人”的金色锦囊，传说是由某位贤者散落在江湖的神秘锦囊，里面藏着如何提升功力的秘密。是用来升级角色卡的材料。\n黑风会掉落。",
"type":"卡牌升星材料",
"sale_money":120
},
{
"id":4411,
"name":"绿色令牌",
"message":"一块散发着神秘光芒的绿色令牌。江湖本无此物，相传是另一个时空的产物，那个时空还有其他种类的令牌。用来升级角色卡的材料。\n精英墨竹林掉落。",
"type":"卡牌升阶材料",
"sale_money":100
},
{
"id":4421,
"name":"蓝色令牌",
"message":"一块散发着神秘光芒的蓝色令牌。江湖本无此物，相传是另一个时空的产物，那个时空还有其他种类的令牌。用来升级角色卡的材料。\n精英太虚观掉落。",
"type":"卡牌升阶材料",
"sale_money":150
},
{
"id":4431,
"name":"紫色令牌",
"message":"一块散发着神秘光芒的紫色令牌。江湖本无此物，相传是另一个时空的产物，那个时空还有其他种类的令牌。用来升级角色卡的材料。\n精英万恶谷、精英风波渡掉落。",
"type":"卡牌升阶材料",
"sale_money":200
},
{
"id":4441,
"name":"橙色令牌",
"message":"一块散发着神秘光芒的橙色令牌。江湖本无此物，相传是另一个时空的产物，那个时空还有其他种类的令牌。用来升级角色卡的材料。\n精英群星殿、精英少林寺、精英北大漠掉落。",
"type":"卡牌升阶材料",
"sale_money":250
},
{
"id":4451,
"name":"金色令牌",
"message":"一块散发着神秘光芒的金色令牌。江湖本无此物，相传是另一个时空的产物，那个时空还有其他种类的令牌。用来升级角色卡的材料。\n精英将军府、精英黑风会掉落。",
"type":"卡牌升阶材料",
"sale_money":300
},
{
"id":5001,
"name":"镰刀",
"message":"可以用来采集墨竹林的铁竹和翠藤。\n",
"type":"采集道具",
"sale_money":25
},
{
"id":5002,
"name":"矿镐",
"message":"可以用来采集太虚观的玄钢和云锭。\n",
"type":"采集道具",
"sale_money":50
},
{
"id":5003,
"name":"铁锹",
"message":"可以用来采集万恶谷的雷石和赤火。\n",
"type":"采集道具",
"sale_money":75
}
]
}