{
	"start" :{
		"type" : "word",
		"callback" : "firstFight"
	},

	"firstFight" :{
		"type" : "fight",
		"callback" : "secondFight",

		"judge" :{
			"HpConditionLower" : 0.5
		},

		"transfer" :{
			"ai" : "baseEliteJianMoWangHunTwoAi",
			"NoneCallback" : 1
		}
	},

	"secondFight" :{
		"type" : "fight",
		"status" : "onlyHurt",
		"callback" : "thirdFight",

		"judge" :{
			"NoneCallback" : 0
		},

		"transfer" :{
			"ai" : "baseEliteJianMoWangHunThreeAi",
			"ReleaseSkill" : 32
		}
	}
}
