{
"RECORDS":[
{
"id":1,
"field":"UNKNOW_ERROR",
"info":"未知错误！！！"
},
{
"id":1001,
"field":"GAME_HAS_START",
"info":"战斗已经开始！"
},
{
"id":1002,
"field":"OTHER_LOGIN",
"info":"您的账号已在异地登陆！"
},
{
"id":1003,
"field":"AUTOPIPEI_COOLDOWN",
"info":"您已匹配成功，请勿重复匹配！"
},
{
"id":1004,
"field":"JOINROOM_COOLDOWN",
"info":"您已匹配成功，请勿重复匹配！"
},
{
"id":1005,
"field":"CREATEROOM_COOLDOWN",
"info":"您已匹配成功，请勿重复匹配！"
},
{
"id":1006,
"field":"ALREADY_IN_ROOM",
"info":"您已匹配成功！"
},
{
"id":1007,
"field":"SERVER_READY_CLOSE",
"info":"服务器即将关闭，您将无法请战PK，请等待服务器开启之后在继续请战。"
},
{
"id":1008,
"field":"ALREADY_IN_PIPEI",
"info":"您正在匹配当中……"
}
]
}