{
"RECORDS":[
{
"id":1,
"time":0,
"gold":500,
"soul":500,
"prop_id":"0|0|0|0",
"number":"0"
},
{
"id":2,
"time":5,
"gold":600,
"soul":600,
"prop_id":"4201|4202|4203|4204",
"number":"5"
},
{
"id":3,
"time":10,
"gold":700,
"soul":700,
"prop_id":"4303|4313|4323|4333",
"number":"5"
},
{
"id":4,
"time":20,
"gold":800,
"soul":800,
"prop_id":"4302|4312|4322|4332",
"number":"5"
},
{
"id":5,
"time":30,
"gold":900,
"soul":900,
"prop_id":"6201|6201|6201|6201",
"number":"1"
},
{
"id":6,
"time":45,
"gold":1000,
"soul":1000,
"prop_id":"4301|4311|4321|4331",
"number":"5"
},
{
"id":7,
"time":60,
"gold":1200,
"soul":1200,
"prop_id":"4411|4421|4431|4441",
"number":"1"
},
{
"id":8,
"time":90,
"gold":1500,
"soul":1500,
"prop_id":"6201|6201|6201|6201",
"number":"1"
}
]
}