{
"RECORDS":[
{
"id":1,
"color":"白",
"star":"1",
"atk_rate":1.000,
"ats_rate":1.000,
"add_rate":1.000,
"up_material":"4301|4302|4303",
"up_number":"10|10|10",
"up_card":0,
"up_money":1000,
"up_soul":1000,
"pass_soul":2800
},
{
"id":2,
"color":"白",
"star":"2",
"atk_rate":1.400,
"ats_rate":1.400,
"add_rate":1.400,
"up_material":"4301|4302|4303",
"up_number":"15|15|15",
"up_card":0,
"up_money":11000,
"up_soul":11000,
"pass_soul":3100
},
{
"id":3,
"color":"白",
"star":"3",
"atk_rate":1.900,
"ats_rate":1.900,
"add_rate":1.900,
"up_material":"4411|4301|4302|4303",
"up_number":"40|20|20|20",
"up_card":0,
"up_money":31000,
"up_soul":31000,
"pass_soul":3500
},
{
"id":4,
"color":"绿",
"star":"1",
"atk_rate":2.500,
"ats_rate":2.500,
"add_rate":2.500,
"up_material":"4311|4312|4313",
"up_number":"25|25|25",
"up_card":0,
"up_money":61000,
"up_soul":61000,
"pass_soul":4000
},
{
"id":5,
"color":"绿",
"star":"2",
"atk_rate":2.900,
"ats_rate":2.900,
"add_rate":2.900,
"up_material":"4311|4312|4313",
"up_number":"30|30|30",
"up_card":1,
"up_money":101000,
"up_soul":101000,
"pass_soul":4300
},
{
"id":6,
"color":"绿",
"star":"3",
"atk_rate":3.400,
"ats_rate":3.400,
"add_rate":3.400,
"up_material":"4421|4311|4312|4313",
"up_number":"80|40|40|40",
"up_card":1,
"up_money":151000,
"up_soul":151000,
"pass_soul":4700
},
{
"id":7,
"color":"蓝",
"star":"1",
"atk_rate":4.000,
"ats_rate":4.000,
"add_rate":4.000,
"up_material":"4321|4322|4323",
"up_number":"50|50|50",
"up_card":1,
"up_money":211000,
"up_soul":211000,
"pass_soul":5200
},
{
"id":8,
"color":"蓝",
"star":"2",
"atk_rate":4.400,
"ats_rate":4.400,
"add_rate":4.400,
"up_material":"4321|4322|4323",
"up_number":"60|60|60",
"up_card":1,
"up_money":281000,
"up_soul":281000,
"pass_soul":5500
},
{
"id":9,
"color":"蓝",
"star":"3",
"atk_rate":4.900,
"ats_rate":4.900,
"add_rate":4.900,
"up_material":"4431|4321|4322|4323",
"up_number":"130|70|70|70",
"up_card":1,
"up_money":381000,
"up_soul":381000,
"pass_soul":5900
},
{
"id":10,
"color":"紫",
"star":"1",
"atk_rate":5.500,
"ats_rate":5.500,
"add_rate":5.500,
"up_material":"4331|4332|4333",
"up_number":"80|80|80",
"up_card":1,
"up_money":521000,
"up_soul":521000,
"pass_soul":6400
},
{
"id":11,
"color":"紫",
"star":"2",
"atk_rate":5.900,
"ats_rate":5.900,
"add_rate":5.900,
"up_material":"4331|4332|4333",
"up_number":"90|90|90",
"up_card":1,
"up_money":651000,
"up_soul":651000,
"pass_soul":6700
},
{
"id":12,
"color":"紫",
"star":"3",
"atk_rate":6.400,
"ats_rate":6.400,
"add_rate":6.400,
"up_material":"4441|4331|4332|4333",
"up_number":"200|100|100|100",
"up_card":2,
"up_money":851000,
"up_soul":851000,
"pass_soul":7100
},
{
"id":13,
"color":"橙",
"star":"1",
"atk_rate":7.000,
"ats_rate":7.000,
"add_rate":7.000,
"up_material":"4341|4342|4343",
"up_number":"115|115|115",
"up_card":2,
"up_money":1115000,
"up_soul":1115000,
"pass_soul":7600
},
{
"id":14,
"color":"橙",
"star":"2",
"atk_rate":7.400,
"ats_rate":7.400,
"add_rate":7.400,
"up_material":"4341|4342|4343",
"up_number":"130|130|130",
"up_card":2,
"up_money":1381000,
"up_soul":1381000,
"pass_soul":7900
},
{
"id":15,
"color":"橙",
"star":"3",
"atk_rate":8.000,
"ats_rate":8.000,
"add_rate":8.000,
"up_material":"4451|4341|4342|4343",
"up_number":"300|150|150|150",
"up_card":2,
"up_money":1848000,
"up_soul":1848000,
"pass_soul":8400
},
{
"id":16,
"color":"金",
"star":"1",
"atk_rate":9.000,
"ats_rate":9.000,
"add_rate":8.800,
"up_material":"4451|4351|4352|4353",
"up_number":"400|200|200|200",
"up_card":2,
"up_money":2566000,
"up_soul":2566000,
"pass_soul":9300
},
{
"id":17,
"color":"金",
"star":"2",
"atk_rate":10.000,
"ats_rate":10.000,
"add_rate":9.800,
"up_material":"4451|4351|4352|4353",
"up_number":"500|250|250|250",
"up_card":3,
"up_money":4000000,
"up_soul":4000000,
"pass_soul":10200
},
{
"id":18,
"color":"金",
"star":"3",
"atk_rate":11.000,
"ats_rate":11.000,
"add_rate":11.000,
"up_material":"0",
"up_number":"0",
"up_card":0,
"up_money":0,
"up_soul":0,
"pass_soul":11100
}
]
}