{
"RECORDS":[
{
"id":0,
"name":"乞丐",
"enemy_id":1001,
"common_hit":"10101",
"skill1":"10102",
"skill2":"0",
"skill3":"0",
"skill4":"0",
"skill5":"0",
"common_frame":"3",
"frame1":"3",
"frame2":"0",
"frame3":"0",
"frame4":"0",
"frame5":"0",
"invincible":"0|0|0|0|0",
"only_hurt":"0|0|0|0|0",
"jump_skill":"0|0|0|0|0",
"roll_skill":"0|0|0|0|0",
"boss_id":0,
"common_only_hurt":"0"
},
{
"id":1,
"name":"十方秀才",
"enemy_id":2003,
"common_hit":"10201",
"skill1":"10202",
"skill2":"0",
"skill3":"0",
"skill4":"0",
"skill5":"0",
"common_frame":"3",
"frame1":"2",
"frame2":"0",
"frame3":"0",
"frame4":"0",
"frame5":"0",
"invincible":"0|0|0|0|0",
"only_hurt":"0|0|0|0|0",
"jump_skill":"0|0|0|0|0",
"roll_skill":"0|0|0|0|0",
"boss_id":1001,
"common_only_hurt":"0"
},
{
"id":2,
"name":"不通老人",
"enemy_id":2009,
"common_hit":"10301",
"skill1":"10302|10303",
"skill2":"0",
"skill3":"0",
"skill4":"0",
"skill5":"0",
"common_frame":"3",
"frame1":"3|5",
"frame2":"0",
"frame3":"0",
"frame4":"0",
"frame5":"0",
"invincible":"0|0|0|0|0",
"only_hurt":"0|0|0|0|0",
"jump_skill":"0|0|0|0|0",
"roll_skill":"0|0|0|0|0",
"boss_id":1003,
"common_only_hurt":"0"
},
{
"id":3,
"name":"碧池夫人",
"enemy_id":2006,
"common_hit":"10401",
"skill1":"10402",
"skill2":"10403",
"skill3":"0",
"skill4":"0",
"skill5":"0",
"common_frame":"3",
"frame1":"4",
"frame2":"4",
"frame3":"0",
"frame4":"0",
"frame5":"0",
"invincible":"0|0|0|0|0",
"only_hurt":"0|0|0|0|0",
"jump_skill":"0|0|0|0|0",
"roll_skill":"0|0|0|0|0",
"boss_id":1002,
"common_only_hurt":"0"
},
{
"id":4,
"name":"强盗",
"enemy_id":1004,
"common_hit":"10501",
"skill1":"10502",
"skill2":"0",
"skill3":"0",
"skill4":"0",
"skill5":"0",
"common_frame":"3",
"frame1":"10",
"frame2":"0",
"frame3":"0",
"frame4":"0",
"frame5":"0",
"invincible":"0|0|0|0|0",
"only_hurt":"0|0|0|0|0",
"jump_skill":"0|0|0|0|0",
"roll_skill":"18_25_20|0|0|0|0",
"boss_id":0,
"common_only_hurt":"0"
},
{
"id":5,
"name":"黑衣刺客",
"enemy_id":1008,
"common_hit":"10601|10602|10603|10604",
"skill1":"10605",
"skill2":"0",
"skill3":"0",
"skill4":"0",
"skill5":"0",
"common_frame":"2|5|7|9",
"frame1":"2",
"frame2":"0",
"frame3":"0",
"frame4":"0",
"frame5":"0",
"invincible":"0|0|0|0|0",
"only_hurt":"0|0|0|0|0",
"jump_skill":"0|0|0|0|0",
"roll_skill":"0|0|0|0|0",
"boss_id":0,
"common_only_hurt":"0"
},
{
"id":6,
"name":"斗笠剑客",
"enemy_id":1007,
"common_hit":"10701",
"skill1":"10702",
"skill2":"0",
"skill3":"0",
"skill4":"0",
"skill5":"0",
"common_frame":"3",
"frame1":"2",
"frame2":"0",
"frame3":"0",
"frame4":"0",
"frame5":"0",
"invincible":"0|0|0|0|0",
"only_hurt":"0|0|0|0|0",
"jump_skill":"0|0|0|0|0",
"roll_skill":"0|0|0|0|0",
"boss_id":0,
"common_only_hurt":"0"
},
{
"id":7,
"name":"酒鬼",
"enemy_id":1002,
"common_hit":"10801",
"skill1":"10803|10804|10805|10806",
"skill2":"0",
"skill3":"0",
"skill4":"0",
"skill5":"0",
"common_frame":"3",
"frame1":"4|7|9|11",
"frame2":"0",
"frame3":"0",
"frame4":"0",
"frame5":"0",
"invincible":"0|0|0|0|0",
"only_hurt":"0|0|0|0|0",
"jump_skill":"150|0|0|0|0",
"roll_skill":"0|0|0|0|0",
"boss_id":0,
"common_only_hurt":"0"
},
{
"id":8,
"name":"蛤蟆怪",
"enemy_id":1005,
"common_hit":"10901",
"skill1":"10902|10903",
"skill2":"0",
"skill3":"0",
"skill4":"0",
"skill5":"0",
"common_frame":"3",
"frame1":"2|7",
"frame2":"0",
"frame3":"0",
"frame4":"0",
"frame5":"0",
"invincible":"0|0|0|0|0",
"only_hurt":"0|0|0|0|0",
"jump_skill":"0|0|0|0|0",
"roll_skill":"0|0|0|0|0",
"boss_id":0,
"common_only_hurt":"0"
},
{
"id":9,
"name":"乞丐老大",
"enemy_id":2001,
"common_hit":"10101",
"skill1":"10102",
"skill2":"0",
"skill3":"0",
"skill4":"0",
"skill5":"0",
"common_frame":"3",
"frame1":"3",
"frame2":"0",
"frame3":"0",
"frame4":"0",
"frame5":"0",
"invincible":"0|0|0|0|0",
"only_hurt":"0|0|0|0|0",
"jump_skill":"0|0|0|0|0",
"roll_skill":"0|0|0|0|0",
"boss_id":0,
"common_only_hurt":"0"
},
{
"id":10,
"name":"酒鬼老大",
"enemy_id":2002,
"common_hit":"10801",
"skill1":"10803|10804|10805|10806",
"skill2":"0",
"skill3":"0",
"skill4":"0",
"skill5":"0",
"common_frame":"3",
"frame1":"4|7|9|11",
"frame2":"0",
"frame3":"0",
"frame4":"0",
"frame5":"0",
"invincible":"0|0|0|0|0",
"only_hurt":"0|0|0|0|0",
"jump_skill":"150|0|0|0|0",
"roll_skill":"0|0|0|0|0",
"boss_id":0,
"common_only_hurt":"0"
},
{
"id":11,
"name":"强盗老大",
"enemy_id":2004,
"common_hit":"10501",
"skill1":"10502",
"skill2":"0",
"skill3":"0",
"skill4":"0",
"skill5":"0",
"common_frame":"3",
"frame1":"10",
"frame2":"0",
"frame3":"0",
"frame4":"0",
"frame5":"0",
"invincible":"0|0|0|0|0",
"only_hurt":"0|0|0|0|0",
"jump_skill":"0|0|0|0|0",
"roll_skill":"18_25_20|0|0|0|0",
"boss_id":0,
"common_only_hurt":"0"
},
{
"id":12,
"name":"蛤蟆王",
"enemy_id":2005,
"common_hit":"10901",
"skill1":"10902|10903",
"skill2":"0",
"skill3":"0",
"skill4":"0",
"skill5":"0",
"common_frame":"3",
"frame1":"2|7",
"frame2":"0",
"frame3":"0",
"frame4":"0",
"frame5":"0",
"invincible":"0|0|0|0|0",
"only_hurt":"0|0|0|0|0",
"jump_skill":"0|0|0|0|0",
"roll_skill":"0|0|0|0|0",
"boss_id":0,
"common_only_hurt":"0"
},
{
"id":13,
"name":"斗笠剑狂",
"enemy_id":2007,
"common_hit":"10701",
"skill1":"10702",
"skill2":"0",
"skill3":"0",
"skill4":"0",
"skill5":"0",
"common_frame":"3",
"frame1":"2",
"frame2":"0",
"frame3":"0",
"frame4":"0",
"frame5":"0",
"invincible":"0|0|0|0|0",
"only_hurt":"0|0|0|0|0",
"jump_skill":"0|0|0|0|0",
"roll_skill":"0|0|0|0|0",
"boss_id":0,
"common_only_hurt":"0"
},
{
"id":14,
"name":"黑衣队长",
"enemy_id":2008,
"common_hit":"10601|10602|10603|10604",
"skill1":"10605",
"skill2":"0",
"skill3":"0",
"skill4":"0",
"skill5":"0",
"common_frame":"2|5|7|9",
"frame1":"2",
"frame2":"0",
"frame3":"0",
"frame4":"0",
"frame5":"0",
"invincible":"0|0|0|0|0",
"only_hurt":"0|0|0|0|0",
"jump_skill":"0|0|0|0|0",
"roll_skill":"0|0|0|0|0",
"boss_id":0,
"common_only_hurt":"0"
},
{
"id":15,
"name":"精英乞丐",
"enemy_id":3001,
"common_hit":"10101",
"skill1":"10102",
"skill2":"0",
"skill3":"0",
"skill4":"0",
"skill5":"0",
"common_frame":"3",
"frame1":"3",
"frame2":"0",
"frame3":"0",
"frame4":"0",
"frame5":"0",
"invincible":"0|0|0|0|0",
"only_hurt":"0|0|0|0|0",
"jump_skill":"0|0|0|0|0",
"roll_skill":"0|0|0|0|0",
"boss_id":0,
"common_only_hurt":"0"
},
{
"id":16,
"name":"精英酒鬼",
"enemy_id":3002,
"common_hit":"10801",
"skill1":"10803|10804|10805|10806",
"skill2":"0",
"skill3":"0",
"skill4":"0",
"skill5":"0",
"common_frame":"3",
"frame1":"4|7|9|11",
"frame2":"0",
"frame3":"0",
"frame4":"0",
"frame5":"0",
"invincible":"0|0|0|0|0",
"only_hurt":"0|0|0|0|0",
"jump_skill":"150|0|0|0|0",
"roll_skill":"0|0|0|0|0",
"boss_id":0,
"common_only_hurt":"0"
},
{
"id":17,
"name":"精英强盗",
"enemy_id":3004,
"common_hit":"10501",
"skill1":"10502",
"skill2":"0",
"skill3":"0",
"skill4":"0",
"skill5":"0",
"common_frame":"3",
"frame1":"10",
"frame2":"0",
"frame3":"0",
"frame4":"0",
"frame5":"0",
"invincible":"0|0|0|0|0",
"only_hurt":"0|0|0|0|0",
"jump_skill":"0|0|0|0|0",
"roll_skill":"18_25_20|0|0|0|0",
"boss_id":0,
"common_only_hurt":"0"
},
{
"id":18,
"name":"精英蛤蟆",
"enemy_id":3005,
"common_hit":"10901",
"skill1":"10902|10903",
"skill2":"0",
"skill3":"0",
"skill4":"0",
"skill5":"0",
"common_frame":"3",
"frame1":"2|7",
"frame2":"0",
"frame3":"0",
"frame4":"0",
"frame5":"0",
"invincible":"0|0|0|0|0",
"only_hurt":"0|0|0|0|0",
"jump_skill":"0|0|0|0|0",
"roll_skill":"0|0|0|0|0",
"boss_id":0,
"common_only_hurt":"0"
},
{
"id":19,
"name":"精英斗笠",
"enemy_id":3007,
"common_hit":"10701",
"skill1":"10702",
"skill2":"0",
"skill3":"0",
"skill4":"0",
"skill5":"0",
"common_frame":"3",
"frame1":"2",
"frame2":"0",
"frame3":"0",
"frame4":"0",
"frame5":"0",
"invincible":"0|0|0|0|0",
"only_hurt":"0|0|0|0|0",
"jump_skill":"0|0|0|0|0",
"roll_skill":"0|0|0|0|0",
"boss_id":0,
"common_only_hurt":"0"
},
{
"id":20,
"name":"精英黑衣",
"enemy_id":3008,
"common_hit":"10601|10602|10603|10604",
"skill1":"10605",
"skill2":"0",
"skill3":"0",
"skill4":"0",
"skill5":"0",
"common_frame":"2|5|7|9",
"frame1":"2",
"frame2":"0",
"frame3":"0",
"frame4":"0",
"frame5":"0",
"invincible":"0|0|0|0|0",
"only_hurt":"0|0|0|0|0",
"jump_skill":"0|0|0|0|0",
"roll_skill":"0|0|0|0|0",
"boss_id":0,
"common_only_hurt":"0"
},
{
"id":21,
"name":"十方秀才",
"enemy_id":4003,
"common_hit":"10201",
"skill1":"10202",
"skill2":"0",
"skill3":"0",
"skill4":"0",
"skill5":"0",
"common_frame":"3",
"frame1":"2",
"frame2":"0",
"frame3":"0",
"frame4":"0",
"frame5":"0",
"invincible":"0|0|0|0|0",
"only_hurt":"0|0|0|0|0",
"jump_skill":"0|0|0|0|0",
"roll_skill":"0|0|0|0|0",
"boss_id":0,
"common_only_hurt":"0"
},
{
"id":22,
"name":"阴阳真人",
"enemy_id":2109,
"common_hit":"20101",
"skill1":"20102",
"skill2":"0",
"skill3":"0",
"skill4":"0",
"skill5":"0",
"common_frame":"3",
"frame1":"3",
"frame2":"0",
"frame3":"0",
"frame4":"0",
"frame5":"0",
"invincible":"0|65|0|0|0",
"only_hurt":"0|0|0|0|0",
"jump_skill":"0|0|0|0|0",
"roll_skill":"0|0|0|0|0",
"boss_id":0,
"common_only_hurt":"0"
},
{
"id":23,
"name":"风流道人",
"enemy_id":2106,
"common_hit":"20201",
"skill1":"20202",
"skill2":"0",
"skill3":"0",
"skill4":"0",
"skill5":"0",
"common_frame":"3",
"frame1":"3",
"frame2":"0",
"frame3":"0",
"frame4":"0",
"frame5":"0",
"invincible":"0|0|0|0|0",
"only_hurt":"0|0|0|0|0",
"jump_skill":"0|0|0|0|0",
"roll_skill":"0|0|0|0|0",
"boss_id":0,
"common_only_hurt":"0"
},
{
"id":24,
"name":"红莲散人",
"enemy_id":2103,
"common_hit":"20301|20302",
"skill1":"20303",
"skill2":"0",
"skill3":"0",
"skill4":"0",
"skill5":"0",
"common_frame":"3|5",
"frame1":"3",
"frame2":"0",
"frame3":"0",
"frame4":"0",
"frame5":"0",
"invincible":"0|0|0|0|0",
"only_hurt":"0|0|0|0|0",
"jump_skill":"0|0|0|0|0",
"roll_skill":"0|0|0|0|0",
"boss_id":0,
"common_only_hurt":"0"
},
{
"id":25,
"name":"小道士",
"enemy_id":1105,
"common_hit":"20401",
"skill1":"20402|20403",
"skill2":"0",
"skill3":"0",
"skill4":"0",
"skill5":"0",
"common_frame":"3",
"frame1":"2|4",
"frame2":"0",
"frame3":"0",
"frame4":"0",
"frame5":"0",
"invincible":"0|0|0|0|0",
"only_hurt":"26|0|0|0|0",
"jump_skill":"0|0|0|0|0",
"roll_skill":"0|0|0|0|0",
"boss_id":0,
"common_only_hurt":"0"
},
{
"id":26,
"name":"道士",
"enemy_id":2105,
"common_hit":"20401",
"skill1":"20402|20403",
"skill2":"0",
"skill3":"0",
"skill4":"0",
"skill5":"0",
"common_frame":"3",
"frame1":"2|4",
"frame2":"0",
"frame3":"0",
"frame4":"0",
"frame5":"0",
"invincible":"0|0|0|0|0",
"only_hurt":"26|0|0|0|0",
"jump_skill":"0|0|0|0|0",
"roll_skill":"0|0|0|0|0",
"boss_id":0,
"common_only_hurt":"0"
},
{
"id":27,
"name":"精英道士",
"enemy_id":3105,
"common_hit":"20401",
"skill1":"20402|20403",
"skill2":"0",
"skill3":"0",
"skill4":"0",
"skill5":"0",
"common_frame":"3",
"frame1":"2|4",
"frame2":"0",
"frame3":"0",
"frame4":"0",
"frame5":"0",
"invincible":"0|0|0|0|0",
"only_hurt":"26|0|0|0|0",
"jump_skill":"0|0|0|0|0",
"roll_skill":"0|0|0|0|0",
"boss_id":0,
"common_only_hurt":"0"
},
{
"id":28,
"name":"小道姑",
"enemy_id":1102,
"common_hit":"20501",
"skill1":"20502|20503",
"skill2":"0",
"skill3":"0",
"skill4":"0",
"skill5":"0",
"common_frame":"3",
"frame1":"2|4",
"frame2":"0",
"frame3":"0",
"frame4":"0",
"frame5":"0",
"invincible":"0|0|0|0|0",
"only_hurt":"0|0|0|0|0",
"jump_skill":"0|0|0|0|0",
"roll_skill":"0|0|0|0|0",
"boss_id":0,
"common_only_hurt":"0"
},
{
"id":29,
"name":"道姑",
"enemy_id":2102,
"common_hit":"20501",
"skill1":"20502|20503",
"skill2":"0",
"skill3":"0",
"skill4":"0",
"skill5":"0",
"common_frame":"3",
"frame1":"2|4",
"frame2":"0",
"frame3":"0",
"frame4":"0",
"frame5":"0",
"invincible":"0|0|0|0|0",
"only_hurt":"0|0|0|0|0",
"jump_skill":"0|0|0|0|0",
"roll_skill":"0|0|0|0|0",
"boss_id":0,
"common_only_hurt":"0"
},
{
"id":30,
"name":"道姑",
"enemy_id":3102,
"common_hit":"20501",
"skill1":"20502|20503",
"skill2":"0",
"skill3":"0",
"skill4":"0",
"skill5":"0",
"common_frame":"3",
"frame1":"2|4",
"frame2":"0",
"frame3":"0",
"frame4":"0",
"frame5":"0",
"invincible":"0|0|0|0|0",
"only_hurt":"0|0|0|0|0",
"jump_skill":"0|0|0|0|0",
"roll_skill":"0|0|0|0|0",
"boss_id":0,
"common_only_hurt":"0"
},
{
"id":31,
"name":"小乌鸦",
"enemy_id":1107,
"common_hit":"20601",
"skill1":"20602|20603|20604",
"skill2":"0",
"skill3":"0",
"skill4":"0",
"skill5":"0",
"common_frame":"2",
"frame1":"2|4|6",
"frame2":"0",
"frame3":"0",
"frame4":"0",
"frame5":"0",
"invincible":"0|0|0|0|0",
"only_hurt":"0|0|0|0|0",
"jump_skill":"0|0|0|0|0",
"roll_skill":"0|0|0|0|0",
"boss_id":0,
"common_only_hurt":"0"
},
{
"id":32,
"name":"乌鸦王",
"enemy_id":2107,
"common_hit":"20601",
"skill1":"20602|20603|20604",
"skill2":"0",
"skill3":"0",
"skill4":"0",
"skill5":"0",
"common_frame":"2",
"frame1":"2|4|6",
"frame2":"0",
"frame3":"0",
"frame4":"0",
"frame5":"0",
"invincible":"0|0|0|0|0",
"only_hurt":"0|0|0|0|0",
"jump_skill":"0|0|0|0|0",
"roll_skill":"0|0|0|0|0",
"boss_id":0,
"common_only_hurt":"0"
},
{
"id":33,
"name":"精英乌鸦",
"enemy_id":3107,
"common_hit":"20601",
"skill1":"20602|20603|20604",
"skill2":"0",
"skill3":"0",
"skill4":"0",
"skill5":"0",
"common_frame":"2",
"frame1":"2|4|6",
"frame2":"0",
"frame3":"0",
"frame4":"0",
"frame5":"0",
"invincible":"0|0|0|0|0",
"only_hurt":"0|0|0|0|0",
"jump_skill":"0|0|0|0|0",
"roll_skill":"0|0|0|0|0",
"boss_id":0,
"common_only_hurt":"0"
},
{
"id":34,
"name":"小树精",
"enemy_id":1104,
"common_hit":"20701",
"skill1":"20702|20703",
"skill2":"0",
"skill3":"0",
"skill4":"0",
"skill5":"0",
"common_frame":"7",
"frame1":"5|7",
"frame2":"0",
"frame3":"0",
"frame4":"0",
"frame5":"0",
"invincible":"0|0|0|0|0",
"only_hurt":"35|0|0|0|0",
"jump_skill":"0|0|0|0|0",
"roll_skill":"0|0|0|0|0",
"boss_id":0,
"common_only_hurt":"23"
},
{
"id":35,
"name":"大树精",
"enemy_id":2104,
"common_hit":"20701",
"skill1":"20702|20703",
"skill2":"0",
"skill3":"0",
"skill4":"0",
"skill5":"0",
"common_frame":"7",
"frame1":"5|7",
"frame2":"0",
"frame3":"0",
"frame4":"0",
"frame5":"0",
"invincible":"0|0|0|0|0",
"only_hurt":"35|0|0|0|0",
"jump_skill":"0|0|0|0|0",
"roll_skill":"0|0|0|0|0",
"boss_id":0,
"common_only_hurt":"23"
},
{
"id":36,
"name":"精英树精",
"enemy_id":3104,
"common_hit":"20701",
"skill1":"20702|20703",
"skill2":"0",
"skill3":"0",
"skill4":"0",
"skill5":"0",
"common_frame":"7",
"frame1":"5|7",
"frame2":"0",
"frame3":"0",
"frame4":"0",
"frame5":"0",
"invincible":"0|0|0|0|0",
"only_hurt":"35|0|0|0|0",
"jump_skill":"0|0|0|0|0",
"roll_skill":"0|0|0|0|0",
"boss_id":0,
"common_only_hurt":"23"
},
{
"id":37,
"name":"红莲散人",
"enemy_id":4103,
"common_hit":"20301|20302",
"skill1":"20303",
"skill2":"0",
"skill3":"0",
"skill4":"0",
"skill5":"0",
"common_frame":"3|5",
"frame1":"3",
"frame2":"0",
"frame3":"0",
"frame4":"0",
"frame5":"0",
"invincible":"0|0|0|0|0",
"only_hurt":"0|0|0|0|0",
"jump_skill":"0|0|0|0|0",
"roll_skill":"0|0|0|0|0",
"boss_id":0,
"common_only_hurt":"0"
},
{
"id":38,
"name":"不通老人",
"enemy_id":4009,
"common_hit":"10301",
"skill1":"10302|10303",
"skill2":"0",
"skill3":"0",
"skill4":"0",
"skill5":"0",
"common_frame":"3",
"frame1":"3|5",
"frame2":"0",
"frame3":"0",
"frame4":"0",
"frame5":"0",
"invincible":"0|0|0|0|0",
"only_hurt":"0|0|0|0|0",
"jump_skill":"0|0|0|0|0",
"roll_skill":"0|0|0|0|0",
"boss_id":1003,
"common_only_hurt":"0"
},
{
"id":39,
"name":"风流道人",
"enemy_id":4106,
"common_hit":"20201",
"skill1":"20202",
"skill2":"0",
"skill3":"0",
"skill4":"0",
"skill5":"0",
"common_frame":"3",
"frame1":"3",
"frame2":"0",
"frame3":"0",
"frame4":"0",
"frame5":"0",
"invincible":"0|0|0|0|0",
"only_hurt":"0|0|0|0|0",
"jump_skill":"0|0|0|0|0",
"roll_skill":"0|0|0|0|0",
"boss_id":0,
"common_only_hurt":"0"
},
{
"id":40,
"name":"阴阳真人",
"enemy_id":4109,
"common_hit":"20101",
"skill1":"20102",
"skill2":"0",
"skill3":"0",
"skill4":"0",
"skill5":"0",
"common_frame":"3",
"frame1":"3",
"frame2":"0",
"frame3":"0",
"frame4":"0",
"frame5":"0",
"invincible":"0|65|0|0|0",
"only_hurt":"0|0|0|0|0",
"jump_skill":"0|0|0|0|0",
"roll_skill":"0|0|0|0|0",
"boss_id":0,
"common_only_hurt":"0"
},
{
"id":41,
"name":"碧池夫人",
"enemy_id":4006,
"common_hit":"10401",
"skill1":"10402",
"skill2":"10403",
"skill3":"0",
"skill4":"0",
"skill5":"0",
"common_frame":"3",
"frame1":"4",
"frame2":"4",
"frame3":"0",
"frame4":"0",
"frame5":"0",
"invincible":"0|0|0|0|0",
"only_hurt":"0|0|0|0|0",
"jump_skill":"0|0|0|0|0",
"roll_skill":"0|0|0|0|0",
"boss_id":1002,
"common_only_hurt":"0"
},
{
"id":42,
"name":"斗笠剑客",
"enemy_id":1101,
"common_hit":"10701",
"skill1":"10702",
"skill2":"0",
"skill3":"0",
"skill4":"0",
"skill5":"0",
"common_frame":"3",
"frame1":"2",
"frame2":"0",
"frame3":"0",
"frame4":"0",
"frame5":"0",
"invincible":"0|0|0|0|0",
"only_hurt":"0|0|0|0|0",
"jump_skill":"0|0|0|0|0",
"roll_skill":"0|0|0|0|0",
"boss_id":0,
"common_only_hurt":"0"
},
{
"id":43,
"name":"黑衣刺客",
"enemy_id":1108,
"common_hit":"10601|10602|10603|10604",
"skill1":"10605",
"skill2":"0",
"skill3":"0",
"skill4":"0",
"skill5":"0",
"common_frame":"2|5|7|9",
"frame1":"2",
"frame2":"0",
"frame3":"0",
"frame4":"0",
"frame5":"0",
"invincible":"0|0|0|0|0",
"only_hurt":"0|0|0|0|0",
"jump_skill":"0|0|0|0|0",
"roll_skill":"0|0|0|0|0",
"boss_id":0,
"common_only_hurt":"0"
},
{
"id":44,
"name":"斗笠剑狂",
"enemy_id":2101,
"common_hit":"10701",
"skill1":"10702",
"skill2":"0",
"skill3":"0",
"skill4":"0",
"skill5":"0",
"common_frame":"3",
"frame1":"2",
"frame2":"0",
"frame3":"0",
"frame4":"0",
"frame5":"0",
"invincible":"0|0|0|0|0",
"only_hurt":"0|0|0|0|0",
"jump_skill":"0|0|0|0|0",
"roll_skill":"0|0|0|0|0",
"boss_id":0,
"common_only_hurt":"0"
},
{
"id":45,
"name":"黑衣队长",
"enemy_id":2108,
"common_hit":"10601|10602|10603|10604",
"skill1":"10605",
"skill2":"0",
"skill3":"0",
"skill4":"0",
"skill5":"0",
"common_frame":"2|5|7|9",
"frame1":"2",
"frame2":"0",
"frame3":"0",
"frame4":"0",
"frame5":"0",
"invincible":"0|0|0|0|0",
"only_hurt":"0|0|0|0|0",
"jump_skill":"0|0|0|0|0",
"roll_skill":"0|0|0|0|0",
"boss_id":0,
"common_only_hurt":"0"
},
{
"id":46,
"name":"精英斗笠",
"enemy_id":3101,
"common_hit":"10701",
"skill1":"10702",
"skill2":"0",
"skill3":"0",
"skill4":"0",
"skill5":"0",
"common_frame":"3",
"frame1":"2",
"frame2":"0",
"frame3":"0",
"frame4":"0",
"frame5":"0",
"invincible":"0|0|0|0|0",
"only_hurt":"0|0|0|0|0",
"jump_skill":"0|0|0|0|0",
"roll_skill":"0|0|0|0|0",
"boss_id":0,
"common_only_hurt":"0"
},
{
"id":47,
"name":"精英黑衣",
"enemy_id":3108,
"common_hit":"10601|10602|10603|10604",
"skill1":"10605",
"skill2":"0",
"skill3":"0",
"skill4":"0",
"skill5":"0",
"common_frame":"2|5|7|9",
"frame1":"2",
"frame2":"0",
"frame3":"0",
"frame4":"0",
"frame5":"0",
"invincible":"0|0|0|0|0",
"only_hurt":"0|0|0|0|0",
"jump_skill":"0|0|0|0|0",
"roll_skill":"0|0|0|0|0",
"boss_id":0,
"common_only_hurt":"0"
},
{
"id":48,
"name":"乞丐",
"enemy_id":1121,
"common_hit":"10101",
"skill1":"10102",
"skill2":"0",
"skill3":"0",
"skill4":"0",
"skill5":"0",
"common_frame":"3",
"frame1":"3",
"frame2":"0",
"frame3":"0",
"frame4":"0",
"frame5":"0",
"invincible":"0|0|0|0|0",
"only_hurt":"0|0|0|0|0",
"jump_skill":"0|0|0|0|0",
"roll_skill":"0|0|0|0|0",
"boss_id":0,
"common_only_hurt":"0"
},
{
"id":49,
"name":"酒鬼",
"enemy_id":1122,
"common_hit":"10801",
"skill1":"10803|10804|10805|10806",
"skill2":"0",
"skill3":"0",
"skill4":"0",
"skill5":"0",
"common_frame":"3",
"frame1":"4|7|9|11",
"frame2":"0",
"frame3":"0",
"frame4":"0",
"frame5":"0",
"invincible":"0|0|0|0|0",
"only_hurt":"0|0|0|0|0",
"jump_skill":"150|0|0|0|0",
"roll_skill":"0|0|0|0|0",
"boss_id":0,
"common_only_hurt":"0"
},
{
"id":50,
"name":"索命孤魂",
"enemy_id":1011,
"common_hit":"11001",
"skill1":"11002|11003|11003|11003|11003",
"skill2":"0",
"skill3":"0",
"skill4":"0",
"skill5":"0",
"common_frame":"3",
"frame1":"2|4|7|10|13",
"frame2":"1",
"frame3":"0",
"frame4":"0",
"frame5":"0",
"invincible":"0|0|0|0|0",
"only_hurt":"0|0|0|0|0",
"jump_skill":"00|0|0|0",
"roll_skill":"0|0|0|0|0",
"boss_id":0,
"common_only_hurt":"0"
},
{
"id":51,
"name":"狂暴孤魂",
"enemy_id":2011,
"common_hit":"11001",
"skill1":"11002|11003|11003|11003|11003",
"skill2":"0",
"skill3":"0",
"skill4":"0",
"skill5":"0",
"common_frame":"3",
"frame1":"2|4|7|10|13",
"frame2":"1",
"frame3":"0",
"frame4":"0",
"frame5":"0",
"invincible":"0|0|0|0|0",
"only_hurt":"0|0|0|0|0",
"jump_skill":"00|0|0|0",
"roll_skill":"0|0|0|0|0",
"boss_id":0,
"common_only_hurt":"0"
},
{
"id":52,
"name":"精英孤魂",
"enemy_id":3011,
"common_hit":"11001",
"skill1":"11002|11003|11003|11003|11003",
"skill2":"0",
"skill3":"0",
"skill4":"0",
"skill5":"0",
"common_frame":"3",
"frame1":"2|4|7|10|13",
"frame2":"0",
"frame3":"0",
"frame4":"0",
"frame5":"0",
"invincible":"0|0|0|0|0",
"only_hurt":"0|0|0|0|0",
"jump_skill":"00|0|0|0",
"roll_skill":"0|0|0|0|0",
"boss_id":0,
"common_only_hurt":"0"
},
{
"id":53,
"name":"剑魔亡魂",
"enemy_id":2012,
"common_hit":"11101",
"skill1":"11102",
"skill2":"11103",
"skill3":"0",
"skill4":"0",
"skill5":"0",
"common_frame":"3",
"frame1":"2",
"frame2":"6",
"frame3":"0",
"frame4":"0",
"frame5":"0",
"invincible":"0|0|0|0|0",
"only_hurt":"0|70|0|0|0",
"jump_skill":"00|0|0|0",
"roll_skill":"0|0|0|0|0",
"boss_id":0,
"common_only_hurt":"0"
},
{
"id":54,
"name":"剑魔亡魂",
"enemy_id":4012,
"common_hit":"11101",
"skill1":"11102",
"skill2":"11103",
"skill3":"0",
"skill4":"0",
"skill5":"0",
"common_frame":"3",
"frame1":"2",
"frame2":"6",
"frame3":"0",
"frame4":"0",
"frame5":"0",
"invincible":"0|0|0|0|0",
"only_hurt":"0|70|0|0|0",
"jump_skill":"00|0|0|0",
"roll_skill":"0|0|0|0|0",
"boss_id":0,
"common_only_hurt":"0"
},
{
"id":55,
"name":"黑衣队长",
"enemy_id":2010,
"common_hit":"10601|10602|10603|10604",
"skill1":"10605",
"skill2":"0",
"skill3":"0",
"skill4":"0",
"skill5":"0",
"common_frame":"2|5|7|9",
"frame1":"2",
"frame2":"0",
"frame3":"0",
"frame4":"0",
"frame5":"0",
"invincible":"0|0|0|0|0",
"only_hurt":"0|0|0|0|0",
"jump_skill":"0|0|0|0|0",
"roll_skill":"0|0|0|0|0",
"boss_id":0,
"common_only_hurt":"0"
},
{
"id":56,
"name":"僵尸",
"enemy_id":1020,
"common_hit":"101",
"skill1":"102|103|104",
"skill2":"0",
"skill3":"0",
"skill4":"0",
"skill5":"0",
"common_frame":"3",
"frame1":"3|4|5",
"frame2":"0",
"frame3":"0",
"frame4":"0",
"frame5":"0",
"invincible":"0|0|0|0|0",
"only_hurt":"0|0|0|0|0",
"jump_skill":"00|0|0|0",
"roll_skill":"0|0|0|0|0",
"boss_id":0,
"common_only_hurt":"0"
},
{
"id":57,
"name":"僵尸王",
"enemy_id":2020,
"common_hit":"101",
"skill1":"102|103|104",
"skill2":"0",
"skill3":"0",
"skill4":"0",
"skill5":"0",
"common_frame":"3",
"frame1":"3|4|5",
"frame2":"0",
"frame3":"0",
"frame4":"0",
"frame5":"0",
"invincible":"0|0|0|0|0",
"only_hurt":"0|0|0|0|0",
"jump_skill":"00|0|0|0",
"roll_skill":"0|0|0|0|0",
"boss_id":0,
"common_only_hurt":"0"
},
{
"id":58,
"name":"小火魔",
"enemy_id":1111,
"common_hit":"20801",
"skill1":"20802",
"skill2":"0",
"skill3":"0",
"skill4":"0",
"skill5":"0",
"common_frame":"3",
"frame1":"2",
"frame2":"0",
"frame3":"0",
"frame4":"0",
"frame5":"0",
"invincible":"0|0|0|0|0",
"only_hurt":"0|0|0|0|0",
"jump_skill":"00|0|0|0",
"roll_skill":"0|0|0|0|0",
"boss_id":0,
"common_only_hurt":"0"
},
{
"id":59,
"name":"火魔",
"enemy_id":2111,
"common_hit":"20801",
"skill1":"20802",
"skill2":"0",
"skill3":"0",
"skill4":"0",
"skill5":"0",
"common_frame":"3",
"frame1":"2",
"frame2":"0",
"frame3":"0",
"frame4":"0",
"frame5":"0",
"invincible":"0|0|0|0|0",
"only_hurt":"0|0|0|0|0",
"jump_skill":"00|0|0|0",
"roll_skill":"0|0|0|0|0",
"boss_id":0,
"common_only_hurt":"0"
},
{
"id":60,
"name":"精英火魔",
"enemy_id":3111,
"common_hit":"20801",
"skill1":"20802",
"skill2":"0",
"skill3":"0",
"skill4":"0",
"skill5":"0",
"common_frame":"3",
"frame1":"2",
"frame2":"0",
"frame3":"0",
"frame4":"0",
"frame5":"0",
"invincible":"0|0|0|0|0",
"only_hurt":"0|0|0|0|0",
"jump_skill":"00|0|0|0",
"roll_skill":"0|0|0|0|0",
"boss_id":0,
"common_only_hurt":"0"
},
{
"id":61,
"name":"冥火焚身",
"enemy_id":2112,
"common_hit":"20901_20902_20903_20904_20905",
"skill1":"20906|20907_20912",
"skill2":"20908",
"skill3":"20910|20911_20913",
"skill4":"0",
"skill5":"0",
"common_frame":"3",
"frame1":"2|4",
"frame2":"2",
"frame3":"2|4",
"frame4":"0",
"frame5":"0",
"invincible":"0|0|0|0|0",
"only_hurt":"0|32|0|0|0",
"jump_skill":"00|0|0|0",
"roll_skill":"0|0|0|0|0",
"boss_id":0,
"common_only_hurt":"0"
},
{
"id":62,
"name":"冥火焚身",
"enemy_id":4112,
"common_hit":"20901_20902_20903_20904_20905",
"skill1":"20906|20907_20912",
"skill2":"20908",
"skill3":"20910|20911_20913",
"skill4":"0",
"skill5":"0",
"common_frame":"3",
"frame1":"2|4",
"frame2":"2",
"frame3":"2|4",
"frame4":"0",
"frame5":"0",
"invincible":"0|0|0|0|0",
"only_hurt":"0|32|0|0|0",
"jump_skill":"00|0|0|0",
"roll_skill":"0|0|0|0|0",
"boss_id":0,
"common_only_hurt":"0"
},
{
"id":63,
"name":"黑衣队长",
"enemy_id":2110,
"common_hit":"10601|10602|10603|10604",
"skill1":"10605",
"skill2":"0",
"skill3":"0",
"skill4":"0",
"skill5":"0",
"common_frame":"2|5|7|9",
"frame1":"2",
"frame2":"0",
"frame3":"0",
"frame4":"0",
"frame5":"0",
"invincible":"0|0|0|0|0",
"only_hurt":"0|0|0|0|0",
"jump_skill":"0|0|0|0|0",
"roll_skill":"0|0|0|0|0",
"boss_id":0,
"common_only_hurt":"0"
},
{
"id":64,
"name":"骷髅野鬼",
"enemy_id":1202,
"common_hit":"30101",
"skill1":"30102|30103|30104",
"skill2":"0",
"skill3":"0",
"skill4":"0",
"skill5":"0",
"common_frame":"2",
"frame1":"5|9|11",
"frame2":"0",
"frame3":"0",
"frame4":"0",
"frame5":"0",
"invincible":"0|0|0|0|0",
"only_hurt":"0|0|0|0|0",
"jump_skill":"0|0|0|0|0",
"roll_skill":"0|0|0|0|0",
"boss_id":0,
"common_only_hurt":"0"
},
{
"id":65,
"name":"骷髅恶鬼",
"enemy_id":2202,
"common_hit":"30101",
"skill1":"30102|30103|30104",
"skill2":"0",
"skill3":"0",
"skill4":"0",
"skill5":"0",
"common_frame":"2",
"frame1":"5|9|11",
"frame2":"0",
"frame3":"0",
"frame4":"0",
"frame5":"0",
"invincible":"0|0|0|0|0",
"only_hurt":"0|0|0|0|0",
"jump_skill":"0|0|0|0|0",
"roll_skill":"0|0|0|0|0",
"boss_id":0,
"common_only_hurt":"0"
},
{
"id":66,
"name":"精英野鬼",
"enemy_id":3202,
"common_hit":"30101",
"skill1":"30102|30103|30104",
"skill2":"0",
"skill3":"0",
"skill4":"0",
"skill5":"0",
"common_frame":"2",
"frame1":"5|9|11",
"frame2":"0",
"frame3":"0",
"frame4":"0",
"frame5":"0",
"invincible":"0|0|0|0|0",
"only_hurt":"0|0|0|0|0",
"jump_skill":"0|0|0|0|0",
"roll_skill":"0|0|0|0|0",
"boss_id":0,
"common_only_hurt":"0"
},
{
"id":67,
"name":"色中饿鬼",
"enemy_id":2203,
"common_hit":"30201",
"skill1":"30202_30203",
"skill2":"30204",
"skill3":"0",
"skill4":"0",
"skill5":"0",
"common_frame":"2",
"frame1":"2",
"frame2":"5",
"frame3":"0",
"frame4":"0",
"frame5":"0",
"invincible":"0|0|0|0|0",
"only_hurt":"0|0|0|0|0",
"jump_skill":"0|0|0|0|0",
"roll_skill":"0|0|0|0|0",
"boss_id":0,
"common_only_hurt":"0"
},
{
"id":68,
"name":"色中饿鬼",
"enemy_id":4203,
"common_hit":"30201",
"skill1":"30202_30203",
"skill2":"30204",
"skill3":"0",
"skill4":"0",
"skill5":"0",
"common_frame":"2",
"frame1":"2",
"frame2":"5",
"frame3":"0",
"frame4":"0",
"frame5":"0",
"invincible":"0|0|0|0|0",
"only_hurt":"0|0|0|0|0",
"jump_skill":"0|0|0|0|0",
"roll_skill":"0|0|0|0|0",
"boss_id":0,
"common_only_hurt":"0"
},
{
"id":69,
"name":"强盗",
"enemy_id":1201,
"common_hit":"10501",
"skill1":"10502",
"skill2":"0",
"skill3":"0",
"skill4":"0",
"skill5":"0",
"common_frame":"3",
"frame1":"10",
"frame2":"0",
"frame3":"0",
"frame4":"0",
"frame5":"0",
"invincible":"0|0|0|0|0",
"only_hurt":"0|0|0|0|0",
"jump_skill":"0|0|0|0|0",
"roll_skill":"18_25_20|0|0|0|0",
"boss_id":0,
"common_only_hurt":"0"
},
{
"id":70,
"name":"酒鬼",
"enemy_id":1221,
"common_hit":"10801",
"skill1":"10803|10804|10805|10806",
"skill2":"0",
"skill3":"0",
"skill4":"0",
"skill5":"0",
"common_frame":"3",
"frame1":"4|7|9|11",
"frame2":"0",
"frame3":"0",
"frame4":"0",
"frame5":"0",
"invincible":"0|0|0|0|0",
"only_hurt":"0|0|0|0|0",
"jump_skill":"150|0|0|0|0",
"roll_skill":"0|0|0|0|0",
"boss_id":0,
"common_only_hurt":"0"
},
{
"id":71,
"name":"小乌鸦",
"enemy_id":1222,
"common_hit":"20601",
"skill1":"20602|20603|20604",
"skill2":"0",
"skill3":"0",
"skill4":"0",
"skill5":"0",
"common_frame":"2",
"frame1":"2|4|6",
"frame2":"0",
"frame3":"0",
"frame4":"0",
"frame5":"0",
"invincible":"0|0|0|0|0",
"only_hurt":"0|0|0|0|0",
"jump_skill":"0|0|0|0|0",
"roll_skill":"0|0|0|0|0",
"boss_id":0,
"common_only_hurt":"0"
},
{
"id":72,
"name":"强盗老大",
"enemy_id":2201,
"common_hit":"10501",
"skill1":"10502",
"skill2":"0",
"skill3":"0",
"skill4":"0",
"skill5":"0",
"common_frame":"3",
"frame1":"10",
"frame2":"0",
"frame3":"0",
"frame4":"0",
"frame5":"0",
"invincible":"0|0|0|0|0",
"only_hurt":"0|0|0|0|0",
"jump_skill":"0|0|0|0|0",
"roll_skill":"18_25_20|0|0|0|0",
"boss_id":0,
"common_only_hurt":"0"
},
{
"id":73,
"name":"精英强盗",
"enemy_id":3201,
"common_hit":"10501",
"skill1":"10502",
"skill2":"0",
"skill3":"0",
"skill4":"0",
"skill5":"0",
"common_frame":"3",
"frame1":"10",
"frame2":"0",
"frame3":"0",
"frame4":"0",
"frame5":"0",
"invincible":"0|0|0|0|0",
"only_hurt":"0|0|0|0|0",
"jump_skill":"0|0|0|0|0",
"roll_skill":"18_25_20|0|0|0|0",
"boss_id":0,
"common_only_hurt":"0"
},
{
"id":74,
"name":"蛤蟆怪",
"enemy_id":1204,
"common_hit":"10901",
"skill1":"10902|10903",
"skill2":"0",
"skill3":"0",
"skill4":"0",
"skill5":"0",
"common_frame":"3",
"frame1":"2|7",
"frame2":"0",
"frame3":"0",
"frame4":"0",
"frame5":"0",
"invincible":"0|0|0|0|0",
"only_hurt":"0|0|0|0|0",
"jump_skill":"0|0|0|0|0",
"roll_skill":"0|0|0|0|0",
"boss_id":0,
"common_only_hurt":"0"
},
{
"id":75,
"name":"恶魔犬",
"enemy_id":1205,
"common_hit":"30301",
"skill1":"30302",
"skill2":"0",
"skill3":"0",
"skill4":"0",
"skill5":"0",
"common_frame":"3",
"frame1":"2",
"frame2":"0",
"frame3":"0",
"frame4":"0",
"frame5":"0",
"invincible":"0|0|0|0|0",
"only_hurt":"0|0|0|0|0",
"jump_skill":"0|0|0|0|0",
"roll_skill":"0|0|0|0|0",
"boss_id":0,
"common_only_hurt":"0"
},
{
"id":76,
"name":"蛤蟆王",
"enemy_id":2204,
"common_hit":"10901",
"skill1":"10902|10903",
"skill2":"0",
"skill3":"0",
"skill4":"0",
"skill5":"0",
"common_frame":"3",
"frame1":"2|7",
"frame2":"0",
"frame3":"0",
"frame4":"0",
"frame5":"0",
"invincible":"0|0|0|0|0",
"only_hurt":"0|0|0|0|0",
"jump_skill":"0|0|0|0|0",
"roll_skill":"0|0|0|0|0",
"boss_id":0,
"common_only_hurt":"0"
},
{
"id":77,
"name":"恶魔犬王",
"enemy_id":2205,
"common_hit":"30301",
"skill1":"30302",
"skill2":"0",
"skill3":"0",
"skill4":"0",
"skill5":"0",
"common_frame":"3",
"frame1":"2",
"frame2":"0",
"frame3":"0",
"frame4":"0",
"frame5":"0",
"invincible":"0|0|0|0|0",
"only_hurt":"0|0|0|0|0",
"jump_skill":"0|0|0|0|0",
"roll_skill":"0|0|0|0|0",
"boss_id":0,
"common_only_hurt":"0"
},
{
"id":78,
"name":"雷嗔电怒",
"enemy_id":2206,
"common_hit":"30401",
"skill1":"30402_30403_30404",
"skill2":"30405|30406_30407",
"skill3":"30408_30409_30410",
"skill4":"0",
"skill5":"0",
"common_frame":"3",
"frame1":"2",
"frame2":"2|6",
"frame3":"2",
"frame4":"0",
"frame5":"0",
"invincible":"0|0|0|0|0",
"only_hurt":"0|0|0|0|0",
"jump_skill":"0|250|0|0|0",
"roll_skill":"0|0|0|0|0",
"boss_id":0,
"common_only_hurt":"0"
},
{
"id":79,
"name":"精英蛤蟆",
"enemy_id":3204,
"common_hit":"10901",
"skill1":"10902|10903",
"skill2":"0",
"skill3":"0",
"skill4":"0",
"skill5":"0",
"common_frame":"3",
"frame1":"2|7",
"frame2":"0",
"frame3":"0",
"frame4":"0",
"frame5":"0",
"invincible":"0|0|0|0|0",
"only_hurt":"0|0|0|0|0",
"jump_skill":"0|0|0|0|0",
"roll_skill":"0|0|0|0|0",
"boss_id":0,
"common_only_hurt":"0"
},
{
"id":80,
"name":"精英恶犬",
"enemy_id":3205,
"common_hit":"30301",
"skill1":"30302",
"skill2":"0",
"skill3":"0",
"skill4":"0",
"skill5":"0",
"common_frame":"3",
"frame1":"2",
"frame2":"0",
"frame3":"0",
"frame4":"0",
"frame5":"0",
"invincible":"0|0|0|0|0",
"only_hurt":"0|0|0|0|0",
"jump_skill":"0|0|0|0|0",
"roll_skill":"0|0|0|0|0",
"boss_id":0,
"common_only_hurt":"0"
},
{
"id":81,
"name":"雷嗔电怒",
"enemy_id":4206,
"common_hit":"30401",
"skill1":"30402_30403_30404",
"skill2":"30405|30406_30407",
"skill3":"30408_30409_30410",
"skill4":"0",
"skill5":"0",
"common_frame":"3",
"frame1":"2",
"frame2":"2|6",
"frame3":"2",
"frame4":"0",
"frame5":"0",
"invincible":"0|0|0|0|0",
"only_hurt":"0|0|0|0|0",
"jump_skill":"0|250|0|0|0",
"roll_skill":"0|0|0|0|0",
"boss_id":0,
"common_only_hurt":"0"
},
{
"id":82,
"name":"屠夫",
"enemy_id":1207,
"common_hit":"30501",
"skill1":"30502|30503|30504",
"skill2":"0",
"skill3":"0",
"skill4":"0",
"skill5":"0",
"common_frame":"3",
"frame1":"2",
"frame2":"0",
"frame3":"0",
"frame4":"0",
"frame5":"0",
"invincible":"0|0|0|0|0",
"only_hurt":"0|0|0|0|0",
"jump_skill":"0|0|0|0|0",
"roll_skill":"0|0|0|0|0",
"boss_id":0,
"common_only_hurt":"0"
},
{
"id":83,
"name":"屠夫总长",
"enemy_id":2207,
"common_hit":"30501",
"skill1":"30502|30503|30504",
"skill2":"0",
"skill3":"0",
"skill4":"0",
"skill5":"0",
"common_frame":"3",
"frame1":"2|4|6",
"frame2":"0",
"frame3":"0",
"frame4":"0",
"frame5":"0",
"invincible":"0|0|0|0|0",
"only_hurt":"0|0|0|0|0",
"jump_skill":"0|0|0|0|0",
"roll_skill":"0|0|0|0|0",
"boss_id":0,
"common_only_hurt":"0"
},
{
"id":84,
"name":"痴男",
"enemy_id":6023,
"common_hit":"30601",
"skill1":"30602",
"skill2":"30609",
"skill3":"30611",
"skill4":"30605|30606|30602",
"skill5":"30607|30608|30602",
"common_frame":"2",
"frame1":"2",
"frame2":"2",
"frame3":"2",
"frame4":"2|5|8",
"frame5":"2|5|8",
"invincible":"0|0|0|0|0",
"only_hurt":"0|0|0|0|0",
"jump_skill":"0|0|0|0|0",
"roll_skill":"0|0|0|0|0",
"boss_id":0,
"common_only_hurt":"0"
},
{
"id":85,
"name":"痴男",
"enemy_id":4209,
"common_hit":"30601",
"skill1":"30602",
"skill2":"30609",
"skill3":"30611",
"skill4":"30605|30606|30602",
"skill5":"30607|30608|30602",
"common_frame":"2",
"frame1":"2",
"frame2":"2",
"frame3":"2",
"frame4":"2|5|8",
"frame5":"2|5|8",
"invincible":"0|0|0|0|0",
"only_hurt":"0|0|0|0|0",
"jump_skill":"0|0|0|0|0",
"roll_skill":"0|0|0|0|0",
"boss_id":0,
"common_only_hurt":"0"
},
{
"id":86,
"name":"怨女",
"enemy_id":2219,
"common_hit":"30701|30702|30703",
"skill1":"30704|30705",
"skill2":"30707",
"skill3":"30710",
"skill4":"30708|30709|30704|30705",
"skill5":"0",
"common_frame":"2|5|8",
"frame1":"2|4",
"frame2":"2",
"frame3":"2",
"frame4":"2|5|8|10",
"frame5":"0",
"invincible":"0|0|0|0|0",
"only_hurt":"0|0|0|0|0",
"jump_skill":"0|0|0|0|0",
"roll_skill":"0|0|0|0|0",
"boss_id":0,
"common_only_hurt":"0"
},
{
"id":87,
"name":"怨女",
"enemy_id":4219,
"common_hit":"30701|30702|30703",
"skill1":"30704|30705",
"skill2":"30707",
"skill3":"30710",
"skill4":"30708|30709|30704|30705",
"skill5":"0",
"common_frame":"2|5|8",
"frame1":"2|4",
"frame2":"2",
"frame3":"2",
"frame4":"2|5|8|10",
"frame5":"0",
"invincible":"0|0|0|0|0",
"only_hurt":"0|0|0|0|0",
"jump_skill":"0|0|0|0|0",
"roll_skill":"0|0|0|0|0",
"boss_id":0,
"common_only_hurt":"0"
},
{
"id":88,
"name":"黑衣刺客",
"enemy_id":1208,
"common_hit":"10601|10602|10603|10604",
"skill1":"10605",
"skill2":"0",
"skill3":"0",
"skill4":"0",
"skill5":"0",
"common_frame":"2|5|7|9",
"frame1":"2",
"frame2":"0",
"frame3":"0",
"frame4":"0",
"frame5":"0",
"invincible":"0|0|0|0|0",
"only_hurt":"0|0|0|0|0",
"jump_skill":"0|0|0|0|0",
"roll_skill":"0|0|0|0|0",
"boss_id":0,
"common_only_hurt":"0"
},
{
"id":89,
"name":"黑衣队长",
"enemy_id":2208,
"common_hit":"10601|10602|10603|10604",
"skill1":"10605",
"skill2":"0",
"skill3":"0",
"skill4":"0",
"skill5":"0",
"common_frame":"2|5|7|9",
"frame1":"2",
"frame2":"0",
"frame3":"0",
"frame4":"0",
"frame5":"0",
"invincible":"0|0|0|0|0",
"only_hurt":"0|0|0|0|0",
"jump_skill":"0|0|0|0|0",
"roll_skill":"0|0|0|0|0",
"boss_id":0,
"common_only_hurt":"0"
},
{
"id":90,
"name":"精英屠夫",
"enemy_id":3207,
"common_hit":"30501",
"skill1":"30502|30503|30504",
"skill2":"0",
"skill3":"0",
"skill4":"0",
"skill5":"0",
"common_frame":"3",
"frame1":"2|4|6",
"frame2":"0",
"frame3":"0",
"frame4":"0",
"frame5":"0",
"invincible":"0|0|0|0|0",
"only_hurt":"0|0|0|0|0",
"jump_skill":"0|0|0|0|0",
"roll_skill":"0|0|0|0|0",
"boss_id":0,
"common_only_hurt":"0"
},
{
"id":91,
"name":"精英黑衣",
"enemy_id":3208,
"common_hit":"10601|10602|10603|10604",
"skill1":"10605",
"skill2":"0",
"skill3":"0",
"skill4":"0",
"skill5":"0",
"common_frame":"2|5|7|9",
"frame1":"2",
"frame2":"0",
"frame3":"0",
"frame4":"0",
"frame5":"0",
"invincible":"0|0|0|0|0",
"only_hurt":"0|0|0|0|0",
"jump_skill":"0|0|0|0|0",
"roll_skill":"0|0|0|0|0",
"boss_id":0,
"common_only_hurt":"0"
},
{
"id":92,
"name":"乞丐",
"enemy_id":5001,
"common_hit":"10101",
"skill1":"10102",
"skill2":"0",
"skill3":"0",
"skill4":"0",
"skill5":"0",
"common_frame":"3",
"frame1":"3",
"frame2":"0",
"frame3":"0",
"frame4":"0",
"frame5":"0",
"invincible":"0|0|0|0|0",
"only_hurt":"0|0|0|0|0",
"jump_skill":"0|0|0|0|0",
"roll_skill":"0|0|0|0|0",
"boss_id":0,
"common_only_hurt":"0"
},
{
"id":93,
"name":"酒鬼",
"enemy_id":5002,
"common_hit":"10801",
"skill1":"10803|10804|10805|10806",
"skill2":"0",
"skill3":"0",
"skill4":"0",
"skill5":"0",
"common_frame":"3",
"frame1":"4|7|9|11",
"frame2":"0",
"frame3":"0",
"frame4":"0",
"frame5":"0",
"invincible":"0|0|0|0|0",
"only_hurt":"0|0|0|0|0",
"jump_skill":"150|0|0|0|0",
"roll_skill":"0|0|0|0|0",
"boss_id":0,
"common_only_hurt":"0"
},
{
"id":94,
"name":"强盗",
"enemy_id":5003,
"common_hit":"10501",
"skill1":"10502",
"skill2":"0",
"skill3":"0",
"skill4":"0",
"skill5":"0",
"common_frame":"3",
"frame1":"10",
"frame2":"0",
"frame3":"0",
"frame4":"0",
"frame5":"0",
"invincible":"0|0|0|0|0",
"only_hurt":"0|0|0|0|0",
"jump_skill":"0|0|0|0|0",
"roll_skill":"18_25_20|0|0|0|0",
"boss_id":0,
"common_only_hurt":"0"
},
{
"id":95,
"name":"蛤蟆怪",
"enemy_id":5004,
"common_hit":"10901",
"skill1":"10902|10903",
"skill2":"0",
"skill3":"0",
"skill4":"0",
"skill5":"0",
"common_frame":"3",
"frame1":"2|7",
"frame2":"0",
"frame3":"0",
"frame4":"0",
"frame5":"0",
"invincible":"0|0|0|0|0",
"only_hurt":"0|0|0|0|0",
"jump_skill":"0|0|0|0|0",
"roll_skill":"0|0|0|0|0",
"boss_id":0,
"common_only_hurt":"0"
},
{
"id":96,
"name":"斗笠剑客",
"enemy_id":5005,
"common_hit":"10701",
"skill1":"10702",
"skill2":"0",
"skill3":"0",
"skill4":"0",
"skill5":"0",
"common_frame":"3",
"frame1":"2",
"frame2":"0",
"frame3":"0",
"frame4":"0",
"frame5":"0",
"invincible":"0|0|0|0|0",
"only_hurt":"0|0|0|0|0",
"jump_skill":"0|0|0|0|0",
"roll_skill":"0|0|0|0|0",
"boss_id":0,
"common_only_hurt":"0"
},
{
"id":97,
"name":"黑衣刺客",
"enemy_id":5006,
"common_hit":"10601|10602|10603|10604",
"skill1":"10605",
"skill2":"0",
"skill3":"0",
"skill4":"0",
"skill5":"0",
"common_frame":"2|5|7|9",
"frame1":"2",
"frame2":"0",
"frame3":"0",
"frame4":"0",
"frame5":"0",
"invincible":"0|0|0|0|0",
"only_hurt":"0|0|0|0|0",
"jump_skill":"0|0|0|0|0",
"roll_skill":"0|0|0|0|0",
"boss_id":0,
"common_only_hurt":"0"
},
{
"id":98,
"name":"索命孤魂",
"enemy_id":5007,
"common_hit":"11001",
"skill1":"11002|11003|11003|11003|11003",
"skill2":"0",
"skill3":"0",
"skill4":"0",
"skill5":"0",
"common_frame":"3",
"frame1":"2|4|7|10|13",
"frame2":"1",
"frame3":"0",
"frame4":"0",
"frame5":"0",
"invincible":"0|0|0|0|0",
"only_hurt":"0|0|0|0|0",
"jump_skill":"00|0|0|0",
"roll_skill":"0|0|0|0|0",
"boss_id":0,
"common_only_hurt":"0"
},
{
"id":99,
"name":"斗笠剑客",
"enemy_id":5011,
"common_hit":"10701",
"skill1":"10702",
"skill2":"0",
"skill3":"0",
"skill4":"0",
"skill5":"0",
"common_frame":"3",
"frame1":"2",
"frame2":"0",
"frame3":"0",
"frame4":"0",
"frame5":"0",
"invincible":"0|0|0|0|0",
"only_hurt":"0|0|0|0|0",
"jump_skill":"0|0|0|0|0",
"roll_skill":"0|0|0|0|0",
"boss_id":0,
"common_only_hurt":"0"
},
{
"id":100,
"name":"小道姑",
"enemy_id":5012,
"common_hit":"20501",
"skill1":"20502|20503",
"skill2":"0",
"skill3":"0",
"skill4":"0",
"skill5":"0",
"common_frame":"3",
"frame1":"2|4",
"frame2":"0",
"frame3":"0",
"frame4":"0",
"frame5":"0",
"invincible":"0|0|0|0|0",
"only_hurt":"0|0|0|0|0",
"jump_skill":"0|0|0|0|0",
"roll_skill":"0|0|0|0|0",
"boss_id":0,
"common_only_hurt":"0"
},
{
"id":101,
"name":"酒鬼",
"enemy_id":5013,
"common_hit":"10801",
"skill1":"10803|10804|10805|10806",
"skill2":"0",
"skill3":"0",
"skill4":"0",
"skill5":"0",
"common_frame":"3",
"frame1":"4|7|9|11",
"frame2":"0",
"frame3":"0",
"frame4":"0",
"frame5":"0",
"invincible":"0|0|0|0|0",
"only_hurt":"0|0|0|0|0",
"jump_skill":"150|0|0|0|0",
"roll_skill":"0|0|0|0|0",
"boss_id":0,
"common_only_hurt":"0"
},
{
"id":102,
"name":"小道士",
"enemy_id":5014,
"common_hit":"20401",
"skill1":"20402|20403",
"skill2":"0",
"skill3":"0",
"skill4":"0",
"skill5":"0",
"common_frame":"3",
"frame1":"2|4",
"frame2":"0",
"frame3":"0",
"frame4":"0",
"frame5":"0",
"invincible":"0|0|0|0|0",
"only_hurt":"26|0|0|0|0",
"jump_skill":"0|0|0|0|0",
"roll_skill":"0|0|0|0|0",
"boss_id":0,
"common_only_hurt":"0"
},
{
"id":103,
"name":"小乌鸦",
"enemy_id":5015,
"common_hit":"20601",
"skill1":"20602|20603|20604",
"skill2":"0",
"skill3":"0",
"skill4":"0",
"skill5":"0",
"common_frame":"2",
"frame1":"2|4|6",
"frame2":"0",
"frame3":"0",
"frame4":"0",
"frame5":"0",
"invincible":"0|0|0|0|0",
"only_hurt":"0|0|0|0|0",
"jump_skill":"0|0|0|0|0",
"roll_skill":"0|0|0|0|0",
"boss_id":0,
"common_only_hurt":"0"
},
{
"id":104,
"name":"黑衣刺客",
"enemy_id":5016,
"common_hit":"10601|10602|10603|10604",
"skill1":"10605",
"skill2":"0",
"skill3":"0",
"skill4":"0",
"skill5":"0",
"common_frame":"2|5|7|9",
"frame1":"2",
"frame2":"0",
"frame3":"0",
"frame4":"0",
"frame5":"0",
"invincible":"0|0|0|0|0",
"only_hurt":"0|0|0|0|0",
"jump_skill":"0|0|0|0|0",
"roll_skill":"0|0|0|0|0",
"boss_id":0,
"common_only_hurt":"0"
},
{
"id":105,
"name":"小火魔",
"enemy_id":5017,
"common_hit":"20801",
"skill1":"20802",
"skill2":"0",
"skill3":"0",
"skill4":"0",
"skill5":"0",
"common_frame":"3",
"frame1":"2",
"frame2":"0",
"frame3":"0",
"frame4":"0",
"frame5":"0",
"invincible":"0|0|0|0|0",
"only_hurt":"0|0|0|0|0",
"jump_skill":"00|0|0|0",
"roll_skill":"0|0|0|0|0",
"boss_id":0,
"common_only_hurt":"0"
},
{
"id":106,
"name":"强盗",
"enemy_id":5021,
"common_hit":"10501",
"skill1":"10502",
"skill2":"0",
"skill3":"0",
"skill4":"0",
"skill5":"0",
"common_frame":"3",
"frame1":"10",
"frame2":"0",
"frame3":"0",
"frame4":"0",
"frame5":"0",
"invincible":"0|0|0|0|0",
"only_hurt":"0|0|0|0|0",
"jump_skill":"0|0|0|0|0",
"roll_skill":"18_25_20|0|0|0|0",
"boss_id":0,
"common_only_hurt":"0"
},
{
"id":107,
"name":"骷髅野鬼",
"enemy_id":5022,
"common_hit":"30101",
"skill1":"30102|30103|30104",
"skill2":"0",
"skill3":"0",
"skill4":"0",
"skill5":"0",
"common_frame":"2",
"frame1":"5|9|11",
"frame2":"0",
"frame3":"0",
"frame4":"0",
"frame5":"0",
"invincible":"0|0|0|0|0",
"only_hurt":"0|0|0|0|0",
"jump_skill":"0|0|0|0|0",
"roll_skill":"0|0|0|0|0",
"boss_id":0,
"common_only_hurt":"0"
},
{
"id":108,
"name":"蛤蟆怪",
"enemy_id":5023,
"common_hit":"10901",
"skill1":"10902|10903",
"skill2":"0",
"skill3":"0",
"skill4":"0",
"skill5":"0",
"common_frame":"3",
"frame1":"2|7",
"frame2":"0",
"frame3":"0",
"frame4":"0",
"frame5":"0",
"invincible":"0|0|0|0|0",
"only_hurt":"0|0|0|0|0",
"jump_skill":"0|0|0|0|0",
"roll_skill":"0|0|0|0|0",
"boss_id":0,
"common_only_hurt":"0"
},
{
"id":109,
"name":"恶魔犬",
"enemy_id":5024,
"common_hit":"30301",
"skill1":"30302",
"skill2":"0",
"skill3":"0",
"skill4":"0",
"skill5":"0",
"common_frame":"3",
"frame1":"2",
"frame2":"0",
"frame3":"0",
"frame4":"0",
"frame5":"0",
"invincible":"0|0|0|0|0",
"only_hurt":"0|0|0|0|0",
"jump_skill":"0|0|0|0|0",
"roll_skill":"0|0|0|0|0",
"boss_id":0,
"common_only_hurt":"0"
},
{
"id":110,
"name":"屠夫",
"enemy_id":5025,
"common_hit":"30501",
"skill1":"30502|30503|30504",
"skill2":"0",
"skill3":"0",
"skill4":"0",
"skill5":"0",
"common_frame":"3",
"frame1":"2",
"frame2":"0",
"frame3":"0",
"frame4":"0",
"frame5":"0",
"invincible":"0|0|0|0|0",
"only_hurt":"0|0|0|0|0",
"jump_skill":"0|0|0|0|0",
"roll_skill":"0|0|0|0|0",
"boss_id":0,
"common_only_hurt":"0"
},
{
"id":111,
"name":"黑衣刺客",
"enemy_id":5026,
"common_hit":"10601|10602|10603|10604",
"skill1":"10605",
"skill2":"0",
"skill3":"0",
"skill4":"0",
"skill5":"0",
"common_frame":"2|5|7|9",
"frame1":"2",
"frame2":"0",
"frame3":"0",
"frame4":"0",
"frame5":"0",
"invincible":"0|0|0|0|0",
"only_hurt":"0|0|0|0|0",
"jump_skill":"0|0|0|0|0",
"roll_skill":"0|0|0|0|0",
"boss_id":0,
"common_only_hurt":"0"
},
{
"id":112,
"name":"精英乞丐",
"enemy_id":5101,
"common_hit":"10101",
"skill1":"10102",
"skill2":"0",
"skill3":"0",
"skill4":"0",
"skill5":"0",
"common_frame":"3",
"frame1":"3",
"frame2":"0",
"frame3":"0",
"frame4":"0",
"frame5":"0",
"invincible":"0|0|0|0|0",
"only_hurt":"0|0|0|0|0",
"jump_skill":"0|0|0|0|0",
"roll_skill":"0|0|0|0|0",
"boss_id":0,
"common_only_hurt":"0"
},
{
"id":113,
"name":"精英酒鬼",
"enemy_id":5102,
"common_hit":"10801",
"skill1":"10803|10804|10805|10806",
"skill2":"0",
"skill3":"0",
"skill4":"0",
"skill5":"0",
"common_frame":"3",
"frame1":"4|7|9|11",
"frame2":"0",
"frame3":"0",
"frame4":"0",
"frame5":"0",
"invincible":"0|0|0|0|0",
"only_hurt":"0|0|0|0|0",
"jump_skill":"150|0|0|0|0",
"roll_skill":"0|0|0|0|0",
"boss_id":0,
"common_only_hurt":"0"
},
{
"id":114,
"name":"精英强盗",
"enemy_id":5103,
"common_hit":"10501",
"skill1":"10502",
"skill2":"0",
"skill3":"0",
"skill4":"0",
"skill5":"0",
"common_frame":"3",
"frame1":"10",
"frame2":"0",
"frame3":"0",
"frame4":"0",
"frame5":"0",
"invincible":"0|0|0|0|0",
"only_hurt":"0|0|0|0|0",
"jump_skill":"0|0|0|0|0",
"roll_skill":"18_25_20|0|0|0|0",
"boss_id":0,
"common_only_hurt":"0"
},
{
"id":115,
"name":"精英蛤蟆",
"enemy_id":5104,
"common_hit":"10901",
"skill1":"10902|10903",
"skill2":"0",
"skill3":"0",
"skill4":"0",
"skill5":"0",
"common_frame":"3",
"frame1":"2|7",
"frame2":"0",
"frame3":"0",
"frame4":"0",
"frame5":"0",
"invincible":"0|0|0|0|0",
"only_hurt":"0|0|0|0|0",
"jump_skill":"0|0|0|0|0",
"roll_skill":"0|0|0|0|0",
"boss_id":0,
"common_only_hurt":"0"
},
{
"id":116,
"name":"精英斗笠",
"enemy_id":5105,
"common_hit":"10701",
"skill1":"10702",
"skill2":"0",
"skill3":"0",
"skill4":"0",
"skill5":"0",
"common_frame":"3",
"frame1":"2",
"frame2":"0",
"frame3":"0",
"frame4":"0",
"frame5":"0",
"invincible":"0|0|0|0|0",
"only_hurt":"0|0|0|0|0",
"jump_skill":"0|0|0|0|0",
"roll_skill":"0|0|0|0|0",
"boss_id":0,
"common_only_hurt":"0"
},
{
"id":117,
"name":"精英黑衣",
"enemy_id":5106,
"common_hit":"10601|10602|10603|10604",
"skill1":"10605",
"skill2":"0",
"skill3":"0",
"skill4":"0",
"skill5":"0",
"common_frame":"2|5|7|9",
"frame1":"2",
"frame2":"0",
"frame3":"0",
"frame4":"0",
"frame5":"0",
"invincible":"0|0|0|0|0",
"only_hurt":"0|0|0|0|0",
"jump_skill":"0|0|0|0|0",
"roll_skill":"0|0|0|0|0",
"boss_id":0,
"common_only_hurt":"0"
},
{
"id":118,
"name":"精英孤魂",
"enemy_id":5107,
"common_hit":"11001",
"skill1":"11002|11003|11003|11003|11003",
"skill2":"0",
"skill3":"0",
"skill4":"0",
"skill5":"0",
"common_frame":"3",
"frame1":"2|4|7|10|13",
"frame2":"0",
"frame3":"0",
"frame4":"0",
"frame5":"0",
"invincible":"0|0|0|0|0",
"only_hurt":"0|0|0|0|0",
"jump_skill":"00|0|0|0",
"roll_skill":"0|0|0|0|0",
"boss_id":0,
"common_only_hurt":"0"
},
{
"id":119,
"name":"精英斗笠",
"enemy_id":5111,
"common_hit":"10701",
"skill1":"10702",
"skill2":"0",
"skill3":"0",
"skill4":"0",
"skill5":"0",
"common_frame":"3",
"frame1":"2",
"frame2":"0",
"frame3":"0",
"frame4":"0",
"frame5":"0",
"invincible":"0|0|0|0|0",
"only_hurt":"0|0|0|0|0",
"jump_skill":"0|0|0|0|0",
"roll_skill":"0|0|0|0|0",
"boss_id":0,
"common_only_hurt":"0"
},
{
"id":120,
"name":"精英道士",
"enemy_id":5112,
"common_hit":"20401",
"skill1":"20402|20403",
"skill2":"0",
"skill3":"0",
"skill4":"0",
"skill5":"0",
"common_frame":"3",
"frame1":"2|4",
"frame2":"0",
"frame3":"0",
"frame4":"0",
"frame5":"0",
"invincible":"0|0|0|0|0",
"only_hurt":"26|0|0|0|0",
"jump_skill":"0|0|0|0|0",
"roll_skill":"0|0|0|0|0",
"boss_id":0,
"common_only_hurt":"0"
},
{
"id":121,
"name":"精英酒鬼",
"enemy_id":5113,
"common_hit":"10801",
"skill1":"10803|10804|10805|10806",
"skill2":"0",
"skill3":"0",
"skill4":"0",
"skill5":"0",
"common_frame":"3",
"frame1":"4|7|9|11",
"frame2":"0",
"frame3":"0",
"frame4":"0",
"frame5":"0",
"invincible":"0|0|0|0|0",
"only_hurt":"0|0|0|0|0",
"jump_skill":"150|0|0|0|0",
"roll_skill":"0|0|0|0|0",
"boss_id":0,
"common_only_hurt":"0"
},
{
"id":122,
"name":"精英道士",
"enemy_id":5114,
"common_hit":"20401",
"skill1":"20402|20403",
"skill2":"0",
"skill3":"0",
"skill4":"0",
"skill5":"0",
"common_frame":"3",
"frame1":"2|4",
"frame2":"0",
"frame3":"0",
"frame4":"0",
"frame5":"0",
"invincible":"0|0|0|0|0",
"only_hurt":"26|0|0|0|0",
"jump_skill":"0|0|0|0|0",
"roll_skill":"0|0|0|0|0",
"boss_id":0,
"common_only_hurt":"0"
},
{
"id":123,
"name":"精英乌鸦",
"enemy_id":5115,
"common_hit":"20601",
"skill1":"20602|20603|20604",
"skill2":"0",
"skill3":"0",
"skill4":"0",
"skill5":"0",
"common_frame":"2",
"frame1":"2|4|6",
"frame2":"0",
"frame3":"0",
"frame4":"0",
"frame5":"0",
"invincible":"0|0|0|0|0",
"only_hurt":"0|0|0|0|0",
"jump_skill":"0|0|0|0|0",
"roll_skill":"0|0|0|0|0",
"boss_id":0,
"common_only_hurt":"0"
},
{
"id":124,
"name":"精英黑衣",
"enemy_id":5116,
"common_hit":"10601|10602|10603|10604",
"skill1":"10605",
"skill2":"0",
"skill3":"0",
"skill4":"0",
"skill5":"0",
"common_frame":"2|5|7|9",
"frame1":"2",
"frame2":"0",
"frame3":"0",
"frame4":"0",
"frame5":"0",
"invincible":"0|0|0|0|0",
"only_hurt":"0|0|0|0|0",
"jump_skill":"0|0|0|0|0",
"roll_skill":"0|0|0|0|0",
"boss_id":0,
"common_only_hurt":"0"
},
{
"id":125,
"name":"精英乞丐",
"enemy_id":5117,
"common_hit":"10101",
"skill1":"10102",
"skill2":"0",
"skill3":"0",
"skill4":"0",
"skill5":"0",
"common_frame":"3",
"frame1":"3",
"frame2":"0",
"frame3":"0",
"frame4":"0",
"frame5":"0",
"invincible":"0|0|0|0|0",
"only_hurt":"0|0|0|0|0",
"jump_skill":"0|0|0|0|0",
"roll_skill":"0|0|0|0|0",
"boss_id":0,
"common_only_hurt":"0"
},
{
"id":126,
"name":"精英强盗",
"enemy_id":5121,
"common_hit":"10501",
"skill1":"10502",
"skill2":"0",
"skill3":"0",
"skill4":"0",
"skill5":"0",
"common_frame":"3",
"frame1":"10",
"frame2":"0",
"frame3":"0",
"frame4":"0",
"frame5":"0",
"invincible":"0|0|0|0|0",
"only_hurt":"0|0|0|0|0",
"jump_skill":"0|0|0|0|0",
"roll_skill":"18_25_20|0|0|0|0",
"boss_id":0,
"common_only_hurt":"0"
},
{
"id":127,
"name":"精英野鬼",
"enemy_id":5122,
"common_hit":"30101",
"skill1":"30102|30103|30104",
"skill2":"0",
"skill3":"0",
"skill4":"0",
"skill5":"0",
"common_frame":"2",
"frame1":"5|9|11",
"frame2":"0",
"frame3":"0",
"frame4":"0",
"frame5":"0",
"invincible":"0|0|0|0|0",
"only_hurt":"0|0|0|0|0",
"jump_skill":"0|0|0|0|0",
"roll_skill":"0|0|0|0|0",
"boss_id":0,
"common_only_hurt":"0"
},
{
"id":128,
"name":"精英蛤蟆",
"enemy_id":5123,
"common_hit":"10901",
"skill1":"10902|10903",
"skill2":"0",
"skill3":"0",
"skill4":"0",
"skill5":"0",
"common_frame":"3",
"frame1":"2|7",
"frame2":"0",
"frame3":"0",
"frame4":"0",
"frame5":"0",
"invincible":"0|0|0|0|0",
"only_hurt":"0|0|0|0|0",
"jump_skill":"0|0|0|0|0",
"roll_skill":"0|0|0|0|0",
"boss_id":0,
"common_only_hurt":"0"
},
{
"id":129,
"name":"精英恶犬",
"enemy_id":5124,
"common_hit":"30301",
"skill1":"30302",
"skill2":"0",
"skill3":"0",
"skill4":"0",
"skill5":"0",
"common_frame":"3",
"frame1":"2",
"frame2":"0",
"frame3":"0",
"frame4":"0",
"frame5":"0",
"invincible":"0|0|0|0|0",
"only_hurt":"0|0|0|0|0",
"jump_skill":"0|0|0|0|0",
"roll_skill":"0|0|0|0|0",
"boss_id":0,
"common_only_hurt":"0"
},
{
"id":130,
"name":"精英屠夫",
"enemy_id":5125,
"common_hit":"30501",
"skill1":"30502|30503|30504",
"skill2":"0",
"skill3":"0",
"skill4":"0",
"skill5":"0",
"common_frame":"3",
"frame1":"2|4|6",
"frame2":"0",
"frame3":"0",
"frame4":"0",
"frame5":"0",
"invincible":"0|0|0|0|0",
"only_hurt":"0|0|0|0|0",
"jump_skill":"0|0|0|0|0",
"roll_skill":"0|0|0|0|0",
"boss_id":0,
"common_only_hurt":"0"
},
{
"id":131,
"name":"精英黑衣",
"enemy_id":5126,
"common_hit":"10601|10602|10603|10604",
"skill1":"10605",
"skill2":"0",
"skill3":"0",
"skill4":"0",
"skill5":"0",
"common_frame":"2|5|7|9",
"frame1":"2",
"frame2":"0",
"frame3":"0",
"frame4":"0",
"frame5":"0",
"invincible":"0|0|0|0|0",
"only_hurt":"0|0|0|0|0",
"jump_skill":"0|0|0|0|0",
"roll_skill":"0|0|0|0|0",
"boss_id":0,
"common_only_hurt":"0"
},
{
"id":132,
"name":"镖车-木牛2",
"enemy_id":5902,
"common_hit":"0",
"skill1":"0",
"skill2":"0",
"skill3":"0",
"skill4":"0",
"skill5":"0",
"common_frame":"0",
"frame1":"0",
"frame2":"0",
"frame3":"0",
"frame4":"0",
"frame5":"0",
"invincible":"0|0|0|0|0",
"only_hurt":"0|0|0|0|0",
"jump_skill":"0|0|0|0|0",
"roll_skill":"0|0|0|0|0",
"boss_id":0,
"common_only_hurt":"0"
},
{
"id":132,
"name":"镖车-木牛1",
"enemy_id":5901,
"common_hit":"0",
"skill1":"0",
"skill2":"0",
"skill3":"0",
"skill4":"0",
"skill5":"0",
"common_frame":"0",
"frame1":"0",
"frame2":"0",
"frame3":"0",
"frame4":"0",
"frame5":"0",
"invincible":"0|0|0|0|0",
"only_hurt":"0|0|0|0|0",
"jump_skill":"0|0|0|0|0",
"roll_skill":"0|0|0|0|0",
"boss_id":0,
"common_only_hurt":"0"
},
{
"id":132,
"name":"镖车-金车2",
"enemy_id":5922,
"common_hit":"0",
"skill1":"0",
"skill2":"0",
"skill3":"0",
"skill4":"0",
"skill5":"0",
"common_frame":"0",
"frame1":"0",
"frame2":"0",
"frame3":"0",
"frame4":"0",
"frame5":"0",
"invincible":"0|0|0|0|0",
"only_hurt":"0|0|0|0|0",
"jump_skill":"0|0|0|0|0",
"roll_skill":"0|0|0|0|0",
"boss_id":0,
"common_only_hurt":"0"
},
{
"id":132,
"name":"镖车-金车3",
"enemy_id":5923,
"common_hit":"0",
"skill1":"0",
"skill2":"0",
"skill3":"0",
"skill4":"0",
"skill5":"0",
"common_frame":"0",
"frame1":"0",
"frame2":"0",
"frame3":"0",
"frame4":"0",
"frame5":"0",
"invincible":"0|0|0|0|0",
"only_hurt":"0|0|0|0|0",
"jump_skill":"0|0|0|0|0",
"roll_skill":"0|0|0|0|0",
"boss_id":0,
"common_only_hurt":"0"
},
{
"id":132,
"name":"镖车-金车1",
"enemy_id":5921,
"common_hit":"0",
"skill1":"0",
"skill2":"0",
"skill3":"0",
"skill4":"0",
"skill5":"0",
"common_frame":"0",
"frame1":"0",
"frame2":"0",
"frame3":"0",
"frame4":"0",
"frame5":"0",
"invincible":"0|0|0|0|0",
"only_hurt":"0|0|0|0|0",
"jump_skill":"0|0|0|0|0",
"roll_skill":"0|0|0|0|0",
"boss_id":0,
"common_only_hurt":"0"
},
{
"id":132,
"name":"镖车-流马3",
"enemy_id":5913,
"common_hit":"0",
"skill1":"0",
"skill2":"0",
"skill3":"0",
"skill4":"0",
"skill5":"0",
"common_frame":"0",
"frame1":"0",
"frame2":"0",
"frame3":"0",
"frame4":"0",
"frame5":"0",
"invincible":"0|0|0|0|0",
"only_hurt":"0|0|0|0|0",
"jump_skill":"0|0|0|0|0",
"roll_skill":"0|0|0|0|0",
"boss_id":0,
"common_only_hurt":"0"
},
{
"id":132,
"name":"镖车-流马2",
"enemy_id":5912,
"common_hit":"0",
"skill1":"0",
"skill2":"0",
"skill3":"0",
"skill4":"0",
"skill5":"0",
"common_frame":"0",
"frame1":"0",
"frame2":"0",
"frame3":"0",
"frame4":"0",
"frame5":"0",
"invincible":"0|0|0|0|0",
"only_hurt":"0|0|0|0|0",
"jump_skill":"0|0|0|0|0",
"roll_skill":"0|0|0|0|0",
"boss_id":0,
"common_only_hurt":"0"
},
{
"id":132,
"name":"镖车-流马1",
"enemy_id":5911,
"common_hit":"0",
"skill1":"0",
"skill2":"0",
"skill3":"0",
"skill4":"0",
"skill5":"0",
"common_frame":"0",
"frame1":"0",
"frame2":"0",
"frame3":"0",
"frame4":"0",
"frame5":"0",
"invincible":"0|0|0|0|0",
"only_hurt":"0|0|0|0|0",
"jump_skill":"0|0|0|0|0",
"roll_skill":"0|0|0|0|0",
"boss_id":0,
"common_only_hurt":"0"
},
{
"id":133,
"name":"小恶魔",
"enemy_id":1211,
"common_hit":"30801|30802",
"skill1":"30803",
"skill2":"0",
"skill3":"0",
"skill4":"0",
"skill5":"0",
"common_frame":"2|6",
"frame1":"2",
"frame2":"0",
"frame3":"0",
"frame4":"0",
"frame5":"0",
"invincible":"0|0|0|0|0",
"only_hurt":"0|0|0|0|0",
"jump_skill":"0|0|0|0|0",
"roll_skill":"0|0|0|0|0",
"boss_id":0,
"common_only_hurt":"0"
},
{
"id":134,
"name":"大恶魔",
"enemy_id":2211,
"common_hit":"30801|30802",
"skill1":"30803",
"skill2":"0",
"skill3":"0",
"skill4":"0",
"skill5":"0",
"common_frame":"2|6",
"frame1":"2",
"frame2":"0",
"frame3":"0",
"frame4":"0",
"frame5":"0",
"invincible":"0|0|0|0|0",
"only_hurt":"0|0|0|0|0",
"jump_skill":"0|0|0|0|0",
"roll_skill":"0|0|0|0|0",
"boss_id":0,
"common_only_hurt":"0"
},
{
"id":135,
"name":"精英恶魔",
"enemy_id":3211,
"common_hit":"30801|30802",
"skill1":"30803",
"skill2":"0",
"skill3":"0",
"skill4":"0",
"skill5":"0",
"common_frame":"2|6",
"frame1":"2",
"frame2":"0",
"frame3":"0",
"frame4":"0",
"frame5":"0",
"invincible":"0|0|0|0|0",
"only_hurt":"0|0|0|0|0",
"jump_skill":"0|0|0|0|0",
"roll_skill":"0|0|0|0|0",
"boss_id":0,
"common_only_hurt":"0"
},
{
"id":136,
"name":"小恶魔",
"enemy_id":5027,
"common_hit":"30801|30802",
"skill1":"30803",
"skill2":"0",
"skill3":"0",
"skill4":"0",
"skill5":"0",
"common_frame":"2|6",
"frame1":"2",
"frame2":"0",
"frame3":"0",
"frame4":"0",
"frame5":"0",
"invincible":"0|0|0|0|0",
"only_hurt":"0|0|0|0|0",
"jump_skill":"0|0|0|0|0",
"roll_skill":"0|0|0|0|0",
"boss_id":0,
"common_only_hurt":"0"
},
{
"id":137,
"name":"精英恶魔",
"enemy_id":5127,
"common_hit":"30801|30802",
"skill1":"30803",
"skill2":"0",
"skill3":"0",
"skill4":"0",
"skill5":"0",
"common_frame":"2|6",
"frame1":"2",
"frame2":"0",
"frame3":"0",
"frame4":"0",
"frame5":"0",
"invincible":"0|0|0|0|0",
"only_hurt":"0|0|0|0|0",
"jump_skill":"0|0|0|0|0",
"roll_skill":"0|0|0|0|0",
"boss_id":0,
"common_only_hurt":"0"
},
{
"id":138,
"name":"贪得无厌",
"enemy_id":2212,
"common_hit":"30901",
"skill1":"30902",
"skill2":"30904",
"skill3":"30905",
"skill4":"0",
"skill5":"0",
"common_frame":"2",
"frame1":"3",
"frame2":"2",
"frame3":"2",
"frame4":"0",
"frame5":"0",
"invincible":"0|0|0|0|0",
"only_hurt":"0|0|0|0|0",
"jump_skill":"0|0|0|0|0",
"roll_skill":"0|0|0|0|0",
"boss_id":0,
"common_only_hurt":"0"
},
{
"id":139,
"name":"贪得无厌",
"enemy_id":4212,
"common_hit":"30901",
"skill1":"30902",
"skill2":"30904",
"skill3":"30905",
"skill4":"0",
"skill5":"0",
"common_frame":"2",
"frame1":"3",
"frame2":"2",
"frame3":"2",
"frame4":"0",
"frame5":"0",
"invincible":"0|0|0|0|0",
"only_hurt":"0|0|0|0|0",
"jump_skill":"0|0|0|0|0",
"roll_skill":"0|0|0|0|0",
"boss_id":0,
"common_only_hurt":"0"
},
{
"id":140,
"name":"精英黑衣",
"enemy_id":2210,
"common_hit":"10601|10602|10603|10604",
"skill1":"10605",
"skill2":"0",
"skill3":"0",
"skill4":"0",
"skill5":"0",
"common_frame":"2|5|7|9",
"frame1":"2",
"frame2":"0",
"frame3":"0",
"frame4":"0",
"frame5":"0",
"invincible":"0|0|0|0|0",
"only_hurt":"0|0|0|0|0",
"jump_skill":"0|0|0|0|0",
"roll_skill":"0|0|0|0|0",
"boss_id":0,
"common_only_hurt":"0"
},
{
"id":141,
"name":"十方秀才",
"enemy_id":6001,
"common_hit":"10201",
"skill1":"10202",
"skill2":"0",
"skill3":"0",
"skill4":"0",
"skill5":"0",
"common_frame":"3",
"frame1":"2",
"frame2":"0",
"frame3":"0",
"frame4":"0",
"frame5":"0",
"invincible":"0|0|0|0|0",
"only_hurt":"0|0|0|0|0",
"jump_skill":"0|0|0|0|0",
"roll_skill":"0|0|0|0|0",
"boss_id":1001,
"common_only_hurt":"0"
},
{
"id":142,
"name":"碧池夫人",
"enemy_id":6002,
"common_hit":"10401",
"skill1":"10402",
"skill2":"10403",
"skill3":"0",
"skill4":"0",
"skill5":"0",
"common_frame":"3",
"frame1":"4",
"frame2":"4",
"frame3":"0",
"frame4":"0",
"frame5":"0",
"invincible":"0|0|0|0|0",
"only_hurt":"0|0|0|0|0",
"jump_skill":"0|0|0|0|0",
"roll_skill":"0|0|0|0|0",
"boss_id":1002,
"common_only_hurt":"0"
},
{
"id":143,
"name":"不通老人",
"enemy_id":6003,
"common_hit":"10301",
"skill1":"10302|10303",
"skill2":"0",
"skill3":"0",
"skill4":"0",
"skill5":"0",
"common_frame":"3",
"frame1":"3|5",
"frame2":"0",
"frame3":"0",
"frame4":"0",
"frame5":"0",
"invincible":"0|0|0|0|0",
"only_hurt":"0|0|0|0|0",
"jump_skill":"0|0|0|0|0",
"roll_skill":"0|0|0|0|0",
"boss_id":1003,
"common_only_hurt":"0"
},
{
"id":144,
"name":"剑魔亡魂",
"enemy_id":6004,
"common_hit":"11101",
"skill1":"11102",
"skill2":"11103",
"skill3":"0",
"skill4":"0",
"skill5":"0",
"common_frame":"3",
"frame1":"2",
"frame2":"6",
"frame3":"0",
"frame4":"0",
"frame5":"0",
"invincible":"0|0|0|0|0",
"only_hurt":"0|70|0|0|0",
"jump_skill":"00|0|0|0",
"roll_skill":"0|0|0|0|0",
"boss_id":0,
"common_only_hurt":"0"
},
{
"id":145,
"name":"红莲散人",
"enemy_id":6011,
"common_hit":"20301|20302",
"skill1":"20303",
"skill2":"0",
"skill3":"0",
"skill4":"0",
"skill5":"0",
"common_frame":"3|5",
"frame1":"3",
"frame2":"0",
"frame3":"0",
"frame4":"0",
"frame5":"0",
"invincible":"0|0|0|0|0",
"only_hurt":"0|0|0|0|0",
"jump_skill":"0|0|0|0|0",
"roll_skill":"0|0|0|0|0",
"boss_id":0,
"common_only_hurt":"0"
},
{
"id":146,
"name":"风流道人",
"enemy_id":6012,
"common_hit":"20201",
"skill1":"20202",
"skill2":"0",
"skill3":"0",
"skill4":"0",
"skill5":"0",
"common_frame":"3",
"frame1":"3",
"frame2":"0",
"frame3":"0",
"frame4":"0",
"frame5":"0",
"invincible":"0|0|0|0|0",
"only_hurt":"0|0|0|0|0",
"jump_skill":"0|0|0|0|0",
"roll_skill":"0|0|0|0|0",
"boss_id":0,
"common_only_hurt":"0"
},
{
"id":147,
"name":"阴阳真人",
"enemy_id":6013,
"common_hit":"20101",
"skill1":"20102",
"skill2":"0",
"skill3":"0",
"skill4":"0",
"skill5":"0",
"common_frame":"3",
"frame1":"3",
"frame2":"0",
"frame3":"0",
"frame4":"0",
"frame5":"0",
"invincible":"0|65|0|0|0",
"only_hurt":"0|0|0|0|0",
"jump_skill":"0|0|0|0|0",
"roll_skill":"0|0|0|0|0",
"boss_id":0,
"common_only_hurt":"0"
},
{
"id":148,
"name":"冥火焚身",
"enemy_id":6014,
"common_hit":"20901_20902_20903_20904_20905",
"skill1":"20906|20907_20912",
"skill2":"20908",
"skill3":"20910|20911_20913",
"skill4":"0",
"skill5":"0",
"common_frame":"3",
"frame1":"2|4",
"frame2":"2",
"frame3":"2|4",
"frame4":"0",
"frame5":"0",
"invincible":"0|0|0|0|0",
"only_hurt":"0|32|0|0|0",
"jump_skill":"00|0|0|0",
"roll_skill":"0|0|0|0|0",
"boss_id":0,
"common_only_hurt":"0"
},
{
"id":149,
"name":"色中饿鬼",
"enemy_id":6021,
"common_hit":"30201",
"skill1":"30202_30203",
"skill2":"30204",
"skill3":"0",
"skill4":"0",
"skill5":"0",
"common_frame":"2",
"frame1":"2",
"frame2":"5",
"frame3":"0",
"frame4":"0",
"frame5":"0",
"invincible":"0|0|0|0|0",
"only_hurt":"0|0|0|0|0",
"jump_skill":"0|0|0|0|0",
"roll_skill":"0|0|0|0|0",
"boss_id":0,
"common_only_hurt":"0"
},
{
"id":150,
"name":"雷嗔电怒",
"enemy_id":6022,
"common_hit":"30401",
"skill1":"30402_30403_30404",
"skill2":"30405|30406_30407",
"skill3":"30408_30409_30410",
"skill4":"0",
"skill5":"0",
"common_frame":"3",
"frame1":"2",
"frame2":"2|6",
"frame3":"2",
"frame4":"0",
"frame5":"0",
"invincible":"0|0|0|0|0",
"only_hurt":"0|0|0|0|0",
"jump_skill":"0|250|0|0|0",
"roll_skill":"0|0|0|0|0",
"boss_id":0,
"common_only_hurt":"0"
},
{
"id":151,
"name":"痴男",
"enemy_id":2209,
"common_hit":"30601",
"skill1":"30602",
"skill2":"30609",
"skill3":"30611",
"skill4":"30605|30606|30602",
"skill5":"30607|30608|30602",
"common_frame":"2",
"frame1":"2",
"frame2":"2",
"frame3":"2",
"frame4":"2|5|8",
"frame5":"2|5|8",
"invincible":"0|0|0|0|0",
"only_hurt":"0|0|0|0|0",
"jump_skill":"0|0|0|0|0",
"roll_skill":"0|0|0|0|0",
"boss_id":0,
"common_only_hurt":"0"
},
{
"id":152,
"name":"怨女",
"enemy_id":6029,
"common_hit":"30701|30702|30703",
"skill1":"30704|30705",
"skill2":"30707",
"skill3":"30710",
"skill4":"30708|30709|30704|30705",
"skill5":"0",
"common_frame":"2|5|8",
"frame1":"2|4",
"frame2":"2",
"frame3":"2",
"frame4":"2|5|8|10",
"frame5":"0",
"invincible":"0|0|0|0|0",
"only_hurt":"0|0|0|0|0",
"jump_skill":"0|0|0|0|0",
"roll_skill":"0|0|0|0|0",
"boss_id":0,
"common_only_hurt":"0"
},
{
"id":153,
"name":"贪得无厌",
"enemy_id":6024,
"common_hit":"30901",
"skill1":"30902",
"skill2":"30904",
"skill3":"30905",
"skill4":"0",
"skill5":"0",
"common_frame":"2",
"frame1":"3",
"frame2":"2",
"frame3":"2",
"frame4":"0",
"frame5":"0",
"invincible":"0|0|0|0|0",
"only_hurt":"0|0|0|0|0",
"jump_skill":"0|0|0|0|0",
"roll_skill":"0|0|0|0|0",
"boss_id":0,
"common_only_hurt":"0"
},
{
"id":154,
"name":"河童",
"enemy_id":1302,
"common_hit":"40101",
"skill1":"40102",
"skill2":"0",
"skill3":"0",
"skill4":"0",
"skill5":"0",
"common_frame":"2",
"frame1":"4",
"frame2":"0",
"frame3":"0",
"frame4":"0",
"frame5":"0",
"invincible":"0|0|0|0|0",
"only_hurt":"0|0|0|0|0",
"jump_skill":"0|0|0|0|0",
"roll_skill":"0|0|0|0|0",
"boss_id":0,
"common_only_hurt":"0"
},
{
"id":154,
"name":"大河童",
"enemy_id":2302,
"common_hit":"40101",
"skill1":"40102",
"skill2":"0",
"skill3":"0",
"skill4":"0",
"skill5":"0",
"common_frame":"2",
"frame1":"4",
"frame2":"0",
"frame3":"0",
"frame4":"0",
"frame5":"0",
"invincible":"0|0|0|0|0",
"only_hurt":"0|0|0|0|0",
"jump_skill":"0|0|0|0|0",
"roll_skill":"0|0|0|0|0",
"boss_id":0,
"common_only_hurt":"0"
},
{
"id":159,
"name":"精英道士",
"enemy_id":3301,
"common_hit":"20401",
"skill1":"20402|20403",
"skill2":"0",
"skill3":"0",
"skill4":"0",
"skill5":"0",
"common_frame":"3",
"frame1":"2|4",
"frame2":"0",
"frame3":"0",
"frame4":"0",
"frame5":"0",
"invincible":"0|0|0|0|0",
"only_hurt":"26|0|0|0|0",
"jump_skill":"0|0|0|0|0",
"roll_skill":"0|0|0|0|0",
"boss_id":0,
"common_only_hurt":"0"
},
{
"id":157,
"name":"道士",
"enemy_id":2301,
"common_hit":"20401",
"skill1":"20402|20403",
"skill2":"0",
"skill3":"0",
"skill4":"0",
"skill5":"0",
"common_frame":"3",
"frame1":"2|4",
"frame2":"0",
"frame3":"0",
"frame4":"0",
"frame5":"0",
"invincible":"0|0|0|0|0",
"only_hurt":"26|0|0|0|0",
"jump_skill":"0|0|0|0|0",
"roll_skill":"0|0|0|0|0",
"boss_id":0,
"common_only_hurt":"0"
},
{
"id":158,
"name":"铁桨摆渡",
"enemy_id":2303,
"common_hit":"40201",
"skill1":"40202_40203",
"skill2":"40204",
"skill3":"0",
"skill4":"0",
"skill5":"0",
"common_frame":"3",
"frame1":"2",
"frame2":"2",
"frame3":"0",
"frame4":"0",
"frame5":"0",
"invincible":"0|0|0|0|0",
"only_hurt":"30|0|0|0|0",
"jump_skill":"0|0|0|0|0",
"roll_skill":"0|0|0|0|0",
"boss_id":0,
"common_only_hurt":"0"
},
{
"id":156,
"name":"小道士",
"enemy_id":1301,
"common_hit":"20401",
"skill1":"20402|20403",
"skill2":"0",
"skill3":"0",
"skill4":"0",
"skill5":"0",
"common_frame":"3",
"frame1":"2|4",
"frame2":"0",
"frame3":"0",
"frame4":"0",
"frame5":"0",
"invincible":"0|0|0|0|0",
"only_hurt":"26|0|0|0|0",
"jump_skill":"0|0|0|0|0",
"roll_skill":"0|0|0|0|0",
"boss_id":0,
"common_only_hurt":"0"
},
{
"id":160,
"name":"精英河童",
"enemy_id":3302,
"common_hit":"40101",
"skill1":"40102",
"skill2":"0",
"skill3":"0",
"skill4":"0",
"skill5":"0",
"common_frame":"2",
"frame1":"4",
"frame2":"0",
"frame3":"0",
"frame4":"0",
"frame5":"0",
"invincible":"0|0|0|0|0",
"only_hurt":"0|0|0|0|0",
"jump_skill":"0|0|0|0|0",
"roll_skill":"0|0|0|0|0",
"boss_id":0,
"common_only_hurt":"0"
},
{
"id":161,
"name":"铁桨摆渡",
"enemy_id":4303,
"common_hit":"40201",
"skill1":"40202_40203",
"skill2":"40204",
"skill3":"0",
"skill4":"0",
"skill5":"0",
"common_frame":"3",
"frame1":"2",
"frame2":"2",
"frame3":"0",
"frame4":"0",
"frame5":"0",
"invincible":"0|0|0|0|0",
"only_hurt":"30|0|0|0|0",
"jump_skill":"0|0|0|0|0",
"roll_skill":"0|0|0|0|0",
"boss_id":0,
"common_only_hurt":"0"
},
{
"id":162,
"name":"蛤蟆怪",
"enemy_id":1321,
"common_hit":"10901",
"skill1":"10902|10903",
"skill2":"0",
"skill3":"0",
"skill4":"0",
"skill5":"0",
"common_frame":"3",
"frame1":"2|7",
"frame2":"0",
"frame3":"0",
"frame4":"0",
"frame5":"0",
"invincible":"0|0|0|0|0",
"only_hurt":"0|0|0|0|0",
"jump_skill":"0|0|0|0|0",
"roll_skill":"0|0|0|0|0",
"boss_id":0,
"common_only_hurt":"0"
},
{
"id":163,
"name":"斗笠剑客",
"enemy_id":1322,
"common_hit":"10701",
"skill1":"10702",
"skill2":"0",
"skill3":"0",
"skill4":"0",
"skill5":"0",
"common_frame":"3",
"frame1":"2",
"frame2":"0",
"frame3":"0",
"frame4":"0",
"frame5":"0",
"invincible":"0|0|0|0|0",
"only_hurt":"0|0|0|0|0",
"jump_skill":"0|0|0|0|0",
"roll_skill":"0|0|0|0|0",
"boss_id":0,
"common_only_hurt":"0"
},
{
"id":164,
"name":"小乌鸦",
"enemy_id":1304,
"common_hit":"20601",
"skill1":"20602|20603|20604",
"skill2":"0",
"skill3":"0",
"skill4":"0",
"skill5":"0",
"common_frame":"2",
"frame1":"2|4|6",
"frame2":"0",
"frame3":"0",
"frame4":"0",
"frame5":"0",
"invincible":"0|0|0|0|0",
"only_hurt":"0|0|0|0|0",
"jump_skill":"0|0|0|0|0",
"roll_skill":"0|0|0|0|0",
"boss_id":0,
"common_only_hurt":"0"
},
{
"id":165,
"name":"乌鸦王",
"enemy_id":2304,
"common_hit":"20601",
"skill1":"20602|20603|20604",
"skill2":"0",
"skill3":"0",
"skill4":"0",
"skill5":"0",
"common_frame":"2",
"frame1":"2|4|6",
"frame2":"0",
"frame3":"0",
"frame4":"0",
"frame5":"0",
"invincible":"0|0|0|0|0",
"only_hurt":"0|0|0|0|0",
"jump_skill":"0|0|0|0|0",
"roll_skill":"0|0|0|0|0",
"boss_id":0,
"common_only_hurt":"0"
},
{
"id":166,
"name":"绝秀娇俏",
"enemy_id":2306,
"common_hit":"40401",
"skill1":"40402",
"skill2":"40405_40406_40407_40408",
"skill3":"0",
"skill4":"0",
"skill5":"0",
"common_frame":"2",
"frame1":"2",
"frame2":"2",
"frame3":"0",
"frame4":"0",
"frame5":"0",
"invincible":"0|35|0|0|0",
"only_hurt":"0|0|0|0|0",
"jump_skill":"0|0|0|0|0",
"roll_skill":"0|0|0|0|0",
"boss_id":0,
"common_only_hurt":"0"
},
{
"id":167,
"name":"精英乌鸦",
"enemy_id":3304,
"common_hit":"20601",
"skill1":"20602|20603|20604",
"skill2":"0",
"skill3":"0",
"skill4":"0",
"skill5":"0",
"common_frame":"2",
"frame1":"2|4|6",
"frame2":"0",
"frame3":"0",
"frame4":"0",
"frame5":"0",
"invincible":"0|0|0|0|0",
"only_hurt":"0|0|0|0|0",
"jump_skill":"0|0|0|0|0",
"roll_skill":"0|0|0|0|0",
"boss_id":0,
"common_only_hurt":"0"
},
{
"id":168,
"name":"小龟王",
"enemy_id":2305,
"common_hit":"40301",
"skill1":"40302",
"skill2":"0",
"skill3":"0",
"skill4":"0",
"skill5":"0",
"common_frame":"2",
"frame1":"3",
"frame2":"0",
"frame3":"0",
"frame4":"0",
"frame5":"0",
"invincible":"0|35|0|0|0",
"only_hurt":"0|0|0|0|0",
"jump_skill":"0|0|0|0|0",
"roll_skill":"0|0|0|0|0",
"boss_id":0,
"common_only_hurt":"0"
},
{
"id":169,
"name":"绝秀娇俏",
"enemy_id":4306,
"common_hit":"40401",
"skill1":"40402",
"skill2":"40405_40406_40407_40408",
"skill3":"0",
"skill4":"0",
"skill5":"0",
"common_frame":"2",
"frame1":"2",
"frame2":"2",
"frame3":"0",
"frame4":"0",
"frame5":"0",
"invincible":"0|0|0|0|0",
"only_hurt":"0|0|0|0|0",
"jump_skill":"0|0|0|0|0",
"roll_skill":"0|0|0|0|0",
"boss_id":0,
"common_only_hurt":"0"
},
{
"id":170,
"name":"小龟",
"enemy_id":1305,
"common_hit":"40301",
"skill1":"40302",
"skill2":"0",
"skill3":"0",
"skill4":"0",
"skill5":"0",
"common_frame":"2",
"frame1":"3",
"frame2":"0",
"frame3":"0",
"frame4":"0",
"frame5":"0",
"invincible":"0|0|0|0|0",
"only_hurt":"0|0|0|0|0",
"jump_skill":"0|0|0|0|0",
"roll_skill":"0|0|0|0|0",
"boss_id":0,
"common_only_hurt":"0"
},
{
"id":171,
"name":"精英小龟",
"enemy_id":3305,
"common_hit":"40301",
"skill1":"40302",
"skill2":"0",
"skill3":"0",
"skill4":"0",
"skill5":"0",
"common_frame":"2",
"frame1":"3",
"frame2":"0",
"frame3":"0",
"frame4":"0",
"frame5":"0",
"invincible":"0|0|0|0|0",
"only_hurt":"0|0|0|0|0",
"jump_skill":"0|0|0|0|0",
"roll_skill":"0|0|0|0|0",
"boss_id":0,
"common_only_hurt":"0"
},
{
"id":172,
"name":"绝秀娇俏",
"enemy_id":2326,
"common_hit":"40401",
"skill1":"40402",
"skill2":"0",
"skill3":"0",
"skill4":"0",
"skill5":"0",
"common_frame":"2",
"frame1":"2",
"frame2":"0",
"frame3":"0",
"frame4":"0",
"frame5":"0",
"invincible":"0|0|0|0|0",
"only_hurt":"0|0|0|0|0",
"jump_skill":"0|0|0|0|0",
"roll_skill":"0|0|0|0|0",
"boss_id":0,
"common_only_hurt":"0"
},
{
"id":173,
"name":"绝秀娇俏",
"enemy_id":4326,
"common_hit":"40401",
"skill1":"40402",
"skill2":"0",
"skill3":"0",
"skill4":"0",
"skill5":"0",
"common_frame":"2",
"frame1":"2",
"frame2":"0",
"frame3":"0",
"frame4":"0",
"frame5":"0",
"invincible":"0|0|0|0|0",
"only_hurt":"0|0|0|0|0",
"jump_skill":"0|0|0|0|0",
"roll_skill":"0|0|0|0|0",
"boss_id":0,
"common_only_hurt":"0"
},
{
"id":174,
"name":"铁桨摆渡",
"enemy_id":6031,
"common_hit":"40201",
"skill1":"40202_40203",
"skill2":"40204",
"skill3":"0",
"skill4":"0",
"skill5":"0",
"common_frame":"3",
"frame1":"2",
"frame2":"2",
"frame3":"0",
"frame4":"0",
"frame5":"0",
"invincible":"0|0|0|0|0",
"only_hurt":"30|0|0|0|0",
"jump_skill":"0|0|0|0|0",
"roll_skill":"0|0|0|0|0",
"boss_id":0,
"common_only_hurt":"0"
},
{
"id":175,
"name":"绝秀娇俏",
"enemy_id":6032,
"common_hit":"40401",
"skill1":"40402",
"skill2":"40405_40406_40407_40408",
"skill3":"0",
"skill4":"0",
"skill5":"0",
"common_frame":"2",
"frame1":"2",
"frame2":"2",
"frame3":"0",
"frame4":"0",
"frame5":"0",
"invincible":"0|0|0|0|0",
"only_hurt":"0|0|0|0|0",
"jump_skill":"0|0|0|0|0",
"roll_skill":"0|0|0|0|0",
"boss_id":0,
"common_only_hurt":"0"
}
]
}