{
"RECORDS":[
{
"id":1001,
"fashion_id":7001,
"fodder":"01",
"weapon":"1|1",
"head":"1|1",
"shoulder":"1",
"clothes":"1"
},
{
"id":2001,
"fashion_id":7101,
"fodder":"01",
"weapon":"1",
"head":"0|1|1",
"shoulder":"1",
"clothes":"1|1|1"
},
{
"id":1101,
"fashion_id":7002,
"fodder":"01",
"weapon":"1|1",
"head":"1|1",
"shoulder":"1",
"clothes":"1"
},
{
"id":2101,
"fashion_id":7102,
"fodder":"01",
"weapon":"1",
"head":"0|1|1",
"shoulder":"1",
"clothes":"1|1|1"
},
{
"id":1201,
"fashion_id":7003,
"fodder":"01",
"weapon":"1|1",
"head":"1|1",
"shoulder":"1",
"clothes":"1"
},
{
"id":2201,
"fashion_id":7103,
"fodder":"01",
"weapon":"1",
"head":"0|1|1",
"shoulder":"1",
"clothes":"1|1|1"
},
{
"id":1002,
"fashion_id":7004,
"fodder":"02",
"weapon":"1|1",
"head":"1|1",
"shoulder":"1",
"clothes":"1"
},
{
"id":1102,
"fashion_id":7005,
"fodder":"02",
"weapon":"1|1",
"head":"1|1",
"shoulder":"1",
"clothes":"1"
},
{
"id":1202,
"fashion_id":7006,
"fodder":"02",
"weapon":"1|1",
"head":"1|1",
"shoulder":"1",
"clothes":"1"
},
{
"id":2002,
"fashion_id":7104,
"fodder":"02",
"weapon":"1",
"head":"1|1|1",
"shoulder":"1",
"clothes":"1|1|1"
},
{
"id":2102,
"fashion_id":7105,
"fodder":"02",
"weapon":"1",
"head":"1|1|1",
"shoulder":"1",
"clothes":"1|1|1"
},
{
"id":2202,
"fashion_id":7106,
"fodder":"02",
"weapon":"1",
"head":"1|1|1",
"shoulder":"1",
"clothes":"1|1|1"
},
{
"id":1003,
"fashion_id":7007,
"fodder":"03",
"weapon":"1|1",
"head":"1|1",
"shoulder":"1",
"clothes":"1"
},
{
"id":1103,
"fashion_id":7008,
"fodder":"03",
"weapon":"1|1",
"head":"1|1",
"shoulder":"1",
"clothes":"1"
},
{
"id":1203,
"fashion_id":7009,
"fodder":"03",
"weapon":"1|1",
"head":"1|1",
"shoulder":"1",
"clothes":"1"
},
{
"id":2003,
"fashion_id":7107,
"fodder":"03",
"weapon":"1",
"head":"1|1|1",
"shoulder":"1",
"clothes":"1|1|1"
},
{
"id":2103,
"fashion_id":7108,
"fodder":"03",
"weapon":"1",
"head":"1|1|1",
"shoulder":"1",
"clothes":"1|1|1"
},
{
"id":2203,
"fashion_id":7109,
"fodder":"03",
"weapon":"1",
"head":"1|1|1",
"shoulder":"1",
"clothes":"1|1|1"
},
{
"id":1004,
"fashion_id":7010,
"fodder":"04",
"weapon":"1|1",
"head":"1|1",
"shoulder":"1",
"clothes":"1"
},
{
"id":1104,
"fashion_id":7011,
"fodder":"04",
"weapon":"1|1",
"head":"1|1",
"shoulder":"1",
"clothes":"1"
},
{
"id":1204,
"fashion_id":7012,
"fodder":"04",
"weapon":"1|1",
"head":"1|1",
"shoulder":"1",
"clothes":"1"
},
{
"id":2004,
"fashion_id":7110,
"fodder":"04",
"weapon":"1",
"head":"1|1|1",
"shoulder":"1",
"clothes":"1|1|1"
},
{
"id":2104,
"fashion_id":7111,
"fodder":"04",
"weapon":"1",
"head":"1|1|1",
"shoulder":"1",
"clothes":"1|1|1"
},
{
"id":2204,
"fashion_id":7112,
"fodder":"04",
"weapon":"1",
"head":"1|1|1",
"shoulder":"1",
"clothes":"1|1|1"
}
]
}