{
"RECORDS":[
{
"id":1,
"name":"任脉",
"point_name":"廉泉|玉堂|檀中|曲骨|会阴",
"add_type":"hp|def|mp|adf|hp_regain",
"add_value":"500|9|50|9|10",
"gold":1000,
"next":"2"
},
{
"id":2,
"name":"督脉",
"point_name":"百会|悬枢|命门|腰俞|长强",
"add_type":"mp_regain|atk|mp|ats|hp",
"add_value":"1|21|70|21|700",
"gold":2000,
"next":"3|4"
},
{
"id":3,
"name":"带脉",
"point_name":"五枢|维道|本神|正营|外丘|天冲",
"add_type":"hp_regain|mp|adf|hp|def|toughness",
"add_value":"20|100|15|1000|15|1",
"gold":5000,
"next":"5|6|7"
},
{
"id":4,
"name":"冲脉",
"point_name":"幽门|通谷|气穴|大赫|横骨|气冲",
"add_type":"mp|ats|hp|mp_regain|atk|hit",
"add_value":"100|35|1000|2|35|1",
"gold":5000,
"next":"8|9|10"
},
{
"id":5,
"name":"手太阴肺经",
"point_name":"中府|云门|天府|侠白|经渠|太渊|少商",
"add_type":"mp|hp|ats|def|hp|adf|hurt_reduce",
"add_value":"140|1400|49|21|1600|21|1",
"gold":10000,
"next":"0"
},
{
"id":6,
"name":"手厥阴心包经",
"point_name":"天池|天泉|曲泽|郄门|内关|劳宫|中冲",
"add_type":"hp|def|adf|mp|mp_regain|adf|evasion",
"add_value":"1400|21|21|140|4|24|1",
"gold":10000,
"next":"0"
},
{
"id":7,
"name":"手少阴心经",
"point_name":"极泉|青灵|少海|灵道|神门|少府|少冲",
"add_type":"def|adf|hp|atk|mp|def|toughness",
"add_value":"21|21|1400|49|140|24|2",
"gold":10000,
"next":"0"
},
{
"id":8,
"name":"手阳明大肠经",
"point_name":"迎香|天鼎|巨骨|曲池|阳溪|合谷|商阳",
"add_type":"hp|mp|adf|atk|mp|ats|hurt_deepen",
"add_value":"1400|140|21|49|160|49|1",
"gold":10000,
"next":"0"
},
{
"id":9,
"name":"手少阳三焦经",
"point_name":"丝竹|耳门|颅息|天井|外关|阳池|关冲",
"add_type":"mp|atk|ats|hp|hp_regain|ats|hit",
"add_value":"140|49|49|1400|40|56|2",
"gold":10000,
"next":"0"
},
{
"id":10,
"name":"手太阳小肠经",
"point_name":"听宫|天容|秉风|小海|阳谷|后溪|少泽",
"add_type":"atk|ats|hp|def|mp|atk|crit",
"add_value":"49|49|1400|21|140|56|1",
"gold":10000,
"next":"0"
}
]
}