{
"RECORDS":[
{
"id":0,
"player_id":1,
"common_hit":"1|2|3|0",
"run_hit":"4",
"jump_press_hit":"6|7",
"jump_hit":"5",
"skill1":"8",
"skill2":"9|26",
"skill3":"10|55",
"skill4":"11",
"skill5":"12",
"skill6":"13",
"skill7":"14|15",
"skill8":"16|17|18|19",
"skill9":"20|56",
"skill10":"21|23|24|25",
"frame1":"4",
"frame2":"3|5",
"frame3":"1|3",
"frame4":"1",
"frame5":"1",
"frame6":"3",
"frame7":"2|6",
"frame8":"1|3|5|7",
"frame9":"1|3",
"frame10":"2",
"invincible":"0|0|0|0|0|0|0|0|0|0",
"only_hurt":"0|0|0|0|0|0|0|0|0|0",
"cold_time":"100|100|100|100|100|100|100|100|100|100"
},
{
"id":1,
"player_id":2,
"common_hit":"27|28|29|30",
"run_hit":"31",
"jump_press_hit":"33|34",
"jump_hit":"32",
"skill1":"35",
"skill2":"36|37|38",
"skill3":"39",
"skill4":"40|41",
"skill5":"42",
"skill6":"43|58",
"skill7":"44|45",
"skill8":"46|47",
"skill9":"48",
"skill10":"49|57",
"frame1":"1",
"frame2":"3|5|7",
"frame3":"3",
"frame4":"1|3",
"frame5":"1",
"frame6":"1|3",
"frame7":"3|3",
"frame8":"1",
"frame9":"2",
"frame10":"1|3",
"invincible":"0|0|0|0|0|0|0|0|0|0",
"only_hurt":"0|0|0|1|0|0|0|0|0|0",
"cold_time":"100|100|100|100|100|100|100|100|200|100"
}
]
}