{
	"start" :{
		"type" : "word",
		"callback" : "firstFight"
	},

	"firstFight" :{
		"type" : "fight",
		"callback" : "secondFight",

		"judge" :{
			"HpConditionLower" : 0.5
		},

		"transfer" :{
			"ai" : "baseEliteAi",
			"ReleaseSkill" : 31
		}
	},

	"secondFight" :{
		"type" : "fight",
		"status" : "onlyHurt",
		"callback" : "thirdAction",

		"judge" :{
			"NoneCallback" : 0
		},

		"transfer" :{
			"ai" : "baseEliteBuTongLaoRenAi",
			"NoneCallback" : 1
		}
	}

}
