{
"RECORDS":[
{
"id":1,
"coupon":100,
"value":488,
"recharge_prop_id":"6205|9000|6202|6202",
"recharge_prop_number":"5|1|5|5",
"recharge_gold":0,
"recharge_soul":100000,
"recharge_fashion":"0",
"consume_prop_id":"6205|6101|4411|8902",
"consume_prop_number":"5|1|40|1",
"consume_gold":100000,
"consume_soul":0,
"consume_fashion":"0"
},
{
"id":2,
"coupon":500,
"value":888,
"recharge_prop_id":"9000|6101|4311|4312|4313",
"recharge_prop_number":"5|1|40|40|40",
"recharge_gold":0,
"recharge_soul":0,
"recharge_fashion":"0",
"consume_prop_id":"6204|6201|6202|4202|4202",
"consume_prop_number":"5|5|5|20|20",
"consume_gold":0,
"consume_soul":0,
"consume_fashion":"0"
},
{
"id":3,
"coupon":1000,
"value":1888,
"recharge_prop_id":"6104|6103|6205|6201|4421",
"recharge_prop_number":"1|2|5|5|80",
"recharge_gold":0,
"recharge_soul":0,
"recharge_fashion":"0",
"consume_prop_id":"9000|6102|4103|4104|8903",
"consume_prop_number":"5|3|100|100|1",
"consume_gold":0,
"consume_soul":0,
"consume_fashion":"0"
},
{
"id":4,
"coupon":5000,
"value":3888,
"recharge_prop_id":"6204|6102|4321|4322|4323",
"recharge_prop_number":"20|5|100|100|100",
"recharge_gold":0,
"recharge_soul":0,
"recharge_fashion":"0",
"consume_prop_id":"6203|6103|4421|8903",
"consume_prop_number":"2|5|100|2",
"consume_gold":2000000,
"consume_soul":0,
"consume_fashion":"0"
},
{
"id":5,
"coupon":10000,
"value":5888,
"recharge_prop_id":"10621|9000|4431|8903",
"recharge_prop_number":"1|10|150|2",
"recharge_gold":0,
"recharge_soul":2000000,
"recharge_fashion":"0",
"consume_prop_id":"9000|6102|4105|4106",
"consume_prop_number":"25|5|150|150",
"consume_gold":0,
"consume_soul":0,
"consume_fashion":"7004|7104"
},
{
"id":6,
"coupon":20000,
"value":10888,
"recharge_prop_id":"4331|4332|4333|8903",
"recharge_prop_number":"200|200|200|5",
"recharge_gold":0,
"recharge_soul":0,
"recharge_fashion":"7005|7105",
"consume_prop_id":"10922|6205|6201|4431|8903",
"consume_prop_number":"1|25|25|200|5",
"consume_gold":0,
"consume_soul":0,
"consume_fashion":"0"
},
{
"id":7,
"coupon":50000,
"value":28888,
"recharge_prop_id":"6204|9000|6205|6201",
"recharge_prop_number":"100|50|50|50",
"recharge_gold":8880000,
"recharge_soul":0,
"recharge_fashion":"0",
"consume_prop_id":"6204|9000|6201",
"consume_prop_number":"100|50|50",
"consume_gold":0,
"consume_soul":8880000,
"consume_fashion":"7003|7103"
}
]
}