﻿{
"RECORDS":[
{
"id":1,
"coupon":1000,
"info_1":"立刻获得|充值到VIP1可以立刻开启一个背包格子，并获得1个万能钥匙，40000金币和战魂。",
"info_2":"每日可领取VIP1礼包|领取礼包获得：\n白色强化石×10、锦囊宝盒×1、金钱×1000、战魂×1000。",
"info_3":"点亮VIP|VIP图标点亮，您已经进入造梦江湖2高端人士的行列。",
"info_4":"人品提升3%|人品提升3%，获得道具概率提高！",
"info_5":"0",
"info_6":"0"
},
{
"id":2,
"coupon":5000,
"info_1":"立刻获得|充值到VIP2可以立刻开启一个背包格子，并获得2个复活币，80000金币和战魂。",
"info_2":"VIP礼包升到2级|领取礼包获得：\n白色强化石×10、锦囊宝盒×1、绿色令牌×5、金钱×2000、战魂×2000。",
"info_3":"点券卜命|花费点券可以卜命高级八卦牌。",
"info_4":"经验增加50%|在过关时获得的经验增加50%！",
"info_5":"0",
"info_6":"0"
},
{
"id":3,
"coupon":10000,
"info_1":"立刻获得|充值到VIP3可以立刻开启一个背包格子，并获得3个万能碎片，160000金币和战魂。",
"info_2":"VIP礼包升到3级|领取礼包获得：\n白色强化石×10、绿色强化石×10、锦囊宝盒×1、绿色令牌×5、金钱×4000、战魂×4000。",
"info_3":"清除请战CD|花费点券可以清除请战冷却时间。",
"info_4":"双倍收益翻倍|双倍副本变成四倍副本！",
"info_5":"0",
"info_6":"0"
},
{
"id":4,
"coupon":20000,
"info_1":"立刻获得|充值到VIP4可以立刻开启一个背包格子，并获得2000签到成就，320000金币和战魂。",
"info_2":"VIP礼包升到4级|领取礼包获得：\n刷新券×1、白色强化石×10、绿色强化石×10、锦囊宝盒×1、绿色令牌×5、金钱×6000、战魂×6000。",
"info_3":"合成永久时装。|可以合成高级时装，最终合成永久时装。",
"info_4":"援护恢复加倍|援护的能量恢复速度加倍！",
"info_5":"劫镖护镖+1|玩家每日可以多进行一次护镖和劫镖。",
"info_6":"0"
},
{
"id":5,
"coupon":50000,
"info_1":"立刻获得|充值到VIP5可以立刻开启一个背包格子，并获得5张刷新券，640000金币和战魂。",
"info_2":"VIP礼包升到5级|领取礼包获得：\n复活币×1、刷新券×1、白色强化石×10、绿色强化石×10、锦囊宝盒×1、绿色令牌×5、金钱×8000、战魂×8000。",
"info_3":"升级金卡|可以将卡牌升级到金卡级别。",
"info_4":"外传开启|可以使用英雄谱的外传功能！",
"info_5":"传功无等级限制|给伙伴传功不受主角等级限制。",
"info_6":"0"
}
]
}