{
"RECORDS":[
{
"id":2101,
"level_id":"1_1",
"level_name":"精英十方秀才",
"level_lv":5,
"scene_name":"墨竹林",
"level_message":null,
"material":"4411",
"special":"9001",
"book":"无",
"book_rate":0.000,
"exp":528,
"money":44,
"soul":44,
"fodder":"ShiFangXiuCai",
"bonus":"评价奖励道具\n丁以上：十方秀才碎片\n乙以上：绿色令牌\n首次极评价：万能碎片",
"loading_fodder":"QiGai|JiuGui|ShiFangXiuCai",
"boss_name":"精英十方秀才",
"collection":"4101|4102",
"collection_rate":0.300
},
{
"id":2102,
"level_id":"1_2",
"level_name":"精英碧池夫人",
"level_lv":12,
"scene_name":"墨竹林",
"level_message":null,
"material":"4411",
"special":"9002",
"book":"无",
"book_rate":0.000,
"exp":1326,
"money":156,
"soul":156,
"fodder":"BiChiFuRen",
"bonus":"评价奖励道具\n丁以上：碧池夫人碎片\n乙以上：绿色令牌\n首次极评价：万能碎片",
"loading_fodder":"QiGai|JiuGui|QiangDao|HaMaGuai|BiChiFuRen",
"boss_name":"精英碧池夫人",
"collection":"4101|4102",
"collection_rate":0.300
},
{
"id":2103,
"level_id":"1_3",
"level_name":"精英不通老人",
"level_lv":18,
"scene_name":"墨竹林",
"level_message":null,
"material":"4411",
"special":"9003",
"book":"无",
"book_rate":0.000,
"exp":2244,
"money":330,
"soul":330,
"fodder":"BuTongLaoRen",
"bonus":"评价奖励道具\n丁以上：不通老人碎片\n乙以上：绿色令牌\n首次极评价：万能碎片",
"loading_fodder":"QiGai|JiuGui|QiangDao|HaMaGuai|DouLiJianKe|HeiYiCiKe|BuTongLaoRen",
"boss_name":"精英不通老人",
"collection":"4101|4102",
"collection_rate":0.300
},
{
"id":2104,
"level_id":"1_4",
"level_name":"精英剑魔亡魂",
"level_lv":20,
"scene_name":"墨竹林",
"level_message":null,
"material":"4411",
"special":"9004",
"book":"无",
"book_rate":0.000,
"exp":2784,
"money":444,
"soul":444,
"fodder":"JianMoWangHun",
"bonus":"评价奖励道具\n丁以上：剑魔亡魂碎片\n乙以上：绿色令牌\n首次极评价：万能碎片\n过关时必定获得：\n技能残卷（固本）",
"loading_fodder":"JiuGui|QiangDao|HaMaGuai|DouLiJianKe|HeiYiCiKe|SuoMingGuHun|JianMoWangHun",
"boss_name":"精英剑魔亡魂",
"collection":"4101|4102",
"collection_rate":0.300
},
{
"id":2201,
"level_id":"2_1",
"level_name":"精英红莲散人",
"level_lv":23,
"scene_name":"太虚观",
"level_message":null,
"material":"4421",
"special":"9011",
"book":"无",
"book_rate":0.000,
"exp":3174,
"money":530,
"soul":530,
"fodder":"HongLianSanRen",
"bonus":"评价奖励道具\n丁以上：红莲散人碎片\n乙以上：蓝色令牌\n首次极评价：万能碎片",
"loading_fodder":"DouLiJianKe|XiaoDaoGu|HongLianSanRen",
"boss_name":"精英红莲散人",
"collection":"4103|4104",
"collection_rate":0.200
},
{
"id":2202,
"level_id":"2_2",
"level_name":"精英风流道人",
"level_lv":26,
"scene_name":"太虚观",
"level_message":null,
"material":"4421",
"special":"9012",
"book":"无",
"book_rate":0.000,
"exp":3804,
"money":674,
"soul":674,
"fodder":"FengLiuDaoRen",
"bonus":"评价奖励道具\n丁以上：风流道人碎片\n乙以上：蓝色令牌\n首次极评价：万能碎片",
"loading_fodder":"DouLiJianKe|XiaoDaoGu|XiaoShuJing|XiaoDaoShi|FengLiuDaoRen",
"boss_name":"精英风流道人",
"collection":"4103|4104",
"collection_rate":0.200
},
{
"id":2203,
"level_id":"2_3",
"level_name":"精英阴阳真人",
"level_lv":29,
"scene_name":"太虚观",
"level_message":null,
"material":"4421",
"special":"9013",
"book":"无",
"book_rate":0.000,
"exp":4488,
"money":836,
"soul":836,
"fodder":"YinYangZhenRen",
"bonus":"评价奖励道具\n丁以上：阴阳真人碎片\n乙以上：蓝色令牌\n首次极评价：万能碎片",
"loading_fodder":"DouLiJianKe|XiaoDaoGu|XiaoShuJing|XiaoDaoShi|XiaoWuYa|HeiYiCiKe|YinYangZhenRen",
"boss_name":"精英阴阳真人",
"collection":"4103|4104",
"collection_rate":0.200
},
{
"id":2204,
"level_id":"2_4",
"level_name":"精英冥火焚身",
"level_lv":30,
"scene_name":"太虚观",
"level_message":null,
"material":"4421",
"special":"9014",
"book":"无",
"book_rate":0.000,
"exp":4728,
"money":894,
"soul":894,
"fodder":"MingHuoFenShen",
"bonus":"评价奖励道具\n丁以上：冥火焚身碎片\n乙以上：蓝色令牌\n首次极评价：万能碎片\n过关时必定获得：\n技能残卷（培元）",
"loading_fodder":"XiaoDaoGu|XiaoShuJing|XiaoDaoShi|XiaoWuYa|HeiYiCiKe|XiaoHuoMo|MingHuoFenShen",
"boss_name":"精英冥火焚身",
"collection":"4103|4104",
"collection_rate":0.200
},
{
"id":2301,
"level_id":"3_1",
"level_name":"精英色中饿鬼",
"level_lv":33,
"scene_name":"万恶谷",
"level_message":null,
"material":"4431",
"special":"9021",
"book":"无",
"book_rate":0.000,
"exp":5484,
"money":1080,
"soul":1080,
"fodder":"SeZhongEGui",
"bonus":"评价奖励道具\n丁以上：色中饿鬼碎片\n乙以上：紫色令牌\n首次极评价：万能碎片",
"loading_fodder":"QiangDao|KuLouYeGui|SeZhongEGui",
"boss_name":"精英色中饿鬼",
"collection":"4105|4106",
"collection_rate":0.100
},
{
"id":2302,
"level_id":"3_2",
"level_name":"精英雷嗔电怒",
"level_lv":36,
"scene_name":"万恶谷",
"level_message":null,
"material":"4431",
"special":"9022",
"book":"无",
"book_rate":0.000,
"exp":6294,
"money":1284,
"soul":1284,
"fodder":"LeiChenDianNu",
"bonus":"评价奖励道具\n丁以上：雷嗔电怒碎片\n乙以上：紫色令牌\n首次极评价：万能碎片",
"loading_fodder":"QiangDao|KuLouYeGui|LeiChenDianNu|HaMaGuai|EMoQuan",
"boss_name":"精英雷嗔电怒",
"collection":"4105|4106",
"collection_rate":0.100
},
{
"id":2303,
"level_id":"3_3",
"level_name":"精英痴男怨女",
"level_lv":39,
"scene_name":"万恶谷",
"level_message":null,
"material":"4431",
"special":"9023",
"book":"无",
"book_rate":0.000,
"exp":7158,
"money":1506,
"soul":1506,
"fodder":"ChiNanYuanNv",
"bonus":"评价奖励道具\n丁以上：痴男怨女碎片\n乙以上：紫色令牌\n首次极评价：万能碎片",
"loading_fodder":"QiangDao|KuLouYeGui|HaMaGuai|EMoQuan|HeiYiCiKe|ChiNan|YuanNv|TuFu",
"boss_name":"精英痴男怨女",
"collection":"4105|4106",
"collection_rate":0.100
},
{
"id":2304,
"level_id":"3_4",
"level_name":"精英贪得无厌",
"level_lv":40,
"scene_name":"万恶谷",
"level_message":null,
"material":"4431",
"special":"9024",
"book":"无",
"book_rate":0.000,
"exp":7458,
"money":1584,
"soul":1584,
"fodder":"TanDeWuYan",
"bonus":"评价奖励道具\n丁以上：贪得无厌碎片\n乙以上：紫色令牌\n首次极评价：万能碎片\n过关时必定获得：\n技能残卷（精进）",
"loading_fodder":"QiangDao|KuLouYeGui|HaMaGuai|EMoQuan|HeiYiCiKe|TuFu|XiaoEMo|TanDeWuYan",
"boss_name":"精英贪得无厌",
"collection":"4105|4106",
"collection_rate":0.100
}
]
}
