{
"RECORDS":[
{
"id":1001,
"name":"狂武臂",
"type":"武器",
"color":"白",
"atk":170,
"ats":0,
"hp":0,
"def":0,
"adf":0,
"mp":0,
"evasion":0,
"crit":0,
"hit":0,
"toughness":0,
"exclusive_character":"狂武",
"sale_money":500,
"money_add":10,
"need_equipment":"1002",
"need_material":"4101|4102",
"material_number":"30|30",
"need_soul":5000,
"need_book":2,
"fodder":"1|1",
"message":null
},
{
"id":1002,
"name":"铁竹臂",
"type":"武器",
"color":"绿",
"atk":310,
"ats":0,
"hp":0,
"def":0,
"adf":0,
"mp":0,
"evasion":0,
"crit":0,
"hit":0,
"toughness":0,
"exclusive_character":"狂武",
"sale_money":1000,
"money_add":10,
"need_equipment":"1003",
"need_material":"4103|4104",
"material_number":"60|60",
"need_soul":20000,
"need_book":3,
"fodder":"1|1",
"message":null
},
{
"id":1003,
"name":"玄钢臂",
"type":"武器",
"color":"蓝",
"atk":450,
"ats":0,
"hp":0,
"def":0,
"adf":0,
"mp":0,
"evasion":0,
"crit":0,
"hit":0,
"toughness":0,
"exclusive_character":"狂武",
"sale_money":1500,
"money_add":10,
"need_equipment":"1004",
"need_material":"4105|4106",
"material_number":"90|90",
"need_soul":48000,
"need_book":4,
"fodder":"1|1",
"message":null
},
{
"id":1004,
"name":"雷鬼臂",
"type":"武器",
"color":"蓝",
"atk":590,
"ats":0,
"hp":0,
"def":0,
"adf":0,
"mp":0,
"evasion":0,
"crit":0,
"hit":0,
"toughness":0,
"exclusive_character":"狂武",
"sale_money":2000,
"money_add":10,
"need_equipment":"1005",
"need_material":"4107|4108",
"material_number":"120|120",
"need_soul":100000,
"need_book":5,
"fodder":"1|1",
"message":null
},
{
"id":1005,
"name":"暴风臂",
"type":"武器",
"color":"紫",
"atk":630,
"ats":0,
"hp":0,
"def":0,
"adf":0,
"mp":0,
"evasion":0,
"crit":0,
"hit":0,
"toughness":0,
"exclusive_character":"狂武",
"sale_money":2500,
"money_add":10,
"need_equipment":"1006",
"need_material":"4109|4110",
"material_number":"150|150",
"need_soul":180000,
"need_book":6,
"fodder":"0|0",
"message":null
},
{
"id":1006,
"name":"天机臂",
"type":"武器",
"color":"紫",
"atk":770,
"ats":0,
"hp":0,
"def":0,
"adf":0,
"mp":0,
"evasion":0,
"crit":0,
"hit":0,
"toughness":0,
"exclusive_character":"狂武",
"sale_money":3000,
"money_add":10,
"need_equipment":"1007",
"need_material":"4111|4112",
"material_number":"180|180",
"need_soul":300000,
"need_book":7,
"fodder":"0|0",
"message":null
},
{
"id":1007,
"name":"屠戮臂",
"type":"武器",
"color":"橙",
"atk":910,
"ats":0,
"hp":0,
"def":0,
"adf":0,
"mp":0,
"evasion":0,
"crit":0,
"hit":0,
"toughness":0,
"exclusive_character":"狂武",
"sale_money":3500,
"money_add":10,
"need_equipment":"1008",
"need_material":"4113|4114",
"material_number":"210|210",
"need_soul":440000,
"need_book":8,
"fodder":"0|0",
"message":null
},
{
"id":1008,
"name":"荒天臂",
"type":"武器",
"color":"橙",
"atk":1050,
"ats":0,
"hp":0,
"def":0,
"adf":0,
"mp":0,
"evasion":0,
"crit":0,
"hit":0,
"toughness":0,
"exclusive_character":"狂武",
"sale_money":4000,
"money_add":10,
"need_equipment":"1009",
"need_material":"4115|4116",
"material_number":"240|240",
"need_soul":620000,
"need_book":9,
"fodder":"0|0",
"message":null
},
{
"id":1009,
"name":"战神臂",
"type":"武器",
"color":"金",
"atk":1190,
"ats":0,
"hp":0,
"def":0,
"adf":0,
"mp":0,
"evasion":0,
"crit":0,
"hit":0,
"toughness":0,
"exclusive_character":"狂武",
"sale_money":4500,
"money_add":10,
"need_equipment":"1010",
"need_material":"4117|4118",
"material_number":"270|270",
"need_soul":840000,
"need_book":10,
"fodder":"0|0",
"message":null
},
{
"id":1010,
"name":"霸王臂",
"type":"武器",
"color":"金",
"atk":1330,
"ats":0,
"hp":0,
"def":0,
"adf":0,
"mp":0,
"evasion":0,
"crit":0,
"hit":0,
"toughness":0,
"exclusive_character":"狂武",
"sale_money":5000,
"money_add":10,
"need_equipment":"无",
"need_material":"无",
"material_number":"无",
"need_soul":0,
"need_book":0,
"fodder":"0|0",
"message":null
},
{
"id":1101,
"name":"狂武箍",
"type":"头部",
"color":"白",
"atk":0,
"ats":160,
"hp":0,
"def":0,
"adf":0,
"mp":0,
"evasion":0,
"crit":0,
"hit":0,
"toughness":0,
"exclusive_character":"狂武",
"sale_money":500,
"money_add":10,
"need_equipment":"1102",
"need_material":"4101|4102",
"material_number":"30|30",
"need_soul":5000,
"need_book":12,
"fodder":"0|1",
"message":null
},
{
"id":1102,
"name":"铁竹箍",
"type":"头部",
"color":"绿",
"atk":0,
"ats":260,
"hp":0,
"def":0,
"adf":0,
"mp":0,
"evasion":0,
"crit":0,
"hit":0,
"toughness":0,
"exclusive_character":"狂武",
"sale_money":1000,
"money_add":10,
"need_equipment":"1103",
"need_material":"4103|4104",
"material_number":"60|60",
"need_soul":20000,
"need_book":13,
"fodder":"1|0",
"message":null
},
{
"id":1103,
"name":"玄钢箍",
"type":"头部",
"color":"蓝",
"atk":0,
"ats":360,
"hp":0,
"def":0,
"adf":0,
"mp":0,
"evasion":0,
"crit":0,
"hit":0,
"toughness":0,
"exclusive_character":"狂武",
"sale_money":1500,
"money_add":10,
"need_equipment":"1104",
"need_material":"4105|4106",
"material_number":"90|90",
"need_soul":48000,
"need_book":14,
"fodder":"1|0",
"message":null
},
{
"id":1104,
"name":"雷鬼箍",
"type":"头部",
"color":"蓝",
"atk":0,
"ats":460,
"hp":0,
"def":0,
"adf":0,
"mp":0,
"evasion":0,
"crit":0,
"hit":0,
"toughness":0,
"exclusive_character":"狂武",
"sale_money":2000,
"money_add":10,
"need_equipment":"1105",
"need_material":"4107|4108",
"material_number":"120|120",
"need_soul":100000,
"need_book":15,
"fodder":"1|1",
"message":null
},
{
"id":1105,
"name":"暴风箍",
"type":"头部",
"color":"紫",
"atk":0,
"ats":560,
"hp":0,
"def":0,
"adf":0,
"mp":0,
"evasion":0,
"crit":0,
"hit":0,
"toughness":0,
"exclusive_character":"狂武",
"sale_money":2500,
"money_add":10,
"need_equipment":"1106",
"need_material":"4109|4110",
"material_number":"150|150",
"need_soul":180000,
"need_book":16,
"fodder":"0|0",
"message":null
},
{
"id":1106,
"name":"天机箍",
"type":"头部",
"color":"紫",
"atk":0,
"ats":660,
"hp":0,
"def":0,
"adf":0,
"mp":0,
"evasion":0,
"crit":0,
"hit":0,
"toughness":0,
"exclusive_character":"狂武",
"sale_money":3000,
"money_add":10,
"need_equipment":"1107",
"need_material":"4111|4112",
"material_number":"180|180",
"need_soul":300000,
"need_book":17,
"fodder":"0|0",
"message":null
},
{
"id":1107,
"name":"屠戮箍",
"type":"头部",
"color":"橙",
"atk":0,
"ats":760,
"hp":0,
"def":0,
"adf":0,
"mp":0,
"evasion":0,
"crit":0,
"hit":0,
"toughness":0,
"exclusive_character":"狂武",
"sale_money":3500,
"money_add":10,
"need_equipment":"1108",
"need_material":"4113|4114",
"material_number":"210|210",
"need_soul":440000,
"need_book":18,
"fodder":"0|0",
"message":null
},
{
"id":1108,
"name":"荒天箍",
"type":"头部",
"color":"橙",
"atk":0,
"ats":860,
"hp":0,
"def":0,
"adf":0,
"mp":0,
"evasion":0,
"crit":0,
"hit":0,
"toughness":0,
"exclusive_character":"狂武",
"sale_money":4000,
"money_add":10,
"need_equipment":"1109",
"need_material":"4115|4116",
"material_number":"240|240",
"need_soul":620000,
"need_book":19,
"fodder":"0|0",
"message":null
},
{
"id":1109,
"name":"战神箍",
"type":"头部",
"color":"金",
"atk":0,
"ats":960,
"hp":0,
"def":0,
"adf":0,
"mp":0,
"evasion":0,
"crit":0,
"hit":0,
"toughness":0,
"exclusive_character":"狂武",
"sale_money":4500,
"money_add":10,
"need_equipment":"1110",
"need_material":"4117|4118",
"material_number":"270|270",
"need_soul":840000,
"need_book":20,
"fodder":"0|0",
"message":null
},
{
"id":1110,
"name":"霸王箍",
"type":"头部",
"color":"金",
"atk":0,
"ats":1060,
"hp":0,
"def":0,
"adf":0,
"mp":0,
"evasion":0,
"crit":0,
"hit":0,
"toughness":0,
"exclusive_character":"狂武",
"sale_money":5000,
"money_add":10,
"need_equipment":"无",
"need_material":"无",
"material_number":"无",
"need_soul":0,
"need_book":0,
"fodder":"0|0",
"message":null
},
{
"id":1201,
"name":"狂武链",
"type":"颈部",
"color":"白",
"atk":0,
"ats":0,
"hp":2800,
"def":0,
"adf":0,
"mp":0,
"evasion":0,
"crit":0,
"hit":0,
"toughness":0,
"exclusive_character":"狂武",
"sale_money":500,
"money_add":10,
"need_equipment":"1202",
"need_material":"4101|4102",
"material_number":"30|30",
"need_soul":5000,
"need_book":22,
"fodder":"0",
"message":null
},
{
"id":1202,
"name":"铁竹链",
"type":"颈部",
"color":"绿",
"atk":0,
"ats":0,
"hp":6800,
"def":0,
"adf":0,
"mp":0,
"evasion":0,
"crit":0,
"hit":0,
"toughness":0,
"exclusive_character":"狂武",
"sale_money":1000,
"money_add":10,
"need_equipment":"1203",
"need_material":"4103|4104",
"material_number":"60|60",
"need_soul":20000,
"need_book":23,
"fodder":"0",
"message":null
},
{
"id":1203,
"name":"玄钢链",
"type":"颈部",
"color":"蓝",
"atk":0,
"ats":0,
"hp":10800,
"def":0,
"adf":0,
"mp":0,
"evasion":0,
"crit":0,
"hit":0,
"toughness":0,
"exclusive_character":"狂武",
"sale_money":1500,
"money_add":10,
"need_equipment":"1204",
"need_material":"4105|4106",
"material_number":"90|90",
"need_soul":48000,
"need_book":24,
"fodder":"0",
"message":null
},
{
"id":1204,
"name":"雷鬼链",
"type":"颈部",
"color":"蓝",
"atk":0,
"ats":0,
"hp":14800,
"def":0,
"adf":0,
"mp":0,
"evasion":0,
"crit":0,
"hit":0,
"toughness":0,
"exclusive_character":"狂武",
"sale_money":2000,
"money_add":10,
"need_equipment":"1205",
"need_material":"4107|4108",
"material_number":"120|120",
"need_soul":100000,
"need_book":25,
"fodder":"0",
"message":null
},
{
"id":1205,
"name":"暴风链",
"type":"颈部",
"color":"紫",
"atk":0,
"ats":0,
"hp":18800,
"def":0,
"adf":0,
"mp":0,
"evasion":0,
"crit":0,
"hit":0,
"toughness":0,
"exclusive_character":"狂武",
"sale_money":2500,
"money_add":10,
"need_equipment":"1206",
"need_material":"4109|4110",
"material_number":"150|150",
"need_soul":180000,
"need_book":26,
"fodder":"0",
"message":null
},
{
"id":1206,
"name":"天机链",
"type":"颈部",
"color":"紫",
"atk":0,
"ats":0,
"hp":22800,
"def":0,
"adf":0,
"mp":0,
"evasion":0,
"crit":0,
"hit":0,
"toughness":0,
"exclusive_character":"狂武",
"sale_money":3000,
"money_add":10,
"need_equipment":"1207",
"need_material":"4111|4112",
"material_number":"180|180",
"need_soul":300000,
"need_book":27,
"fodder":"0",
"message":null
},
{
"id":1207,
"name":"屠戮链",
"type":"颈部",
"color":"橙",
"atk":0,
"ats":0,
"hp":26800,
"def":0,
"adf":0,
"mp":0,
"evasion":0,
"crit":0,
"hit":0,
"toughness":0,
"exclusive_character":"狂武",
"sale_money":3500,
"money_add":10,
"need_equipment":"1208",
"need_material":"4113|4114",
"material_number":"210|210",
"need_soul":440000,
"need_book":28,
"fodder":"0",
"message":null
},
{
"id":1208,
"name":"荒天链",
"type":"颈部",
"color":"橙",
"atk":0,
"ats":0,
"hp":30800,
"def":0,
"adf":0,
"mp":0,
"evasion":0,
"crit":0,
"hit":0,
"toughness":0,
"exclusive_character":"狂武",
"sale_money":4000,
"money_add":10,
"need_equipment":"1209",
"need_material":"4115|4116",
"material_number":"240|240",
"need_soul":620000,
"need_book":29,
"fodder":"0",
"message":null
},
{
"id":1209,
"name":"战神链",
"type":"颈部",
"color":"金",
"atk":0,
"ats":0,
"hp":34800,
"def":0,
"adf":0,
"mp":0,
"evasion":0,
"crit":0,
"hit":0,
"toughness":0,
"exclusive_character":"狂武",
"sale_money":4500,
"money_add":10,
"need_equipment":"1210",
"need_material":"4117|4118",
"material_number":"270|270",
"need_soul":840000,
"need_book":30,
"fodder":"0",
"message":null
},
{
"id":1210,
"name":"霸王链",
"type":"颈部",
"color":"金",
"atk":0,
"ats":0,
"hp":38800,
"def":0,
"adf":0,
"mp":0,
"evasion":0,
"crit":0,
"hit":0,
"toughness":0,
"exclusive_character":"狂武",
"sale_money":5000,
"money_add":10,
"need_equipment":"无",
"need_material":"无",
"material_number":"无",
"need_soul":0,
"need_book":0,
"fodder":"0",
"message":null
},
{
"id":1301,
"name":"狂武服",
"type":"上身",
"color":"白",
"atk":0,
"ats":0,
"hp":0,
"def":90,
"adf":0,
"mp":0,
"evasion":0,
"crit":0,
"hit":0,
"toughness":0,
"exclusive_character":"狂武",
"sale_money":500,
"money_add":10,
"need_equipment":"1302",
"need_material":"4101|4102",
"material_number":"30|30",
"need_soul":5000,
"need_book":32,
"fodder":"1",
"message":null
},
{
"id":1302,
"name":"铁竹服",
"type":"上身",
"color":"绿",
"atk":0,
"ats":0,
"hp":0,
"def":150,
"adf":0,
"mp":0,
"evasion":0,
"crit":0,
"hit":0,
"toughness":0,
"exclusive_character":"狂武",
"sale_money":1000,
"money_add":10,
"need_equipment":"1303",
"need_material":"4103|4104",
"material_number":"60|60",
"need_soul":20000,
"need_book":33,
"fodder":"1",
"message":null
},
{
"id":1303,
"name":"玄钢服",
"type":"上身",
"color":"蓝",
"atk":0,
"ats":0,
"hp":0,
"def":210,
"adf":0,
"mp":0,
"evasion":0,
"crit":0,
"hit":0,
"toughness":0,
"exclusive_character":"狂武",
"sale_money":1500,
"money_add":10,
"need_equipment":"1304",
"need_material":"4105|4106",
"material_number":"90|90",
"need_soul":48000,
"need_book":34,
"fodder":"1",
"message":null
},
{
"id":1304,
"name":"雷鬼服",
"type":"上身",
"color":"蓝",
"atk":0,
"ats":0,
"hp":0,
"def":270,
"adf":0,
"mp":0,
"evasion":0,
"crit":0,
"hit":0,
"toughness":0,
"exclusive_character":"狂武",
"sale_money":2000,
"money_add":10,
"need_equipment":"1305",
"need_material":"4107|4108",
"material_number":"120|120",
"need_soul":100000,
"need_book":35,
"fodder":"1",
"message":null
},
{
"id":1305,
"name":"暴风服",
"type":"上身",
"color":"紫",
"atk":0,
"ats":0,
"hp":0,
"def":330,
"adf":0,
"mp":0,
"evasion":0,
"crit":0,
"hit":0,
"toughness":0,
"exclusive_character":"狂武",
"sale_money":2500,
"money_add":10,
"need_equipment":"1306",
"need_material":"4109|4110",
"material_number":"150|150",
"need_soul":180000,
"need_book":36,
"fodder":"0",
"message":null
},
{
"id":1306,
"name":"天机服",
"type":"上身",
"color":"紫",
"atk":0,
"ats":0,
"hp":0,
"def":390,
"adf":0,
"mp":0,
"evasion":0,
"crit":0,
"hit":0,
"toughness":0,
"exclusive_character":"狂武",
"sale_money":3000,
"money_add":10,
"need_equipment":"1307",
"need_material":"4111|4112",
"material_number":"180|180",
"need_soul":300000,
"need_book":37,
"fodder":"0",
"message":null
},
{
"id":1307,
"name":"屠戮服",
"type":"上身",
"color":"橙",
"atk":0,
"ats":0,
"hp":0,
"def":450,
"adf":0,
"mp":0,
"evasion":0,
"crit":0,
"hit":0,
"toughness":0,
"exclusive_character":"狂武",
"sale_money":3500,
"money_add":10,
"need_equipment":"1308",
"need_material":"4113|4114",
"material_number":"210|210",
"need_soul":440000,
"need_book":38,
"fodder":"0",
"message":null
},
{
"id":1308,
"name":"荒天服",
"type":"上身",
"color":"橙",
"atk":0,
"ats":0,
"hp":0,
"def":510,
"adf":0,
"mp":0,
"evasion":0,
"crit":0,
"hit":0,
"toughness":0,
"exclusive_character":"狂武",
"sale_money":4000,
"money_add":10,
"need_equipment":"1309",
"need_material":"4115|4116",
"material_number":"240|240",
"need_soul":620000,
"need_book":39,
"fodder":"0",
"message":null
},
{
"id":1309,
"name":"战神服",
"type":"上身",
"color":"金",
"atk":0,
"ats":0,
"hp":0,
"def":570,
"adf":0,
"mp":0,
"evasion":0,
"crit":0,
"hit":0,
"toughness":0,
"exclusive_character":"狂武",
"sale_money":4500,
"money_add":10,
"need_equipment":"1310",
"need_material":"4117|4118",
"material_number":"270|270",
"need_soul":840000,
"need_book":40,
"fodder":"0",
"message":null
},
{
"id":1310,
"name":"霸王服",
"type":"上身",
"color":"金",
"atk":0,
"ats":0,
"hp":0,
"def":630,
"adf":0,
"mp":0,
"evasion":0,
"crit":0,
"hit":0,
"toughness":0,
"exclusive_character":"狂武",
"sale_money":5000,
"money_add":10,
"need_equipment":"无",
"need_material":"无",
"material_number":"无",
"need_soul":0,
"need_book":0,
"fodder":"0",
"message":null
},
{
"id":1401,
"name":"狂武肩",
"type":"肩部",
"color":"白",
"atk":0,
"ats":0,
"hp":0,
"def":0,
"adf":85,
"mp":0,
"evasion":0,
"crit":0,
"hit":0,
"toughness":0,
"exclusive_character":"狂武",
"sale_money":500,
"money_add":10,
"need_equipment":"1402",
"need_material":"4101|4102",
"material_number":"30|30",
"need_soul":5000,
"need_book":42,
"fodder":"1",
"message":null
},
{
"id":1402,
"name":"铁竹肩",
"type":"肩部",
"color":"绿",
"atk":0,
"ats":0,
"hp":0,
"def":0,
"adf":125,
"mp":0,
"evasion":0,
"crit":0,
"hit":0,
"toughness":0,
"exclusive_character":"狂武",
"sale_money":1000,
"money_add":10,
"need_equipment":"1403",
"need_material":"4103|4104",
"material_number":"60|60",
"need_soul":20000,
"need_book":43,
"fodder":"1",
"message":null
},
{
"id":1403,
"name":"玄钢肩",
"type":"肩部",
"color":"蓝",
"atk":0,
"ats":0,
"hp":0,
"def":0,
"adf":165,
"mp":0,
"evasion":0,
"crit":0,
"hit":0,
"toughness":0,
"exclusive_character":"狂武",
"sale_money":1500,
"money_add":10,
"need_equipment":"1404",
"need_material":"4105|4106",
"material_number":"90|90",
"need_soul":48000,
"need_book":44,
"fodder":"1",
"message":null
},
{
"id":1404,
"name":"雷鬼肩",
"type":"肩部",
"color":"蓝",
"atk":0,
"ats":0,
"hp":0,
"def":0,
"adf":205,
"mp":0,
"evasion":0,
"crit":0,
"hit":0,
"toughness":0,
"exclusive_character":"狂武",
"sale_money":2000,
"money_add":10,
"need_equipment":"1405",
"need_material":"4107|4108",
"material_number":"120|120",
"need_soul":100000,
"need_book":45,
"fodder":"1",
"message":null
},
{
"id":1405,
"name":"暴风肩",
"type":"肩部",
"color":"紫",
"atk":0,
"ats":0,
"hp":0,
"def":0,
"adf":245,
"mp":0,
"evasion":0,
"crit":0,
"hit":0,
"toughness":0,
"exclusive_character":"狂武",
"sale_money":2500,
"money_add":10,
"need_equipment":"1406",
"need_material":"4109|4110",
"material_number":"150|150",
"need_soul":180000,
"need_book":46,
"fodder":"0",
"message":null
},
{
"id":1406,
"name":"天机肩",
"type":"肩部",
"color":"紫",
"atk":0,
"ats":0,
"hp":0,
"def":0,
"adf":285,
"mp":0,
"evasion":0,
"crit":0,
"hit":0,
"toughness":0,
"exclusive_character":"狂武",
"sale_money":3000,
"money_add":10,
"need_equipment":"1407",
"need_material":"4111|4112",
"material_number":"180|180",
"need_soul":300000,
"need_book":47,
"fodder":"0",
"message":null
},
{
"id":1407,
"name":"屠戮肩",
"type":"肩部",
"color":"橙",
"atk":0,
"ats":0,
"hp":0,
"def":0,
"adf":325,
"mp":0,
"evasion":0,
"crit":0,
"hit":0,
"toughness":0,
"exclusive_character":"狂武",
"sale_money":3500,
"money_add":10,
"need_equipment":"1408",
"need_material":"4113|4114",
"material_number":"210|210",
"need_soul":440000,
"need_book":48,
"fodder":"0",
"message":null
},
{
"id":1408,
"name":"荒天肩",
"type":"肩部",
"color":"橙",
"atk":0,
"ats":0,
"hp":0,
"def":0,
"adf":365,
"mp":0,
"evasion":0,
"crit":0,
"hit":0,
"toughness":0,
"exclusive_character":"狂武",
"sale_money":4000,
"money_add":10,
"need_equipment":"1409",
"need_material":"4115|4116",
"material_number":"240|240",
"need_soul":620000,
"need_book":49,
"fodder":"0",
"message":null
},
{
"id":1409,
"name":"战神肩",
"type":"肩部",
"color":"金",
"atk":0,
"ats":0,
"hp":0,
"def":0,
"adf":405,
"mp":0,
"evasion":0,
"crit":0,
"hit":0,
"toughness":0,
"exclusive_character":"狂武",
"sale_money":4500,
"money_add":10,
"need_equipment":"1410",
"need_material":"4117|4118",
"material_number":"270|270",
"need_soul":840000,
"need_book":50,
"fodder":"0",
"message":null
},
{
"id":1410,
"name":"霸王肩",
"type":"肩部",
"color":"金",
"atk":0,
"ats":0,
"hp":0,
"def":0,
"adf":445,
"mp":0,
"evasion":0,
"crit":0,
"hit":0,
"toughness":0,
"exclusive_character":"狂武",
"sale_money":5000,
"money_add":10,
"need_equipment":"无",
"need_material":"无",
"material_number":"无",
"need_soul":0,
"need_book":0,
"fodder":"0",
"message":null
},
{
"id":1501,
"name":"狂武鞋",
"type":"鞋子",
"color":"白",
"atk":0,
"ats":0,
"hp":0,
"def":0,
"adf":0,
"mp":280,
"evasion":0,
"crit":0,
"hit":0,
"toughness":0,
"exclusive_character":"狂武",
"sale_money":500,
"money_add":10,
"need_equipment":"1502",
"need_material":"4101|4102",
"material_number":"30|30",
"need_soul":5000,
"need_book":52,
"fodder":"0",
"message":null
},
{
"id":1502,
"name":"铁竹鞋",
"type":"鞋子",
"color":"绿",
"atk":0,
"ats":0,
"hp":0,
"def":0,
"adf":0,
"mp":480,
"evasion":0,
"crit":0,
"hit":0,
"toughness":0,
"exclusive_character":"狂武",
"sale_money":1000,
"money_add":10,
"need_equipment":"1503",
"need_material":"4103|4104",
"material_number":"60|60",
"need_soul":20000,
"need_book":53,
"fodder":"0",
"message":null
},
{
"id":1503,
"name":"玄钢鞋",
"type":"鞋子",
"color":"蓝",
"atk":0,
"ats":0,
"hp":0,
"def":0,
"adf":0,
"mp":680,
"evasion":0,
"crit":0,
"hit":0,
"toughness":0,
"exclusive_character":"狂武",
"sale_money":1500,
"money_add":10,
"need_equipment":"1504",
"need_material":"4105|4106",
"material_number":"90|90",
"need_soul":48000,
"need_book":54,
"fodder":"0",
"message":null
},
{
"id":1504,
"name":"雷鬼鞋",
"type":"鞋子",
"color":"蓝",
"atk":0,
"ats":0,
"hp":0,
"def":0,
"adf":0,
"mp":880,
"evasion":0,
"crit":0,
"hit":0,
"toughness":0,
"exclusive_character":"狂武",
"sale_money":2000,
"money_add":10,
"need_equipment":"1505",
"need_material":"4107|4108",
"material_number":"120|120",
"need_soul":100000,
"need_book":55,
"fodder":"0",
"message":null
},
{
"id":1505,
"name":"暴风鞋",
"type":"鞋子",
"color":"紫",
"atk":0,
"ats":0,
"hp":0,
"def":0,
"adf":0,
"mp":1080,
"evasion":0,
"crit":0,
"hit":0,
"toughness":0,
"exclusive_character":"狂武",
"sale_money":2500,
"money_add":10,
"need_equipment":"1506",
"need_material":"4109|4110",
"material_number":"150|150",
"need_soul":180000,
"need_book":56,
"fodder":"0",
"message":null
},
{
"id":1506,
"name":"天机鞋",
"type":"鞋子",
"color":"紫",
"atk":0,
"ats":0,
"hp":0,
"def":0,
"adf":0,
"mp":1280,
"evasion":0,
"crit":0,
"hit":0,
"toughness":0,
"exclusive_character":"狂武",
"sale_money":3000,
"money_add":10,
"need_equipment":"1507",
"need_material":"4111|4112",
"material_number":"180|180",
"need_soul":300000,
"need_book":57,
"fodder":"0",
"message":null
},
{
"id":1507,
"name":"屠戮鞋",
"type":"鞋子",
"color":"橙",
"atk":0,
"ats":0,
"hp":0,
"def":0,
"adf":0,
"mp":1480,
"evasion":0,
"crit":0,
"hit":0,
"toughness":0,
"exclusive_character":"狂武",
"sale_money":3500,
"money_add":10,
"need_equipment":"1508",
"need_material":"4113|4114",
"material_number":"210|210",
"need_soul":440000,
"need_book":58,
"fodder":"0",
"message":null
},
{
"id":1508,
"name":"荒天鞋",
"type":"鞋子",
"color":"橙",
"atk":0,
"ats":0,
"hp":0,
"def":0,
"adf":0,
"mp":1680,
"evasion":0,
"crit":0,
"hit":0,
"toughness":0,
"exclusive_character":"狂武",
"sale_money":4000,
"money_add":10,
"need_equipment":"1509",
"need_material":"4115|4116",
"material_number":"240|240",
"need_soul":620000,
"need_book":59,
"fodder":"0",
"message":null
},
{
"id":1509,
"name":"战神鞋",
"type":"鞋子",
"color":"金",
"atk":0,
"ats":0,
"hp":0,
"def":0,
"adf":0,
"mp":1880,
"evasion":0,
"crit":0,
"hit":0,
"toughness":0,
"exclusive_character":"狂武",
"sale_money":4500,
"money_add":10,
"need_equipment":"1510",
"need_material":"4117|4118",
"material_number":"270|270",
"need_soul":840000,
"need_book":60,
"fodder":"0",
"message":null
},
{
"id":1510,
"name":"霸王鞋",
"type":"鞋子",
"color":"金",
"atk":0,
"ats":0,
"hp":0,
"def":0,
"adf":0,
"mp":2080,
"evasion":0,
"crit":0,
"hit":0,
"toughness":0,
"exclusive_character":"狂武",
"sale_money":5000,
"money_add":10,
"need_equipment":"无",
"need_material":"无",
"material_number":"无",
"need_soul":0,
"need_book":0,
"fodder":"0",
"message":null
},
{
"id":2001,
"name":"逍遥扇",
"type":"武器",
"color":"白",
"atk":160,
"ats":0,
"hp":0,
"def":0,
"adf":0,
"mp":0,
"evasion":0,
"crit":0,
"hit":0,
"toughness":0,
"exclusive_character":"逍遥",
"sale_money":500,
"money_add":10,
"need_equipment":"2002",
"need_material":"4101|4102",
"material_number":"30|30",
"need_soul":5000,
"need_book":102,
"fodder":"1",
"message":null
},
{
"id":2002,
"name":"君子扇",
"type":"武器",
"color":"绿",
"atk":260,
"ats":0,
"hp":0,
"def":0,
"adf":0,
"mp":0,
"evasion":0,
"crit":0,
"hit":0,
"toughness":0,
"exclusive_character":"逍遥",
"sale_money":1000,
"money_add":10,
"need_equipment":"2003",
"need_material":"4103|4104",
"material_number":"60|60",
"need_soul":20000,
"need_book":103,
"fodder":"1",
"message":null
},
{
"id":2003,
"name":"凌云扇",
"type":"武器",
"color":"蓝",
"atk":360,
"ats":0,
"hp":0,
"def":0,
"adf":0,
"mp":0,
"evasion":0,
"crit":0,
"hit":0,
"toughness":0,
"exclusive_character":"逍遥",
"sale_money":1500,
"money_add":10,
"need_equipment":"2004",
"need_material":"4105|4106",
"material_number":"90|90",
"need_soul":48000,
"need_book":104,
"fodder":"1",
"message":null
},
{
"id":2004,
"name":"摄魄扇",
"type":"武器",
"color":"蓝",
"atk":460,
"ats":0,
"hp":0,
"def":0,
"adf":0,
"mp":0,
"evasion":0,
"crit":0,
"hit":0,
"toughness":0,
"exclusive_character":"逍遥",
"sale_money":2000,
"money_add":10,
"need_equipment":"2005",
"need_material":"4107|4108",
"material_number":"120|120",
"need_soul":100000,
"need_book":105,
"fodder":"1",
"message":null
},
{
"id":2005,
"name":"碧水扇",
"type":"武器",
"color":"紫",
"atk":560,
"ats":0,
"hp":0,
"def":0,
"adf":0,
"mp":0,
"evasion":0,
"crit":0,
"hit":0,
"toughness":0,
"exclusive_character":"逍遥",
"sale_money":2500,
"money_add":10,
"need_equipment":"2006",
"need_material":"4109|4110",
"material_number":"150|150",
"need_soul":180000,
"need_book":106,
"fodder":"0",
"message":null
},
{
"id":2006,
"name":"星夜扇",
"type":"武器",
"color":"紫",
"atk":660,
"ats":0,
"hp":0,
"def":0,
"adf":0,
"mp":0,
"evasion":0,
"crit":0,
"hit":0,
"toughness":0,
"exclusive_character":"逍遥",
"sale_money":3000,
"money_add":10,
"need_equipment":"2007",
"need_material":"4111|4112",
"material_number":"180|180",
"need_soul":300000,
"need_book":107,
"fodder":"0",
"message":null
},
{
"id":2007,
"name":"弥陀扇",
"type":"武器",
"color":"橙",
"atk":760,
"ats":0,
"hp":0,
"def":0,
"adf":0,
"mp":0,
"evasion":0,
"crit":0,
"hit":0,
"toughness":0,
"exclusive_character":"逍遥",
"sale_money":3500,
"money_add":10,
"need_equipment":"2008",
"need_material":"4113|4114",
"material_number":"210|210",
"need_soul":440000,
"need_book":108,
"fodder":"0",
"message":null
},
{
"id":2008,
"name":"无痕扇",
"type":"武器",
"color":"橙",
"atk":860,
"ats":0,
"hp":0,
"def":0,
"adf":0,
"mp":0,
"evasion":0,
"crit":0,
"hit":0,
"toughness":0,
"exclusive_character":"逍遥",
"sale_money":4000,
"money_add":10,
"need_equipment":"2009",
"need_material":"4115|4116",
"material_number":"240|240",
"need_soul":620000,
"need_book":109,
"fodder":"0",
"message":null
},
{
"id":2009,
"name":"御王扇",
"type":"武器",
"color":"金",
"atk":960,
"ats":0,
"hp":0,
"def":0,
"adf":0,
"mp":0,
"evasion":0,
"crit":0,
"hit":0,
"toughness":0,
"exclusive_character":"逍遥",
"sale_money":4500,
"money_add":10,
"need_equipment":"2010",
"need_material":"4117|4118",
"material_number":"270|270",
"need_soul":840000,
"need_book":110,
"fodder":"0",
"message":null
},
{
"id":2010,
"name":"璇玑扇",
"type":"武器",
"color":"金",
"atk":1060,
"ats":0,
"hp":0,
"def":0,
"adf":0,
"mp":0,
"evasion":0,
"crit":0,
"hit":0,
"toughness":0,
"exclusive_character":"逍遥",
"sale_money":5000,
"money_add":10,
"need_equipment":"无",
"need_material":"无",
"material_number":"无",
"need_soul":0,
"need_book":0,
"fodder":"0",
"message":null
},
{
"id":2101,
"name":"逍遥冠",
"type":"头部",
"color":"白",
"atk":0,
"ats":170,
"hp":0,
"def":0,
"adf":0,
"mp":0,
"evasion":0,
"crit":0,
"hit":0,
"toughness":0,
"exclusive_character":"逍遥",
"sale_money":500,
"money_add":10,
"need_equipment":"2102",
"need_material":"4101|4102",
"material_number":"30|30",
"need_soul":5000,
"need_book":112,
"fodder":"0|1|0",
"message":null
},
{
"id":2102,
"name":"君子冠",
"type":"头部",
"color":"绿",
"atk":0,
"ats":310,
"hp":0,
"def":0,
"adf":0,
"mp":0,
"evasion":0,
"crit":0,
"hit":0,
"toughness":0,
"exclusive_character":"逍遥",
"sale_money":1000,
"money_add":10,
"need_equipment":"2103",
"need_material":"4103|4104",
"material_number":"60|60",
"need_soul":20000,
"need_book":113,
"fodder":"0|1|0",
"message":null
},
{
"id":2103,
"name":"凌云冠",
"type":"头部",
"color":"蓝",
"atk":0,
"ats":450,
"hp":0,
"def":0,
"adf":0,
"mp":0,
"evasion":0,
"crit":0,
"hit":0,
"toughness":0,
"exclusive_character":"逍遥",
"sale_money":1500,
"money_add":10,
"need_equipment":"2104",
"need_material":"4105|4106",
"material_number":"90|90",
"need_soul":48000,
"need_book":114,
"fodder":"0|1|0",
"message":null
},
{
"id":2104,
"name":"摄魄冠",
"type":"头部",
"color":"蓝",
"atk":0,
"ats":590,
"hp":0,
"def":0,
"adf":0,
"mp":0,
"evasion":0,
"crit":0,
"hit":0,
"toughness":0,
"exclusive_character":"逍遥",
"sale_money":2000,
"money_add":10,
"need_equipment":"2105",
"need_material":"4107|4108",
"material_number":"120|120",
"need_soul":100000,
"need_book":115,
"fodder":"0|1|0",
"message":null
},
{
"id":2105,
"name":"碧水冠",
"type":"头部",
"color":"紫",
"atk":0,
"ats":630,
"hp":0,
"def":0,
"adf":0,
"mp":0,
"evasion":0,
"crit":0,
"hit":0,
"toughness":0,
"exclusive_character":"逍遥",
"sale_money":2500,
"money_add":10,
"need_equipment":"2106",
"need_material":"4109|4110",
"material_number":"150|150",
"need_soul":180000,
"need_book":116,
"fodder":"0|0|0",
"message":null
},
{
"id":2106,
"name":"星夜冠",
"type":"头部",
"color":"紫",
"atk":0,
"ats":770,
"hp":0,
"def":0,
"adf":0,
"mp":0,
"evasion":0,
"crit":0,
"hit":0,
"toughness":0,
"exclusive_character":"逍遥",
"sale_money":3000,
"money_add":10,
"need_equipment":"2107",
"need_material":"4111|4112",
"material_number":"180|180",
"need_soul":300000,
"need_book":117,
"fodder":"0|0|0",
"message":null
},
{
"id":2107,
"name":"弥陀冠",
"type":"头部",
"color":"橙",
"atk":0,
"ats":910,
"hp":0,
"def":0,
"adf":0,
"mp":0,
"evasion":0,
"crit":0,
"hit":0,
"toughness":0,
"exclusive_character":"逍遥",
"sale_money":3500,
"money_add":10,
"need_equipment":"2108",
"need_material":"4113|4114",
"material_number":"210|210",
"need_soul":440000,
"need_book":118,
"fodder":"0|0|0",
"message":null
},
{
"id":2108,
"name":"无痕冠",
"type":"头部",
"color":"橙",
"atk":0,
"ats":1050,
"hp":0,
"def":0,
"adf":0,
"mp":0,
"evasion":0,
"crit":0,
"hit":0,
"toughness":0,
"exclusive_character":"逍遥",
"sale_money":4000,
"money_add":10,
"need_equipment":"2109",
"need_material":"4115|4116",
"material_number":"240|240",
"need_soul":620000,
"need_book":119,
"fodder":"0|0|0",
"message":null
},
{
"id":2109,
"name":"御王冠",
"type":"头部",
"color":"金",
"atk":0,
"ats":1190,
"hp":0,
"def":0,
"adf":0,
"mp":0,
"evasion":0,
"crit":0,
"hit":0,
"toughness":0,
"exclusive_character":"逍遥",
"sale_money":4500,
"money_add":10,
"need_equipment":"2110",
"need_material":"4117|4118",
"material_number":"270|270",
"need_soul":840000,
"need_book":120,
"fodder":"0|0|0",
"message":null
},
{
"id":2110,
"name":"璇玑冠",
"type":"头部",
"color":"金",
"atk":0,
"ats":1330,
"hp":0,
"def":0,
"adf":0,
"mp":0,
"evasion":0,
"crit":0,
"hit":0,
"toughness":0,
"exclusive_character":"逍遥",
"sale_money":5000,
"money_add":10,
"need_equipment":"无",
"need_material":"无",
"material_number":"无",
"need_soul":0,
"need_book":0,
"fodder":"0|0|0",
"message":null
},
{
"id":2201,
"name":"逍遥珠",
"type":"颈部",
"color":"白",
"atk":0,
"ats":0,
"hp":2000,
"def":0,
"adf":0,
"mp":0,
"evasion":0,
"crit":0,
"hit":0,
"toughness":0,
"exclusive_character":"逍遥",
"sale_money":500,
"money_add":10,
"need_equipment":"2202",
"need_material":"4101|4102",
"material_number":"30|30",
"need_soul":5000,
"need_book":122,
"fodder":"0",
"message":null
},
{
"id":2202,
"name":"君子珠",
"type":"颈部",
"color":"绿",
"atk":0,
"ats":0,
"hp":5000,
"def":0,
"adf":0,
"mp":0,
"evasion":0,
"crit":0,
"hit":0,
"toughness":0,
"exclusive_character":"逍遥",
"sale_money":1000,
"money_add":10,
"need_equipment":"2203",
"need_material":"4103|4104",
"material_number":"60|60",
"need_soul":20000,
"need_book":123,
"fodder":"0",
"message":null
},
{
"id":2203,
"name":"凌云珠",
"type":"颈部",
"color":"蓝",
"atk":0,
"ats":0,
"hp":8000,
"def":0,
"adf":0,
"mp":0,
"evasion":0,
"crit":0,
"hit":0,
"toughness":0,
"exclusive_character":"逍遥",
"sale_money":1500,
"money_add":10,
"need_equipment":"2204",
"need_material":"4105|4106",
"material_number":"90|90",
"need_soul":48000,
"need_book":124,
"fodder":"0",
"message":null
},
{
"id":2204,
"name":"摄魄珠",
"type":"颈部",
"color":"蓝",
"atk":0,
"ats":0,
"hp":11000,
"def":0,
"adf":0,
"mp":0,
"evasion":0,
"crit":0,
"hit":0,
"toughness":0,
"exclusive_character":"逍遥",
"sale_money":2000,
"money_add":10,
"need_equipment":"2205",
"need_material":"4107|4108",
"material_number":"120|120",
"need_soul":100000,
"need_book":125,
"fodder":"0",
"message":null
},
{
"id":2205,
"name":"碧水珠",
"type":"颈部",
"color":"紫",
"atk":0,
"ats":0,
"hp":14000,
"def":0,
"adf":0,
"mp":0,
"evasion":0,
"crit":0,
"hit":0,
"toughness":0,
"exclusive_character":"逍遥",
"sale_money":2500,
"money_add":10,
"need_equipment":"2206",
"need_material":"4109|4110",
"material_number":"150|150",
"need_soul":180000,
"need_book":126,
"fodder":"0",
"message":null
},
{
"id":2206,
"name":"星夜珠",
"type":"颈部",
"color":"紫",
"atk":0,
"ats":0,
"hp":17000,
"def":0,
"adf":0,
"mp":0,
"evasion":0,
"crit":0,
"hit":0,
"toughness":0,
"exclusive_character":"逍遥",
"sale_money":3000,
"money_add":10,
"need_equipment":"2207",
"need_material":"4111|4112",
"material_number":"180|180",
"need_soul":300000,
"need_book":127,
"fodder":"0",
"message":null
},
{
"id":2207,
"name":"弥陀珠",
"type":"颈部",
"color":"橙",
"atk":0,
"ats":0,
"hp":20000,
"def":0,
"adf":0,
"mp":0,
"evasion":0,
"crit":0,
"hit":0,
"toughness":0,
"exclusive_character":"逍遥",
"sale_money":3500,
"money_add":10,
"need_equipment":"2208",
"need_material":"4113|4114",
"material_number":"210|210",
"need_soul":440000,
"need_book":128,
"fodder":"0",
"message":null
},
{
"id":2208,
"name":"无痕珠",
"type":"颈部",
"color":"橙",
"atk":0,
"ats":0,
"hp":23000,
"def":0,
"adf":0,
"mp":0,
"evasion":0,
"crit":0,
"hit":0,
"toughness":0,
"exclusive_character":"逍遥",
"sale_money":4000,
"money_add":10,
"need_equipment":"2209",
"need_material":"4115|4116",
"material_number":"240|240",
"need_soul":620000,
"need_book":129,
"fodder":"0",
"message":null
},
{
"id":2209,
"name":"御王珠",
"type":"颈部",
"color":"金",
"atk":0,
"ats":0,
"hp":26000,
"def":0,
"adf":0,
"mp":0,
"evasion":0,
"crit":0,
"hit":0,
"toughness":0,
"exclusive_character":"逍遥",
"sale_money":4500,
"money_add":10,
"need_equipment":"2210",
"need_material":"4117|4118",
"material_number":"270|270",
"need_soul":840000,
"need_book":130,
"fodder":"0",
"message":null
},
{
"id":2210,
"name":"璇玑珠",
"type":"颈部",
"color":"金",
"atk":0,
"ats":0,
"hp":29000,
"def":0,
"adf":0,
"mp":0,
"evasion":0,
"crit":0,
"hit":0,
"toughness":0,
"exclusive_character":"逍遥",
"sale_money":5000,
"money_add":10,
"need_equipment":"无",
"need_material":"无",
"material_number":"无",
"need_soul":0,
"need_book":0,
"fodder":"0",
"message":null
},
{
"id":2301,
"name":"逍遥衣",
"type":"上身",
"color":"白",
"atk":0,
"ats":0,
"hp":0,
"def":85,
"adf":0,
"mp":0,
"evasion":0,
"crit":0,
"hit":0,
"toughness":0,
"exclusive_character":"逍遥",
"sale_money":500,
"money_add":10,
"need_equipment":"2302",
"need_material":"4101|4102",
"material_number":"30|30",
"need_soul":5000,
"need_book":132,
"fodder":"1|1|1",
"message":null
},
{
"id":2302,
"name":"君子衣",
"type":"上身",
"color":"绿",
"atk":0,
"ats":0,
"hp":0,
"def":125,
"adf":0,
"mp":0,
"evasion":0,
"crit":0,
"hit":0,
"toughness":0,
"exclusive_character":"逍遥",
"sale_money":1000,
"money_add":10,
"need_equipment":"2303",
"need_material":"4103|4104",
"material_number":"60|60",
"need_soul":20000,
"need_book":133,
"fodder":"1|1|1",
"message":null
},
{
"id":2303,
"name":"凌云衣",
"type":"上身",
"color":"蓝",
"atk":0,
"ats":0,
"hp":0,
"def":165,
"adf":0,
"mp":0,
"evasion":0,
"crit":0,
"hit":0,
"toughness":0,
"exclusive_character":"逍遥",
"sale_money":1500,
"money_add":10,
"need_equipment":"2304",
"need_material":"4105|4106",
"material_number":"90|90",
"need_soul":48000,
"need_book":134,
"fodder":"1|1|1",
"message":null
},
{
"id":2304,
"name":"摄魄衣",
"type":"上身",
"color":"蓝",
"atk":0,
"ats":0,
"hp":0,
"def":205,
"adf":0,
"mp":0,
"evasion":0,
"crit":0,
"hit":0,
"toughness":0,
"exclusive_character":"逍遥",
"sale_money":2000,
"money_add":10,
"need_equipment":"2305",
"need_material":"4107|4108",
"material_number":"120|120",
"need_soul":100000,
"need_book":135,
"fodder":"1|1|1",
"message":null
},
{
"id":2305,
"name":"碧水衣",
"type":"上身",
"color":"紫",
"atk":0,
"ats":0,
"hp":0,
"def":245,
"adf":0,
"mp":0,
"evasion":0,
"crit":0,
"hit":0,
"toughness":0,
"exclusive_character":"逍遥",
"sale_money":2500,
"money_add":10,
"need_equipment":"2306",
"need_material":"4109|4110",
"material_number":"150|150",
"need_soul":180000,
"need_book":136,
"fodder":"0|0|0",
"message":null
},
{
"id":2306,
"name":"星夜衣",
"type":"上身",
"color":"紫",
"atk":0,
"ats":0,
"hp":0,
"def":285,
"adf":0,
"mp":0,
"evasion":0,
"crit":0,
"hit":0,
"toughness":0,
"exclusive_character":"逍遥",
"sale_money":3000,
"money_add":10,
"need_equipment":"2307",
"need_material":"4111|4112",
"material_number":"180|180",
"need_soul":300000,
"need_book":137,
"fodder":"0|0|0",
"message":null
},
{
"id":2307,
"name":"弥陀衣",
"type":"上身",
"color":"橙",
"atk":0,
"ats":0,
"hp":0,
"def":325,
"adf":0,
"mp":0,
"evasion":0,
"crit":0,
"hit":0,
"toughness":0,
"exclusive_character":"逍遥",
"sale_money":3500,
"money_add":10,
"need_equipment":"2308",
"need_material":"4113|4114",
"material_number":"210|210",
"need_soul":440000,
"need_book":138,
"fodder":"0|0|0",
"message":null
},
{
"id":2308,
"name":"无痕衣",
"type":"上身",
"color":"橙",
"atk":0,
"ats":0,
"hp":0,
"def":365,
"adf":0,
"mp":0,
"evasion":0,
"crit":0,
"hit":0,
"toughness":0,
"exclusive_character":"逍遥",
"sale_money":4000,
"money_add":10,
"need_equipment":"2309",
"need_material":"4115|4116",
"material_number":"240|240",
"need_soul":620000,
"need_book":139,
"fodder":"0|0|0",
"message":null
},
{
"id":2309,
"name":"御王衣",
"type":"上身",
"color":"金",
"atk":0,
"ats":0,
"hp":0,
"def":405,
"adf":0,
"mp":0,
"evasion":0,
"crit":0,
"hit":0,
"toughness":0,
"exclusive_character":"逍遥",
"sale_money":4500,
"money_add":10,
"need_equipment":"2310",
"need_material":"4117|4118",
"material_number":"270|270",
"need_soul":840000,
"need_book":140,
"fodder":"0|0|0",
"message":null
},
{
"id":2310,
"name":"璇玑衣",
"type":"上身",
"color":"金",
"atk":0,
"ats":0,
"hp":0,
"def":445,
"adf":0,
"mp":0,
"evasion":0,
"crit":0,
"hit":0,
"toughness":0,
"exclusive_character":"逍遥",
"sale_money":5000,
"money_add":10,
"need_equipment":"无",
"need_material":"无",
"material_number":"无",
"need_soul":0,
"need_book":0,
"fodder":"0|0|0",
"message":null
},
{
"id":2401,
"name":"逍遥肩",
"type":"肩部",
"color":"白",
"atk":0,
"ats":0,
"hp":0,
"def":0,
"adf":90,
"mp":0,
"evasion":0,
"crit":0,
"hit":0,
"toughness":0,
"exclusive_character":"逍遥",
"sale_money":500,
"money_add":10,
"need_equipment":"2402",
"need_material":"4101|4102",
"material_number":"30|30",
"need_soul":5000,
"need_book":142,
"fodder":"1",
"message":null
},
{
"id":2402,
"name":"君子肩",
"type":"肩部",
"color":"绿",
"atk":0,
"ats":0,
"hp":0,
"def":0,
"adf":150,
"mp":0,
"evasion":0,
"crit":0,
"hit":0,
"toughness":0,
"exclusive_character":"逍遥",
"sale_money":1000,
"money_add":10,
"need_equipment":"2403",
"need_material":"4103|4104",
"material_number":"60|60",
"need_soul":20000,
"need_book":143,
"fodder":"1",
"message":null
},
{
"id":2403,
"name":"凌云肩",
"type":"肩部",
"color":"蓝",
"atk":0,
"ats":0,
"hp":0,
"def":0,
"adf":210,
"mp":0,
"evasion":0,
"crit":0,
"hit":0,
"toughness":0,
"exclusive_character":"逍遥",
"sale_money":1500,
"money_add":10,
"need_equipment":"2404",
"need_material":"4105|4106",
"material_number":"90|90",
"need_soul":48000,
"need_book":144,
"fodder":"1",
"message":null
},
{
"id":2404,
"name":"摄魄肩",
"type":"肩部",
"color":"蓝",
"atk":0,
"ats":0,
"hp":0,
"def":0,
"adf":270,
"mp":0,
"evasion":0,
"crit":0,
"hit":0,
"toughness":0,
"exclusive_character":"逍遥",
"sale_money":2000,
"money_add":10,
"need_equipment":"2405",
"need_material":"4107|4108",
"material_number":"120|120",
"need_soul":100000,
"need_book":145,
"fodder":"1",
"message":null
},
{
"id":2405,
"name":"碧水肩",
"type":"肩部",
"color":"紫",
"atk":0,
"ats":0,
"hp":0,
"def":0,
"adf":330,
"mp":0,
"evasion":0,
"crit":0,
"hit":0,
"toughness":0,
"exclusive_character":"逍遥",
"sale_money":2500,
"money_add":10,
"need_equipment":"2406",
"need_material":"4109|4110",
"material_number":"150|150",
"need_soul":180000,
"need_book":146,
"fodder":"0",
"message":null
},
{
"id":2406,
"name":"星夜肩",
"type":"肩部",
"color":"紫",
"atk":0,
"ats":0,
"hp":0,
"def":0,
"adf":390,
"mp":0,
"evasion":0,
"crit":0,
"hit":0,
"toughness":0,
"exclusive_character":"逍遥",
"sale_money":3000,
"money_add":10,
"need_equipment":"2407",
"need_material":"4111|4112",
"material_number":"180|180",
"need_soul":300000,
"need_book":147,
"fodder":"0",
"message":null
},
{
"id":2407,
"name":"弥陀肩",
"type":"肩部",
"color":"橙",
"atk":0,
"ats":0,
"hp":0,
"def":0,
"adf":450,
"mp":0,
"evasion":0,
"crit":0,
"hit":0,
"toughness":0,
"exclusive_character":"逍遥",
"sale_money":3500,
"money_add":10,
"need_equipment":"2408",
"need_material":"4113|4114",
"material_number":"210|210",
"need_soul":440000,
"need_book":148,
"fodder":"0",
"message":null
},
{
"id":2408,
"name":"无痕肩",
"type":"肩部",
"color":"橙",
"atk":0,
"ats":0,
"hp":0,
"def":0,
"adf":510,
"mp":0,
"evasion":0,
"crit":0,
"hit":0,
"toughness":0,
"exclusive_character":"逍遥",
"sale_money":4000,
"money_add":10,
"need_equipment":"2409",
"need_material":"4115|4116",
"material_number":"240|240",
"need_soul":620000,
"need_book":149,
"fodder":"0",
"message":null
},
{
"id":2409,
"name":"御王肩",
"type":"肩部",
"color":"金",
"atk":0,
"ats":0,
"hp":0,
"def":0,
"adf":570,
"mp":0,
"evasion":0,
"crit":0,
"hit":0,
"toughness":0,
"exclusive_character":"逍遥",
"sale_money":4500,
"money_add":10,
"need_equipment":"2410",
"need_material":"4117|4118",
"material_number":"270|270",
"need_soul":840000,
"need_book":150,
"fodder":"0",
"message":null
},
{
"id":2410,
"name":"璇玑肩",
"type":"肩部",
"color":"金",
"atk":0,
"ats":0,
"hp":0,
"def":0,
"adf":630,
"mp":0,
"evasion":0,
"crit":0,
"hit":0,
"toughness":0,
"exclusive_character":"逍遥",
"sale_money":5000,
"money_add":10,
"need_equipment":"无",
"need_material":"无",
"material_number":"无",
"need_soul":0,
"need_book":0,
"fodder":"0",
"message":null
},
{
"id":2501,
"name":"逍遥靴",
"type":"鞋子",
"color":"白",
"atk":0,
"ats":0,
"hp":0,
"def":0,
"adf":0,
"mp":400,
"evasion":0,
"crit":0,
"hit":0,
"toughness":0,
"exclusive_character":"逍遥",
"sale_money":500,
"money_add":10,
"need_equipment":"2502",
"need_material":"4101|4102",
"material_number":"30|30",
"need_soul":5000,
"need_book":152,
"fodder":"0",
"message":null
},
{
"id":2502,
"name":"君子靴",
"type":"鞋子",
"color":"绿",
"atk":0,
"ats":0,
"hp":0,
"def":0,
"adf":0,
"mp":700,
"evasion":0,
"crit":0,
"hit":0,
"toughness":0,
"exclusive_character":"逍遥",
"sale_money":1000,
"money_add":10,
"need_equipment":"2503",
"need_material":"4103|4104",
"material_number":"60|60",
"need_soul":20000,
"need_book":153,
"fodder":"0",
"message":null
},
{
"id":2503,
"name":"凌云靴",
"type":"鞋子",
"color":"蓝",
"atk":0,
"ats":0,
"hp":0,
"def":0,
"adf":0,
"mp":1000,
"evasion":0,
"crit":0,
"hit":0,
"toughness":0,
"exclusive_character":"逍遥",
"sale_money":1500,
"money_add":10,
"need_equipment":"2504",
"need_material":"4105|4106",
"material_number":"90|90",
"need_soul":48000,
"need_book":154,
"fodder":"0",
"message":null
},
{
"id":2504,
"name":"摄魄靴",
"type":"鞋子",
"color":"蓝",
"atk":0,
"ats":0,
"hp":0,
"def":0,
"adf":0,
"mp":1300,
"evasion":0,
"crit":0,
"hit":0,
"toughness":0,
"exclusive_character":"逍遥",
"sale_money":2000,
"money_add":10,
"need_equipment":"2505",
"need_material":"4107|4108",
"material_number":"120|120",
"need_soul":100000,
"need_book":155,
"fodder":"0",
"message":null
},
{
"id":2505,
"name":"碧水靴",
"type":"鞋子",
"color":"紫",
"atk":0,
"ats":0,
"hp":0,
"def":0,
"adf":0,
"mp":1600,
"evasion":0,
"crit":0,
"hit":0,
"toughness":0,
"exclusive_character":"逍遥",
"sale_money":2500,
"money_add":10,
"need_equipment":"2506",
"need_material":"4109|4110",
"material_number":"150|150",
"need_soul":180000,
"need_book":156,
"fodder":"0",
"message":null
},
{
"id":2506,
"name":"星夜靴",
"type":"鞋子",
"color":"紫",
"atk":0,
"ats":0,
"hp":0,
"def":0,
"adf":0,
"mp":1900,
"evasion":0,
"crit":0,
"hit":0,
"toughness":0,
"exclusive_character":"逍遥",
"sale_money":3000,
"money_add":10,
"need_equipment":"2507",
"need_material":"4111|4112",
"material_number":"180|180",
"need_soul":300000,
"need_book":157,
"fodder":"0",
"message":null
},
{
"id":2507,
"name":"弥陀靴",
"type":"鞋子",
"color":"橙",
"atk":0,
"ats":0,
"hp":0,
"def":0,
"adf":0,
"mp":2200,
"evasion":0,
"crit":0,
"hit":0,
"toughness":0,
"exclusive_character":"逍遥",
"sale_money":3500,
"money_add":10,
"need_equipment":"2508",
"need_material":"4113|4114",
"material_number":"210|210",
"need_soul":440000,
"need_book":158,
"fodder":"0",
"message":null
},
{
"id":2508,
"name":"无痕靴",
"type":"鞋子",
"color":"橙",
"atk":0,
"ats":0,
"hp":0,
"def":0,
"adf":0,
"mp":2500,
"evasion":0,
"crit":0,
"hit":0,
"toughness":0,
"exclusive_character":"逍遥",
"sale_money":4000,
"money_add":10,
"need_equipment":"2509",
"need_material":"4115|4116",
"material_number":"240|240",
"need_soul":620000,
"need_book":159,
"fodder":"0",
"message":null
},
{
"id":2509,
"name":"御王靴",
"type":"鞋子",
"color":"金",
"atk":0,
"ats":0,
"hp":0,
"def":0,
"adf":0,
"mp":2800,
"evasion":0,
"crit":0,
"hit":0,
"toughness":0,
"exclusive_character":"逍遥",
"sale_money":4500,
"money_add":10,
"need_equipment":"2510",
"need_material":"4117|4118",
"material_number":"270|270",
"need_soul":840000,
"need_book":160,
"fodder":"0",
"message":null
},
{
"id":2510,
"name":"璇玑靴",
"type":"鞋子",
"color":"金",
"atk":0,
"ats":0,
"hp":0,
"def":0,
"adf":0,
"mp":3100,
"evasion":0,
"crit":0,
"hit":0,
"toughness":0,
"exclusive_character":"逍遥",
"sale_money":5000,
"money_add":10,
"need_equipment":"无",
"need_material":"无",
"material_number":"无",
"need_soul":0,
"need_book":0,
"fodder":"0",
"message":null
}
]
}