{
"RECORDS":[
{
"id":6201,
"name":"复活币",
"propId":1526,
"type":"1"
},
{
"id":6203,
"name":"重修之书",
"propId":1527,
"type":"1"
},
{
"id":6204,
"name":"刷新卷",
"propId":1525,
"type":"1"
},
{
"id":6205,
"name":"万能钥匙",
"propId":1524,
"type":"1"
},
{
"id":6101,
"name":"人品卡",
"propId":1529,
"type":"1"
},
{
"id":6102,
"name":"双倍卡",
"propId":1528,
"type":"1"
},
{
"id":6103,
"name":"高手卡",
"propId":1537,
"type":"1"
},
{
"id":6104,
"name":"改名卡",
"propId":1591,
"type":"1"
},
{
"id":7001,
"name":"米国队长套装",
"propId":1619,
"type":"2"
},
{
"id":7101,
"name":"钢铁大侠套装",
"propId":1620,
"type":"2"
},
{
"id":8903,
"name":"灵气牌-繁华",
"propId":1632,
"type":"1"
},
{
"id":7004,
"name":"蝙蝠勇士套装",
"propId":1659,
"type":"2"
},
{
"id":9000,
"name":"万能碎片",
"propId":1523,
"type":"1"
},
{
"id":7104,
"name":"绿灯战士套装",
"propId":1660,
"type":"2"
},
{
"id":7007,
"name":"金刚狂狼套装",
"propId":1672,
"type":"2"
},
{
"id":7107,
"name":"蜘蛛侠客套装",
"propId":1673,
"type":"2"
}
]
}