{
"RECORDS":[
{
"lv":1,
"exp":100,
"winnerexp":280,
"loserexp":120,
"winnersoul":140,
"losersoul":60
},
{
"lv":2,
"exp":1600,
"winnerexp":420,
"loserexp":180,
"winnersoul":210,
"losersoul":90
},
{
"lv":3,
"exp":5600,
"winnerexp":560,
"loserexp":240,
"winnersoul":280,
"losersoul":120
},
{
"lv":4,
"exp":15600,
"winnerexp":700,
"loserexp":300,
"winnersoul":350,
"losersoul":150
},
{
"lv":5,
"exp":33600,
"winnerexp":840,
"loserexp":360,
"winnersoul":420,
"losersoul":180
},
{
"lv":6,
"exp":68600,
"winnerexp":980,
"loserexp":420,
"winnersoul":490,
"losersoul":210
},
{
"lv":7,
"exp":148600,
"winnerexp":1120,
"loserexp":480,
"winnersoul":560,
"losersoul":240
},
{
"lv":8,
"exp":328600,
"winnerexp":1260,
"loserexp":540,
"winnersoul":630,
"losersoul":270
},
{
"lv":9,
"exp":628600,
"winnerexp":1400,
"loserexp":600,
"winnersoul":700,
"losersoul":300
},
{
"lv":10,
"exp":1228600,
"winnerexp":0,
"loserexp":0,
"winnersoul":770,
"losersoul":330
}
]
}