{
"RECORDS":[
{
"version":100,
"sequence":1,
"info":"1.狂武，逍遥齐上阵，威猛灵动任你选。"
},
{
"version":100,
"sequence":2,
"info":"2.墨竹林，太虚观，初入江湖需谨慎。"
},
{
"version":100,
"sequence":3,
"info":"3.华丽战斗，评价决定平民与高手。"
},
{
"version":100,
"sequence":4,
"info":"4.是潇洒还是给力？多种技能随意搭配。"
},
{
"version":100,
"sequence":5,
"info":"5.强化打造最顶级的装备。"
},
{
"version":100,
"sequence":6,
"info":"6.召唤强力BOSS成为伙伴，附体援护随你挑。"
},
{
"version":100,
"sequence":7,
"info":"7.最极限的挑战，精英BOSS等你来战个痛快！"
},
{
"version":101,
"sequence":1,
"info":"1.双倍副本强势开启！双倍奖励，双倍爆率，双倍的快感！"
},
{
"version":101,
"sequence":2,
"info":"2.在线奖励，玩得越久奖励越多。"
},
{
"version":101,
"sequence":3,
"info":"3.江湖奇遇，多不胜数，悬赏丰厚，报酬多多。"
},
{
"version":101,
"sequence":4,
"info":"4.连击称号评价，菜鸟与达人一目了然。"
},
{
"version":101,
"sequence":5,
"info":"5.设置优化，玩家可自选喜欢的模式。音乐音效皆可调。"
},
{
"version":101,
"sequence":6,
"info":"6.技能调整，大部分技能伤害提升，耗蓝和冷却时间减少，高等级技能耗蓝增加。"
},
{
"version":101,
"sequence":7,
"info":"7.两位主角普通攻击浮空高度略微降低。"
},
{
"version":101,
"sequence":8,
"info":"8.修复精英副本“极”评价时无法获得万能碎片的BUG。"
},
{
"version":102,
"sequence":1,
"info":"1.签到大礼，紫卡成就疯狂送！珍惜道具免费拿！"
},
{
"version":102,
"sequence":2,
"info":"2.南镇商铺，隐秘黑市卖珍宝！有钱能使鬼推磨！"
},
{
"version":102,
"sequence":3,
"info":"3.真实江湖，黑夜降临，大雨倾盆。"
},
{
"version":102,
"sequence":4,
"info":"4.刷新券问世，刷出一个未来。"
},
{
"version":102,
"sequence":5,
"info":"5.万能钥匙，妈妈再也不用担心我背包格子不够用了！"
},
{
"version":102,
"sequence":6,
"info":"6.技能调整，所有技能前期伤害增加，后期成长降低，主角大招耗蓝增加，逍遥闪避削弱。"
},
{
"version":102,
"sequence":7,
"info":"7.太虚观的怪物属性增加，他们看起来比以前凶了。"
},
{
"version":103,
"sequence":1,
"info":"1.墨竹异闻，翠竹至宝现江湖！"
},
{
"version":103,
"sequence":2,
"info":"2.剑魔亡魂，绝世高手因何故！？"
},
{
"version":103,
"sequence":3,
"info":"3.翠竹杖，玄机藏，修为提，境界升。"
},
{
"version":103,
"sequence":4,
"info":"4.游戏画质可自行设置，高中低画质满足大家需求。"
},
{
"version":103,
"sequence":5,
"info":"5.黑市略黑，因此部分道具售价适当降低。"
},
{
"version":103,
"sequence":6,
"info":"6.泥泞的雨天太BUG了，因此，它被削弱了……"
},
{
"version":104,
"sequence":1,
"info":"1.清明逆袭！诡异僵尸满街跑！"
},
{
"version":104,
"sequence":2,
"info":"2.视频连接，无奈败局可观摩。"
},
{
"version":104,
"sequence":3,
"info":"3.原本BOSS死的太干净了，现在他会掉东西了！"
},
{
"version":104,
"sequence":4,
"info":"4.背包内的格子里现在有999的数量上限。"
},
{
"version":104,
"sequence":5,
"info":"5.修复升级技能伤害无加成的BUG。"
},
{
"version":104,
"sequence":6,
"info":"6.修复卡牌出售的BUG。"
},
{
"version":105,
"sequence":1,
"info":"1.太虚奇观，全新异闻任务开启，带你飞升31级！"
},
{
"version":105,
"sequence":2,
"info":"2.神秘地牢，冥火焚身悔过失，终身独守八卦盘。"
},
{
"version":105,
"sequence":3,
"info":"3.算卦卜命，问天聚灵，八卦守护，境界飞升。"
},
{
"version":105,
"sequence":4,
"info":"4.翠竹杖培元境界开放，30级技能升级开启。"
},
{
"version":105,
"sequence":5,
"info":"5.在线奖励金钱战魂奖励数量增加。"
},
{
"version":105,
"sequence":6,
"info":"6.虽然清明已经过去，但是不排除会有一小波僵尸来袭的可能……"
},
{
"version":105,
"sequence":7,
"info":"7.修复无法签到碧池夫人的BUG。"
},
{
"version":106,
"sequence":1,
"info":"1.江湖商城隆重开业！"
},
{
"version":106,
"sequence":2,
"info":"2.好礼降临，积分礼包拼命抢！"
},
{
"version":106,
"sequence":3,
"info":"3.自动战斗，高手带你闯江湖。"
},
{
"version":106,
"sequence":4,
"info":"4.全面优化，引导，手感，调整增强！"
},
{
"version":106,
"sequence":5,
"info":"5.开启材料采集功能，小伙伴再也不用担心材料难刷了。"
},
{
"version":106,
"sequence":6,
"info":"6.商城推出全新道具：高手卡！"
},
{
"version":106,
"sequence":7,
"info":"7.现在狂武的怒气爆发时还会增加其暴击率。"
},
{
"version":106,
"sequence":8,
"info":"8.修复霸体无效的BUG及各种细节优化。"
},
{
"version":107,
"sequence":1,
"info":"1.江湖VIP，武林土豪的胜利！"
},
{
"version":107,
"sequence":2,
"info":"2.武斗！少侠们可以广发请战帖来PK了！快来战个痛快！"
},
{
"version":107,
"sequence":3,
"info":"3.五一献礼，一日一卡大放送。还有劳动礼包可兑换哦！"
},
{
"version":107,
"sequence":4,
"info":"4.双倍卡，人品卡，多快好省。"
},
{
"version":107,
"sequence":5,
"info":"5.增加11到30级的任务经验，玩家现在升级更加轻松。"
},
{
"version":107,
"sequence":6,
"info":"6.每日可以做的奇遇任务增加到10个。"
},
{
"version":107,
"sequence":7,
"info":"7.黑市现在可以用点券买打折道具了！"
},
{
"version":107,
"sequence":8,
"info":"8.修复了培元卷等BUG，优化了游戏界面的一些细节。"
},
{
"version":108,
"sequence":1,
"info":"1.万恶峡谷，惩罚恶贼怒升34级！"
},
{
"version":108,
"sequence":2,
"info":"2.剧情模式，无言的故事已成过去。"
},
{
"version":108,
"sequence":3,
"info":"3.请战优化，场景变换，援护可行。"
},
{
"version":108,
"sequence":4,
"info":"4.布怪变化，万恶谷小怪出现变化。"
},
{
"version":108,
"sequence":5,
"info":"5.小火魔的火焰个数减少。"
},
{
"version":108,
"sequence":6,
"info":"6.八卦牌加入锁定功能。"
},
{
"version":108,
"sequence":7,
"info":"7.修复VIP礼包的BUG。"
},
{
"version":109,
"sequence":1,
"info":"1.雷嗔电怒，雷之一族的愤怒！"
},
{
"version":109,
"sequence":2,
"info":"2.37级开放！万恶谷套装惊艳亮相！"
},
{
"version":109,
"sequence":3,
"info":"3.名字不犀利不要紧，改名卡的出现帮你解决难题！"
},
{
"version":109,
"sequence":4,
"info":"4.请战不在难以匹配，武斗4级之前必然找到对手。"
},
{
"version":109,
"sequence":5,
"info":"5.高手卡加强！自动AI会进入无限霸体状态。"
},
{
"version":109,
"sequence":6,
"info":"6.调整伤害数字显示从而优化战斗卡顿。"
},
{
"version":109,
"sequence":7,
"info":"7.修复黑市的BUG以及一些描述错误。"
},
{
"version":110,
"sequence":1,
"info":"1.欢乐六一，大招技能无限放！"
},
{
"version":110,
"sequence":2,
"info":"2.痴男怨女，40级的恩怨情仇。"
},
{
"version":110,
"sequence":3,
"info":"3.全场双倍，VIP更有四倍效果！"
},
{
"version":110,
"sequence":4,
"info":"4.限量时装，英雄套装震撼来袭。"
},
{
"version":110,
"sequence":5,
"info":"5.端午礼包，极品礼物跨界相送。"
},
{
"version":110,
"sequence":6,
"info":"6.大量增强人品卡效果，使用双倍卡材料受双倍加成。"
},
{
"version":110,
"sequence":7,
"info":"7.调整附体，25级开启第二附体，40级开启第三附体。"
},
{
"version":110,
"sequence":8,
"info":"8.减少打造装备需要的材料数，提高制作书掉落率。"
},
{
"version":111,
"sequence":1,
"info":"1.新的操作，更简单更快速！"
},
{
"version":111,
"sequence":2,
"info":"2.新的开场，动态漫画更精彩！"
},
{
"version":111,
"sequence":3,
"info":"3.新的机制，关卡不受等级限制！前期关卡略微调整"
},
{
"version":111,
"sequence":4,
"info":"4.新的BUFF，老朽的祝福协助新少侠闯荡江湖！"
},
{
"version":111,
"sequence":5,
"info":"5.任务简报更简洁，奇遇任务无上限随机出。"
},
{
"version":111,
"sequence":6,
"info":"6.天气变幻风和雷，大量灵气入牌中。"
},
{
"version":111,
"sequence":7,
"info":"7.在线奖励的道具随玩家等级变化，技能冷却显示调整。"
},
{
"version":111,
"sequence":8,
"info":"8.关卡内加入空中保护机制，主角被连招过多时会落下。"
},
{
"version":112,
"sequence":1,
"info":"1.镖行天下，真英雄也可劫富济贫！"
},
{
"version":112,
"sequence":2,
"info":"2.新的剧情，无相使者震撼登场！"
},
{
"version":112,
"sequence":3,
"info":"3.伙伴联手，兄弟齐心战江湖！"
},
{
"version":112,
"sequence":4,
"info":"4.首冲礼包，超值好礼大放送！"
},
{
"version":112,
"sequence":5,
"info":"5.老朽的考验，期待更多挑战。"
},
{
"version":112,
"sequence":6,
"info":"6.采集的时候获得的材料有概率变成双个甚至3个！"
},
{
"version":112,
"sequence":7,
"info":"7.体力和元气的数值会直接显示；南镇不再卖打造书。"
},
{
"version":112,
"sequence":8,
"info":"8.游戏部分任务调整，奇遇BUG修复。"
},
{
"version":113,
"sequence":1,
"info":"1.恭喜领奖，全新提示更华丽。"
},
{
"version":113,
"sequence":2,
"info":"2.江湖公告，祝福豪杰有好报。"
},
{
"version":113,
"sequence":3,
"info":"3.升级心魔，高级请战有高手。"
},
{
"version":113,
"sequence":4,
"info":"4.修复劫镖和护镖的BUG。"
},
{
"version":114,
"sequence":1,
"info":"1.经脉系统，穴位打通属性升！"
},
{
"version":114,
"sequence":2,
"info":"2.重修调整，此后技能随便配！"
},
{
"version":114,
"sequence":3,
"info":"3.回馈礼包，感谢少侠们长久以来对造梦江湖的厚爱！"
},
{
"version":114,
"sequence":4,
"info":"4.VIP4开放，时装合成变金装！更多特权更多奖励！"
},
{
"version":114,
"sequence":5,
"info":"5.暑假狂欢，超值大礼送不停！"
},
{
"version":114,
"sequence":6,
"info":"6.伙伴可以在大地图开启关闭并可用E键快捷操作。"
},
{
"version":114,
"sequence":7,
"info":"7.取消打造公告，增加打造集齐套装，首冲和VIP公告。"
},
{
"version":114,
"sequence":8,
"info":"8.每日签到会自动提示；增加大地图动态效果。"
},
{
"version":115,
"sequence":1,
"info":"1.万恶机关，全新异闻带你升41！"
},
{
"version":115,
"sequence":2,
"info":"2.贪得无厌，技能精进齐开放！"
},
{
"version":115,
"sequence":3,
"info":"3.4399十周年礼包开放兑换！"
},
{
"version":115,
"sequence":4,
"info":"4.社区五周年尊享礼包开放兑换！"
},
{
"version":115,
"sequence":5,
"info":"5.界面表现优化，江湖更生动！"
},
{
"version":115,
"sequence":6,
"info":"6.每日公告祝福次数超过200次之后，收益大幅度降低。"
},
{
"version":115,
"sequence":7,
"info":"7.增加道具获得特殊动态效果。"
},
{
"version":115,
"sequence":8,
"info":"8.修复BUG并补发VIP奖励。"
},
{
"version":116,
"sequence":1,
"info":"1.新至宝，英雄谱终现万恶谷！"
},
{
"version":116,
"sequence":2,
"info":"2.新模式，双人游戏可用小伙伴！"
},
{
"version":116,
"sequence":3,
"info":"3.新时装，大狂狼对决小蜘蛛！"
},
{
"version":116,
"sequence":4,
"info":"4.新优化，活动更集中，游戏手感改良更轻快！"
},
{
"version":116,
"sequence":5,
"info":"5.任务简报加入伸缩功能，界面更干净。"
},
{
"version":116,
"sequence":6,
"info":"6.现在可以设置接受或者屏蔽游戏公告。"
},
{
"version":116,
"sequence":7,
"info":"7.修复痴男怨女卡住的BUG。"
}
]
}