{
"RECORDS":[
{
"id":2,
"name":"铁竹臂打造书",
"type":"装备",
"message":"武器打造书，由狂武所有，可以打造出铁竹臂。\n打造所需：铁竹×30，翠藤×30，战魂×5000。",
"location":"竹林深处1",
"sale_money":500
},
{
"id":3,
"name":"玄钢臂打造书",
"type":"装备",
"message":"武器打造书，由狂武所有，可以打造出玄钢臂。\n打造所需：玄钢×60，云锭×60，战魂×20000。",
"location":"道观大门1",
"sale_money":1000
},
{
"id":4,
"name":"雷鬼臂打造书",
"type":"装备",
"message":"武器打造书，由狂武所有，可以打造出雷鬼臂。\n打造所需：雷石×90，赤火×90，战魂×48000。",
"location":"无情断崖1",
"sale_money":1500
},
{
"id":5,
"name":"暴风臂打造书",
"type":"装备",
"message":"武器打造书，由狂武所有，可以打造出暴风臂。\n打造所需：碧玉×120，浮土×120，战魂×100000。",
"location":"0",
"sale_money":2000
},
{
"id":6,
"name":"天机臂打造书",
"type":"装备",
"message":"武器打造书，由狂武所有，可以打造出天机臂。\n打造所需：星砾×150，水晶×150，战魂×180000。",
"location":"0",
"sale_money":2500
},
{
"id":7,
"name":"屠戮臂打造书",
"type":"装备",
"message":"武器打造书，由狂武所有，可以打造出屠戮臂。\n打造所需：佛珠×180，凡尘×180，战魂×300000。",
"location":"0",
"sale_money":3000
},
{
"id":8,
"name":"荒天臂打造书",
"type":"装备",
"message":"武器打造书，由狂武所有，可以打造出荒天臂。\n打造所需：时沙×210，古铜×210，战魂×440000。",
"location":"0",
"sale_money":3500
},
{
"id":9,
"name":"战神臂打造书",
"type":"装备",
"message":"武器打造书，由狂武所有，可以打造出战神臂。\n打造所需：沉木×240，虎胆×240，战魂×620000。",
"location":"0",
"sale_money":4000
},
{
"id":10,
"name":"霸王臂打造书",
"type":"装备",
"message":"武器打造书，由狂武所有，可以打造出霸王臂。\n打造所需：乌纱×270，鬼钉×270，战魂×840000。",
"location":"0",
"sale_money":4500
},
{
"id":12,
"name":"铁竹箍打造书",
"type":"装备",
"message":"头部打造书，由狂武所有，可以打造出铁竹箍。\n打造所需：铁竹×30，翠藤×30，战魂×5000。",
"location":"不通老人",
"sale_money":500
},
{
"id":13,
"name":"玄钢箍打造书",
"type":"装备",
"message":"头部打造书，由狂武所有，可以打造出玄钢箍。\n打造所需：玄钢×60，云锭×60，战魂×20000。",
"location":"阴阳真人",
"sale_money":1000
},
{
"id":14,
"name":"雷鬼箍打造书",
"type":"装备",
"message":"头部打造书，由狂武所有，可以打造出雷鬼箍。\n打造所需：雷石×90，赤火×90，战魂×48000。",
"location":"痴男怨女",
"sale_money":1500
},
{
"id":15,
"name":"暴风箍打造书",
"type":"装备",
"message":"头部打造书，由狂武所有，可以打造出暴风箍。\n打造所需：碧玉×120，浮土×120，战魂×100000。",
"location":"0",
"sale_money":2000
},
{
"id":16,
"name":"天机箍打造书",
"type":"装备",
"message":"头部打造书，由狂武所有，可以打造出天机箍。\n打造所需：星砾×150，水晶×150，战魂×180000。",
"location":"0",
"sale_money":2500
},
{
"id":17,
"name":"屠戮箍打造书",
"type":"装备",
"message":"头部打造书，由狂武所有，可以打造出屠戮箍。\n打造所需：佛珠×180，凡尘×180，战魂×300000。",
"location":"0",
"sale_money":3000
},
{
"id":18,
"name":"荒天箍打造书",
"type":"装备",
"message":"头部打造书，由狂武所有，可以打造出荒天箍。\n打造所需：时沙×210，古铜×210，战魂×440000。",
"location":"0",
"sale_money":3500
},
{
"id":19,
"name":"战神箍打造书",
"type":"装备",
"message":"头部打造书，由狂武所有，可以打造出战神箍。\n打造所需：沉木×240，虎胆×240，战魂×620000。",
"location":"0",
"sale_money":4000
},
{
"id":20,
"name":"霸王箍打造书",
"type":"装备",
"message":"头部打造书，由狂武所有，可以打造出霸王箍。\n打造所需：乌纱×270，鬼钉×270，战魂×840000。",
"location":"0",
"sale_money":4500
},
{
"id":22,
"name":"铁竹链打造书",
"type":"装备",
"message":"颈部打造书，由狂武所有，可以打造出铁竹链。\n打造所需：铁竹×30，翠藤×30，战魂×5000。",
"location":"竹林翠湖1",
"sale_money":500
},
{
"id":23,
"name":"玄钢链打造书",
"type":"装备",
"message":"颈部打造书，由狂武所有，可以打造出玄钢链。\n打造所需：玄钢×60，云锭×60，战魂×20000。",
"location":"道观外围1",
"sale_money":1000
},
{
"id":24,
"name":"雷鬼链打造书",
"type":"装备",
"message":"颈部打造书，由狂武所有，可以打造出雷鬼链。\n打造所需：雷石×90，赤火×90，战魂×48000。",
"location":"枯骨怪林1",
"sale_money":1500
},
{
"id":25,
"name":"暴风链打造书",
"type":"装备",
"message":"颈部打造书，由狂武所有，可以打造出暴风链。\n打造所需：碧玉×120，浮土×120，战魂×100000。",
"location":"0",
"sale_money":2000
},
{
"id":26,
"name":"天机链打造书",
"type":"装备",
"message":"颈部打造书，由狂武所有，可以打造出天机链。\n打造所需：星砾×150，水晶×150，战魂×180000。",
"location":"0",
"sale_money":2500
},
{
"id":27,
"name":"屠戮链打造书",
"type":"装备",
"message":"颈部打造书，由狂武所有，可以打造出屠戮链。\n打造所需：佛珠×180，凡尘×180，战魂×300000。",
"location":"0",
"sale_money":3000
},
{
"id":28,
"name":"荒天链打造书",
"type":"装备",
"message":"颈部打造书，由狂武所有，可以打造出荒天链。\n打造所需：时沙×210，古铜×210，战魂×440000。",
"location":"0",
"sale_money":3500
},
{
"id":29,
"name":"战神链打造书",
"type":"装备",
"message":"颈部打造书，由狂武所有，可以打造出战神链。\n打造所需：沉木×240，虎胆×240，战魂×620000。",
"location":"0",
"sale_money":4000
},
{
"id":30,
"name":"霸王链打造书",
"type":"装备",
"message":"颈部打造书，由狂武所有，可以打造出霸王链。\n打造所需：乌纱×270，鬼钉×270，战魂×840000。",
"location":"0",
"sale_money":4500
},
{
"id":32,
"name":"铁竹服打造书",
"type":"装备",
"message":"上身打造书，由狂武所有，可以打造出铁竹服。\n打造所需：铁竹×30，翠藤×30，战魂×5000。",
"location":"竹林翠湖2",
"sale_money":500
},
{
"id":33,
"name":"玄钢服打造书",
"type":"装备",
"message":"上身打造书，由狂武所有，可以打造出玄钢服。\n打造所需：玄钢×60，云锭×60，战魂×20000。",
"location":"道观外围2",
"sale_money":1000
},
{
"id":34,
"name":"雷鬼服打造书",
"type":"装备",
"message":"上身打造书，由狂武所有，可以打造出雷鬼服。\n打造所需：雷石×90，赤火×90，战魂×48000。",
"location":"枯骨怪林2",
"sale_money":1500
},
{
"id":35,
"name":"暴风服打造书",
"type":"装备",
"message":"上身打造书，由狂武所有，可以打造出暴风服。\n打造所需：碧玉×120，浮土×120，战魂×100000。",
"location":"0",
"sale_money":2000
},
{
"id":36,
"name":"天机服打造书",
"type":"装备",
"message":"上身打造书，由狂武所有，可以打造出天机服。\n打造所需：星砾×150，水晶×150，战魂×180000。",
"location":"0",
"sale_money":2500
},
{
"id":37,
"name":"屠戮服打造书",
"type":"装备",
"message":"上身打造书，由狂武所有，可以打造出屠戮服。\n打造所需：佛珠×180，凡尘×180，战魂×300000。",
"location":"0",
"sale_money":3000
},
{
"id":38,
"name":"荒天服打造书",
"type":"装备",
"message":"上身打造书，由狂武所有，可以打造出荒天服。\n打造所需：时沙×210，古铜×210，战魂×440000。",
"location":"0",
"sale_money":3500
},
{
"id":39,
"name":"战神服打造书",
"type":"装备",
"message":"上身打造书，由狂武所有，可以打造出战神服。\n打造所需：沉木×240，虎胆×240，战魂×620000。",
"location":"0",
"sale_money":4000
},
{
"id":40,
"name":"霸王服打造书",
"type":"装备",
"message":"上身打造书，由狂武所有，可以打造出霸王服。\n打造所需：乌纱×270，鬼钉×270，战魂×840000。",
"location":"0",
"sale_money":4500
},
{
"id":42,
"name":"铁竹肩打造书",
"type":"装备",
"message":"肩膀打造书，由狂武所有，可以打造出铁竹肩。\n打造所需：铁竹×30，翠藤×30，战魂×5000。",
"location":"碧池夫人",
"sale_money":500
},
{
"id":43,
"name":"玄钢肩打造书",
"type":"装备",
"message":"肩膀打造书，由狂武所有，可以打造出玄钢肩。\n打造所需：玄钢×60，云锭×60，战魂×20000。",
"location":"风流道人",
"sale_money":1000
},
{
"id":44,
"name":"雷鬼肩打造书",
"type":"装备",
"message":"肩膀打造书，由狂武所有，可以打造出雷鬼肩。\n打造所需：雷石×90，赤火×90，战魂×48000。",
"location":"雷嗔电怒",
"sale_money":1500
},
{
"id":45,
"name":"暴风肩打造书",
"type":"装备",
"message":"肩膀打造书，由狂武所有，可以打造出暴风肩。\n打造所需：碧玉×120，浮土×120，战魂×100000。",
"location":"0",
"sale_money":2000
},
{
"id":46,
"name":"天机肩打造书",
"type":"装备",
"message":"肩膀打造书，由狂武所有，可以打造出天机肩。\n打造所需：星砾×150，水晶×150，战魂×180000。",
"location":"0",
"sale_money":2500
},
{
"id":47,
"name":"屠戮肩打造书",
"type":"装备",
"message":"肩膀打造书，由狂武所有，可以打造出屠戮肩。\n打造所需：佛珠×180，凡尘×180，战魂×300000。",
"location":"0",
"sale_money":3000
},
{
"id":48,
"name":"荒天肩打造书",
"type":"装备",
"message":"肩膀打造书，由狂武所有，可以打造出荒天肩。\n打造所需：时沙×210，古铜×210，战魂×440000。",
"location":"0",
"sale_money":3500
},
{
"id":49,
"name":"战神肩打造书",
"type":"装备",
"message":"肩膀打造书，由狂武所有，可以打造出战神肩。\n打造所需：沉木×240，虎胆×240，战魂×620000。",
"location":"0",
"sale_money":4000
},
{
"id":50,
"name":"霸王肩打造书",
"type":"装备",
"message":"肩膀打造书，由狂武所有，可以打造出霸王肩。\n打造所需：乌纱×270，鬼钉×270，战魂×840000。",
"location":"0",
"sale_money":4500
},
{
"id":52,
"name":"铁竹鞋打造书",
"type":"装备",
"message":"鞋子打造书，由狂武所有，可以打造出铁竹鞋。\n打造所需：铁竹×30，翠藤×30，战魂×5000。",
"location":"竹林深处2",
"sale_money":500
},
{
"id":53,
"name":"玄钢鞋打造书",
"type":"装备",
"message":"鞋子打造书，由狂武所有，可以打造出玄钢鞋。\n打造所需：玄钢×60，云锭×60，战魂×20000。",
"location":"道观大门2",
"sale_money":1000
},
{
"id":54,
"name":"雷鬼鞋打造书",
"type":"装备",
"message":"鞋子打造书，由狂武所有，可以打造出雷鬼鞋。\n打造所需：雷石×90，赤火×90，战魂×48000。",
"location":"无情断崖2",
"sale_money":1500
},
{
"id":55,
"name":"暴风鞋打造书",
"type":"装备",
"message":"鞋子打造书，由狂武所有，可以打造出暴风鞋。\n打造所需：碧玉×120，浮土×120，战魂×100000。",
"location":"0",
"sale_money":2000
},
{
"id":56,
"name":"天机鞋打造书",
"type":"装备",
"message":"鞋子打造书，由狂武所有，可以打造出天机鞋。\n打造所需：星砾×150，水晶×150，战魂×180000。",
"location":"0",
"sale_money":2500
},
{
"id":57,
"name":"屠戮鞋打造书",
"type":"装备",
"message":"鞋子打造书，由狂武所有，可以打造出屠戮鞋。\n打造所需：佛珠×180，凡尘×180，战魂×300000。",
"location":"0",
"sale_money":3000
},
{
"id":58,
"name":"荒天鞋打造书",
"type":"装备",
"message":"鞋子打造书，由狂武所有，可以打造出荒天鞋。\n打造所需：时沙×210，古铜×210，战魂×440000。",
"location":"0",
"sale_money":3500
},
{
"id":59,
"name":"战神鞋打造书",
"type":"装备",
"message":"鞋子打造书，由狂武所有，可以打造出战神鞋。\n打造所需：沉木×240，虎胆×240，战魂×620000。",
"location":"0",
"sale_money":4000
},
{
"id":60,
"name":"霸王鞋打造书",
"type":"装备",
"message":"鞋子打造书，由狂武所有，可以打造出霸王鞋。\n打造所需：乌纱×270，鬼钉×270，战魂×840000。",
"location":"0",
"sale_money":4500
},
{
"id":102,
"name":"君子扇打造书",
"type":"装备",
"message":"武器打造书，由逍遥所有，可以打造出君子扇。\n打造所需：铁竹×30，翠藤×30，战魂×5000。",
"location":"竹林深处1",
"sale_money":500
},
{
"id":103,
"name":"凌云扇打造书",
"type":"装备",
"message":"武器打造书，由逍遥所有，可以打造出凌云扇。\n打造所需：玄钢×60，云锭×60，战魂×20000。",
"location":"道观大门1",
"sale_money":1000
},
{
"id":104,
"name":"摄魄扇打造书",
"type":"装备",
"message":"武器打造书，由逍遥所有，可以打造出摄魄扇。\n打造所需：雷石×90，赤火×90，战魂×48000。",
"location":"无情断崖1",
"sale_money":1500
},
{
"id":105,
"name":"碧水扇打造书",
"type":"装备",
"message":"武器打造书，由逍遥所有，可以打造出碧水扇。\n打造所需：碧玉×120，浮土×120，战魂×100000。",
"location":"0",
"sale_money":2000
},
{
"id":106,
"name":"星夜扇打造书",
"type":"装备",
"message":"武器打造书，由逍遥所有，可以打造出星夜扇。\n打造所需：星砾×150，水晶×150，战魂×180000。",
"location":"0",
"sale_money":2500
},
{
"id":107,
"name":"弥陀扇打造书",
"type":"装备",
"message":"武器打造书，由逍遥所有，可以打造出弥陀扇。\n打造所需：佛珠×180，凡尘×180，战魂×300000。",
"location":"0",
"sale_money":3000
},
{
"id":108,
"name":"无痕扇打造书",
"type":"装备",
"message":"武器打造书，由逍遥所有，可以打造出无痕扇。\n打造所需：时沙×210，古铜×210，战魂×440000。",
"location":"0",
"sale_money":3500
},
{
"id":109,
"name":"御王扇打造书",
"type":"装备",
"message":"武器打造书，由逍遥所有，可以打造出御王扇。\n打造所需：沉木×240，虎胆×240，战魂×620000。",
"location":"0",
"sale_money":4000
},
{
"id":110,
"name":"璇玑扇打造书",
"type":"装备",
"message":"武器打造书，由逍遥所有，可以打造出璇玑扇。\n打造所需：乌纱×270，鬼钉×270，战魂×840000。",
"location":"0",
"sale_money":4500
},
{
"id":112,
"name":"君子冠打造书",
"type":"装备",
"message":"头部打造书，由逍遥所有，可以打造出君子冠。\n打造所需：铁竹×30，翠藤×30，战魂×5000。",
"location":"不通老人",
"sale_money":500
},
{
"id":113,
"name":"凌云冠打造书",
"type":"装备",
"message":"头部打造书，由逍遥所有，可以打造出凌云冠。\n打造所需：玄钢×60，云锭×60，战魂×20000。",
"location":"阴阳真人",
"sale_money":1000
},
{
"id":114,
"name":"摄魄冠打造书",
"type":"装备",
"message":"头部打造书，由逍遥所有，可以打造出摄魄冠。\n打造所需：雷石×90，赤火×90，战魂×48000。",
"location":"痴男怨女",
"sale_money":1500
},
{
"id":115,
"name":"碧水冠打造书",
"type":"装备",
"message":"头部打造书，由逍遥所有，可以打造出碧水冠。\n打造所需：碧玉×120，浮土×120，战魂×100000。",
"location":"0",
"sale_money":2000
},
{
"id":116,
"name":"星夜冠打造书",
"type":"装备",
"message":"头部打造书，由逍遥所有，可以打造出星夜冠。\n打造所需：星砾×150，水晶×150，战魂×180000。",
"location":"0",
"sale_money":2500
},
{
"id":117,
"name":"弥陀冠打造书",
"type":"装备",
"message":"头部打造书，由逍遥所有，可以打造出弥陀冠。\n打造所需：佛珠×180，凡尘×180，战魂×300000。",
"location":"0",
"sale_money":3000
},
{
"id":118,
"name":"无痕冠打造书",
"type":"装备",
"message":"头部打造书，由逍遥所有，可以打造出无痕冠。\n打造所需：时沙×210，古铜×210，战魂×440000。",
"location":"0",
"sale_money":3500
},
{
"id":119,
"name":"御王冠打造书",
"type":"装备",
"message":"头部打造书，由逍遥所有，可以打造出御王冠。\n打造所需：沉木×240，虎胆×240，战魂×620000。",
"location":"0",
"sale_money":4000
},
{
"id":120,
"name":"璇玑冠打造书",
"type":"装备",
"message":"头部打造书，由逍遥所有，可以打造出璇玑冠。\n打造所需：乌纱×270，鬼钉×270，战魂×840000。",
"location":"0",
"sale_money":4500
},
{
"id":122,
"name":"君子珠打造书",
"type":"装备",
"message":"颈部打造书，由逍遥所有，可以打造出君子珠。\n打造所需：铁竹×30，翠藤×30，战魂×5000。",
"location":"竹林翠湖1",
"sale_money":500
},
{
"id":123,
"name":"凌云珠打造书",
"type":"装备",
"message":"颈部打造书，由逍遥所有，可以打造出凌云珠。\n打造所需：玄钢×60，云锭×60，战魂×20000。",
"location":"道观外围1",
"sale_money":1000
},
{
"id":124,
"name":"摄魄珠打造书",
"type":"装备",
"message":"颈部打造书，由逍遥所有，可以打造出摄魄珠。\n打造所需：雷石×90，赤火×90，战魂×48000。",
"location":"枯骨怪林1",
"sale_money":1500
},
{
"id":125,
"name":"碧水珠打造书",
"type":"装备",
"message":"颈部打造书，由逍遥所有，可以打造出碧水珠。\n打造所需：碧玉×120，浮土×120，战魂×100000。",
"location":"0",
"sale_money":2000
},
{
"id":126,
"name":"星夜珠打造书",
"type":"装备",
"message":"颈部打造书，由逍遥所有，可以打造出星夜珠。\n打造所需：星砾×150，水晶×150，战魂×180000。",
"location":"0",
"sale_money":2500
},
{
"id":127,
"name":"弥陀珠打造书",
"type":"装备",
"message":"颈部打造书，由逍遥所有，可以打造出弥陀珠。\n打造所需：佛珠×180，凡尘×180，战魂×300000。",
"location":"0",
"sale_money":3000
},
{
"id":128,
"name":"无痕珠打造书",
"type":"装备",
"message":"颈部打造书，由逍遥所有，可以打造出无痕珠。\n打造所需：时沙×210，古铜×210，战魂×440000。",
"location":"0",
"sale_money":3500
},
{
"id":129,
"name":"御王珠打造书",
"type":"装备",
"message":"颈部打造书，由逍遥所有，可以打造出御王珠。\n打造所需：沉木×240，虎胆×240，战魂×620000。",
"location":"0",
"sale_money":4000
},
{
"id":130,
"name":"璇玑珠打造书",
"type":"装备",
"message":"颈部打造书，由逍遥所有，可以打造出璇玑珠。\n打造所需：乌纱×270，鬼钉×270，战魂×840000。",
"location":"0",
"sale_money":4500
},
{
"id":132,
"name":"君子衣打造书",
"type":"装备",
"message":"上身打造书，由逍遥所有，可以打造出君子衣。\n打造所需：铁竹×30，翠藤×30，战魂×5000。",
"location":"竹林翠湖2",
"sale_money":500
},
{
"id":133,
"name":"凌云衣打造书",
"type":"装备",
"message":"上身打造书，由逍遥所有，可以打造出凌云衣。\n打造所需：玄钢×60，云锭×60，战魂×20000。",
"location":"道观外围2",
"sale_money":1000
},
{
"id":134,
"name":"摄魄衣打造书",
"type":"装备",
"message":"上身打造书，由逍遥所有，可以打造出摄魄衣。\n打造所需：雷石×90，赤火×90，战魂×48000。",
"location":"枯骨怪林2",
"sale_money":1500
},
{
"id":135,
"name":"碧水衣打造书",
"type":"装备",
"message":"上身打造书，由逍遥所有，可以打造出碧水衣。\n打造所需：碧玉×120，浮土×120，战魂×100000。",
"location":"0",
"sale_money":2000
},
{
"id":136,
"name":"星夜衣打造书",
"type":"装备",
"message":"上身打造书，由逍遥所有，可以打造出星夜衣。\n打造所需：星砾×150，水晶×150，战魂×180000。",
"location":"0",
"sale_money":2500
},
{
"id":137,
"name":"弥陀衣打造书",
"type":"装备",
"message":"上身打造书，由逍遥所有，可以打造出弥陀衣。\n打造所需：佛珠×180，凡尘×180，战魂×300000。",
"location":"0",
"sale_money":3000
},
{
"id":138,
"name":"无痕衣打造书",
"type":"装备",
"message":"上身打造书，由逍遥所有，可以打造出无痕衣。\n打造所需：时沙×210，古铜×210，战魂×440000。",
"location":"0",
"sale_money":3500
},
{
"id":139,
"name":"御王衣打造书",
"type":"装备",
"message":"上身打造书，由逍遥所有，可以打造出御王衣。\n打造所需：沉木×240，虎胆×240，战魂×620000。",
"location":"0",
"sale_money":4000
},
{
"id":140,
"name":"璇玑衣打造书",
"type":"装备",
"message":"上身打造书，由逍遥所有，可以打造出璇玑衣。\n打造所需：乌纱×270，鬼钉×270，战魂×840000。",
"location":"0",
"sale_money":4500
},
{
"id":142,
"name":"君子肩打造书",
"type":"装备",
"message":"肩膀打造书，由逍遥所有，可以打造出君子肩。\n打造所需：铁竹×30，翠藤×30，战魂×5000。",
"location":"碧池夫人",
"sale_money":500
},
{
"id":143,
"name":"凌云肩打造书",
"type":"装备",
"message":"肩膀打造书，由逍遥所有，可以打造出凌云肩。\n打造所需：玄钢×60，云锭×60，战魂×20000。",
"location":"风流道人",
"sale_money":1000
},
{
"id":144,
"name":"摄魄肩打造书",
"type":"装备",
"message":"肩膀打造书，由逍遥所有，可以打造出摄魄肩。\n打造所需：雷石×90，赤火×90，战魂×48000。",
"location":"雷嗔电怒",
"sale_money":1500
},
{
"id":145,
"name":"碧水肩打造书",
"type":"装备",
"message":"肩膀打造书，由逍遥所有，可以打造出碧水肩。\n打造所需：碧玉×120，浮土×120，战魂×100000。",
"location":"0",
"sale_money":2000
},
{
"id":146,
"name":"星夜肩打造书",
"type":"装备",
"message":"肩膀打造书，由逍遥所有，可以打造出星夜肩。\n打造所需：星砾×150，水晶×150，战魂×180000。",
"location":"0",
"sale_money":2500
},
{
"id":147,
"name":"弥陀肩打造书",
"type":"装备",
"message":"肩膀打造书，由逍遥所有，可以打造出弥陀肩。\n打造所需：佛珠×180，凡尘×180，战魂×300000。",
"location":"0",
"sale_money":3000
},
{
"id":148,
"name":"无痕肩打造书",
"type":"装备",
"message":"肩膀打造书，由逍遥所有，可以打造出无痕肩。\n打造所需：时沙×210，古铜×210，战魂×440000。",
"location":"0",
"sale_money":3500
},
{
"id":149,
"name":"御王肩打造书",
"type":"装备",
"message":"肩膀打造书，由逍遥所有，可以打造出御王肩。\n打造所需：沉木×240，虎胆×240，战魂×620000。",
"location":"0",
"sale_money":4000
},
{
"id":150,
"name":"璇玑肩打造书",
"type":"装备",
"message":"肩膀打造书，由逍遥所有，可以打造出璇玑肩。\n打造所需：乌纱×270，鬼钉×270，战魂×840000。",
"location":"0",
"sale_money":4500
},
{
"id":152,
"name":"君子靴打造书",
"type":"装备",
"message":"鞋子打造书，由逍遥所有，可以打造出君子靴。\n打造所需：铁竹×30，翠藤×30，战魂×5000。",
"location":"竹林深处2",
"sale_money":500
},
{
"id":153,
"name":"凌云靴打造书",
"type":"装备",
"message":"鞋子打造书，由逍遥所有，可以打造出凌云靴。\n打造所需：玄钢×60，云锭×60，战魂×20000。",
"location":"道观大门2",
"sale_money":1000
},
{
"id":154,
"name":"摄魄靴打造书",
"type":"装备",
"message":"鞋子打造书，由逍遥所有，可以打造出摄魄靴。\n打造所需：雷石×90，赤火×90，战魂×48000。",
"location":"无情断崖2",
"sale_money":1500
},
{
"id":155,
"name":"碧水靴打造书",
"type":"装备",
"message":"鞋子打造书，由逍遥所有，可以打造出碧水靴。\n打造所需：碧玉×120，浮土×120，战魂×100000。",
"location":"0",
"sale_money":2000
},
{
"id":156,
"name":"星夜靴打造书",
"type":"装备",
"message":"鞋子打造书，由逍遥所有，可以打造出星夜靴。\n打造所需：星砾×150，水晶×150，战魂×180000。",
"location":"0",
"sale_money":2500
},
{
"id":157,
"name":"弥陀靴打造书",
"type":"装备",
"message":"鞋子打造书，由逍遥所有，可以打造出弥陀靴。\n打造所需：佛珠×180，凡尘×180，战魂×300000。",
"location":"0",
"sale_money":3000
},
{
"id":158,
"name":"无痕靴打造书",
"type":"装备",
"message":"鞋子打造书，由逍遥所有，可以打造出无痕靴。\n打造所需：时沙×210，古铜×210，战魂×440000。",
"location":"0",
"sale_money":3500
},
{
"id":159,
"name":"御王靴打造书",
"type":"装备",
"message":"鞋子打造书，由逍遥所有，可以打造出御王靴。\n打造所需：沉木×240，虎胆×240，战魂×620000。",
"location":"0",
"sale_money":4000
},
{
"id":160,
"name":"璇玑靴打造书",
"type":"装备",
"message":"鞋子打造书，由逍遥所有，可以打造出璇玑靴。\n打造所需：乌纱×270，鬼钉×270，战魂×840000。",
"location":"0",
"sale_money":4500
},
{
"id":501,
"name":"烈风残卷（固本）",
"type":"技能残卷",
"message":"凑齐足够的技能残卷可提升技能【烈风劫杀】到固本境界",
"location":"0",
"sale_money":0
},
{
"id":521,
"name":"烈风残卷（精进）",
"type":"技能残卷",
"message":"凑齐足够的技能残卷可提升技能【烈风劫杀】到精进境界",
"location":"0",
"sale_money":0
},
{
"id":502,
"name":"魔龙残卷（固本）",
"type":"技能残卷",
"message":"凑齐足够的技能残卷可提升技能【魔龙戏珠】到固本境界",
"location":"0",
"sale_money":0
},
{
"id":503,
"name":"天元残卷（固本）",
"type":"技能残卷",
"message":"凑齐足够的技能残卷可提升技能【天元突破】到固本境界",
"location":"0",
"sale_money":0
},
{
"id":504,
"name":"幻灭残卷（固本）",
"type":"技能残卷",
"message":"凑齐足够的技能残卷可提升技能【幻灭百烈】到固本境界",
"location":"0",
"sale_money":0
},
{
"id":505,
"name":"群魔残卷（固本）",
"type":"技能残卷",
"message":"凑齐足够的技能残卷可提升技能【群魔乱舞】到固本境界",
"location":"0",
"sale_money":0
},
{
"id":506,
"name":"敲山残卷（固本）",
"type":"技能残卷",
"message":"凑齐足够的技能残卷可提升技能【敲山震虎】到固本境界",
"location":"0",
"sale_money":0
},
{
"id":507,
"name":"狼拳残卷（固本）",
"type":"技能残卷",
"message":"凑齐足够的技能残卷可提升技能【狼拳风牙】到固本境界",
"location":"0",
"sale_money":0
},
{
"id":508,
"name":"猛虎残卷（固本）",
"type":"技能残卷",
"message":"凑齐足够的技能残卷可提升技能【猛虎下山】到固本境界",
"location":"0",
"sale_money":0
},
{
"id":509,
"name":"嗜血残卷（固本）",
"type":"技能残卷",
"message":"凑齐足够的技能残卷可提升技能【嗜血狂暴】到固本境界",
"location":"0",
"sale_money":0
},
{
"id":510,
"name":"天狼残卷（固本）",
"type":"技能残卷",
"message":"凑齐足够的技能残卷可提升技能【天狼爆破】到固本境界",
"location":"0",
"sale_money":0
},
{
"id":511,
"name":"烈风残卷（培元）",
"type":"技能残卷",
"message":"凑齐足够的技能残卷可提升技能【烈风劫杀】到培元境界",
"location":"0",
"sale_money":0
},
{
"id":512,
"name":"魔龙残卷（培元）",
"type":"技能残卷",
"message":"凑齐足够的技能残卷可提升技能【魔龙戏珠】到培元境界",
"location":"0",
"sale_money":0
},
{
"id":513,
"name":"天元残卷（培元）",
"type":"技能残卷",
"message":"凑齐足够的技能残卷可提升技能【天元突破】到培元境界",
"location":"0",
"sale_money":0
},
{
"id":514,
"name":"幻灭残卷（培元）",
"type":"技能残卷",
"message":"凑齐足够的技能残卷可提升技能【幻灭百烈】到培元境界",
"location":"0",
"sale_money":0
},
{
"id":515,
"name":"群魔残卷（培元）",
"type":"技能残卷",
"message":"凑齐足够的技能残卷可提升技能【群魔乱舞】到培元境界",
"location":"0",
"sale_money":0
},
{
"id":516,
"name":"敲山残卷（培元）",
"type":"技能残卷",
"message":"凑齐足够的技能残卷可提升技能【敲山震虎】到培元境界",
"location":"0",
"sale_money":0
},
{
"id":517,
"name":"狼拳残卷（培元）",
"type":"技能残卷",
"message":"凑齐足够的技能残卷可提升技能【狼拳风牙】到培元境界",
"location":"0",
"sale_money":0
},
{
"id":518,
"name":"猛虎残卷（培元）",
"type":"技能残卷",
"message":"凑齐足够的技能残卷可提升技能【猛虎下山】到培元境界",
"location":"0",
"sale_money":0
},
{
"id":519,
"name":"嗜血残卷（培元）",
"type":"技能残卷",
"message":"凑齐足够的技能残卷可提升技能【嗜血狂暴】到培元境界",
"location":"0",
"sale_money":0
},
{
"id":520,
"name":"天狼残卷（培元）",
"type":"技能残卷",
"message":"凑齐足够的技能残卷可提升技能【天狼爆破】到培元境界",
"location":"0",
"sale_money":0
},
{
"id":522,
"name":"魔龙残卷（精进）",
"type":"技能残卷",
"message":"凑齐足够的技能残卷可提升技能【魔龙戏珠】到精进境界",
"location":"0",
"sale_money":0
},
{
"id":523,
"name":"天元残卷（精进）",
"type":"技能残卷",
"message":"凑齐足够的技能残卷可提升技能【天元突破】到精进境界",
"location":"0",
"sale_money":0
},
{
"id":524,
"name":"幻灭残卷（精进）",
"type":"技能残卷",
"message":"凑齐足够的技能残卷可提升技能【幻灭百烈】到精进境界",
"location":"0",
"sale_money":0
},
{
"id":525,
"name":"群魔残卷（精进）",
"type":"技能残卷",
"message":"凑齐足够的技能残卷可提升技能【群魔乱舞】到精进境界",
"location":"0",
"sale_money":0
},
{
"id":526,
"name":"敲山残卷（精进）",
"type":"技能残卷",
"message":"凑齐足够的技能残卷可提升技能【敲山震虎】到精进境界",
"location":"0",
"sale_money":0
},
{
"id":527,
"name":"狼拳残卷（精进）",
"type":"技能残卷",
"message":"凑齐足够的技能残卷可提升技能【狼拳风牙】到精进境界",
"location":"0",
"sale_money":0
},
{
"id":528,
"name":"猛虎残卷（精进）",
"type":"技能残卷",
"message":"凑齐足够的技能残卷可提升技能【猛虎下山】到精进境界",
"location":"0",
"sale_money":0
},
{
"id":529,
"name":"嗜血残卷（精进）",
"type":"技能残卷",
"message":"凑齐足够的技能残卷可提升技能【嗜血狂暴】到精进境界",
"location":"0",
"sale_money":0
},
{
"id":530,
"name":"天狼残卷（精进）",
"type":"技能残卷",
"message":"凑齐足够的技能残卷可提升技能【天狼爆破】到精进境界",
"location":"0",
"sale_money":0
},
{
"id":531,
"name":"烈风残卷（突破）",
"type":"技能残卷",
"message":"凑齐足够的技能残卷可提升技能【烈风劫杀】到突破境界",
"location":"0",
"sale_money":0
},
{
"id":532,
"name":"魔龙残卷（突破）",
"type":"技能残卷",
"message":"凑齐足够的技能残卷可提升技能【魔龙戏珠】到突破境界",
"location":"0",
"sale_money":0
},
{
"id":533,
"name":"天元残卷（突破）",
"type":"技能残卷",
"message":"凑齐足够的技能残卷可提升技能【天元突破】到突破境界",
"location":"0",
"sale_money":0
},
{
"id":534,
"name":"幻灭残卷（突破）",
"type":"技能残卷",
"message":"凑齐足够的技能残卷可提升技能【幻灭百烈】到突破境界",
"location":"0",
"sale_money":0
},
{
"id":535,
"name":"群魔残卷（突破）",
"type":"技能残卷",
"message":"凑齐足够的技能残卷可提升技能【群魔乱舞】到突破境界",
"location":"0",
"sale_money":0
},
{
"id":536,
"name":"敲山残卷（突破）",
"type":"技能残卷",
"message":"凑齐足够的技能残卷可提升技能【敲山震虎】到突破境界",
"location":"0",
"sale_money":0
},
{
"id":537,
"name":"狼拳残卷（突破）",
"type":"技能残卷",
"message":"凑齐足够的技能残卷可提升技能【狼拳风牙】到突破境界",
"location":"0",
"sale_money":0
},
{
"id":538,
"name":"猛虎残卷（突破）",
"type":"技能残卷",
"message":"凑齐足够的技能残卷可提升技能【猛虎下山】到突破境界",
"location":"0",
"sale_money":0
},
{
"id":539,
"name":"嗜血残卷（突破）",
"type":"技能残卷",
"message":"凑齐足够的技能残卷可提升技能【嗜血狂暴】到突破境界",
"location":"0",
"sale_money":0
},
{
"id":540,
"name":"天狼残卷（突破）",
"type":"技能残卷",
"message":"凑齐足够的技能残卷可提升技能【天狼爆破】到突破境界",
"location":"0",
"sale_money":0
},
{
"id":541,
"name":"烈风残卷（大成）",
"type":"技能残卷",
"message":"凑齐足够的技能残卷可提升技能【烈风劫杀】到大成境界",
"location":"0",
"sale_money":0
},
{
"id":542,
"name":"魔龙残卷（大成）",
"type":"技能残卷",
"message":"凑齐足够的技能残卷可提升技能【魔龙戏珠】到大成境界",
"location":"0",
"sale_money":0
},
{
"id":543,
"name":"天元残卷（大成）",
"type":"技能残卷",
"message":"凑齐足够的技能残卷可提升技能【天元突破】到大成境界",
"location":"0",
"sale_money":0
},
{
"id":544,
"name":"幻灭残卷（大成）",
"type":"技能残卷",
"message":"凑齐足够的技能残卷可提升技能【幻灭百烈】到大成境界",
"location":"0",
"sale_money":0
},
{
"id":545,
"name":"群魔残卷（大成）",
"type":"技能残卷",
"message":"凑齐足够的技能残卷可提升技能【群魔乱舞】到大成境界",
"location":"0",
"sale_money":0
},
{
"id":546,
"name":"敲山残卷（大成）",
"type":"技能残卷",
"message":"凑齐足够的技能残卷可提升技能【敲山震虎】到大成境界",
"location":"0",
"sale_money":0
},
{
"id":547,
"name":"狼拳残卷（大成）",
"type":"技能残卷",
"message":"凑齐足够的技能残卷可提升技能【狼拳风牙】到大成境界",
"location":"0",
"sale_money":0
},
{
"id":548,
"name":"猛虎残卷（大成）",
"type":"技能残卷",
"message":"凑齐足够的技能残卷可提升技能【猛虎下山】到大成境界",
"location":"0",
"sale_money":0
},
{
"id":549,
"name":"嗜血残卷（大成）",
"type":"技能残卷",
"message":"凑齐足够的技能残卷可提升技能【嗜血狂暴】到大成境界",
"location":"0",
"sale_money":0
},
{
"id":550,
"name":"天狼残卷（大成）",
"type":"技能残卷",
"message":"凑齐足够的技能残卷可提升技能【天狼爆破】到大成境界",
"location":"0",
"sale_money":0
},
{
"id":601,
"name":"龙渊残卷（固本）",
"type":"技能残卷",
"message":"凑齐足够的技能残卷可提升技能【龙渊护身】到固本境界",
"location":"0",
"sale_money":0
},
{
"id":602,
"name":"泰阿残卷（固本）",
"type":"技能残卷",
"message":"凑齐足够的技能残卷可提升技能【泰阿飞溅】到固本境界",
"location":"0",
"sale_money":0
},
{
"id":603,
"name":"赤霄残卷（固本）",
"type":"技能残卷",
"message":"凑齐足够的技能残卷可提升技能【赤霄贯通】到固本境界",
"location":"0",
"sale_money":0
},
{
"id":604,
"name":"湛卢残卷（固本）",
"type":"技能残卷",
"message":"凑齐足够的技能残卷可提升技能【湛卢破天】到固本境界",
"location":"0",
"sale_money":0
},
{
"id":605,
"name":"轩辕残卷（固本）",
"type":"技能残卷",
"message":"凑齐足够的技能残卷可提升技能【轩辕创世】到固本境界",
"location":"0",
"sale_money":0
},
{
"id":606,
"name":"迷踪残卷（固本）",
"type":"技能残卷",
"message":"凑齐足够的技能残卷可提升技能【迷踪影步】到固本境界",
"location":"0",
"sale_money":0
},
{
"id":607,
"name":"玄冥残卷（固本）",
"type":"技能残卷",
"message":"凑齐足够的技能残卷可提升技能【玄冥罗印】到固本境界",
"location":"0",
"sale_money":0
},
{
"id":608,
"name":"乾坤残卷（固本）",
"type":"技能残卷",
"message":"凑齐足够的技能残卷可提升技能【乾坤一指】到固本境界",
"location":"0",
"sale_money":0
},
{
"id":609,
"name":"皓月残卷（固本）",
"type":"技能残卷",
"message":"凑齐足够的技能残卷可提升技能【皓月连环】到固本境界",
"location":"0",
"sale_money":0
},
{
"id":610,
"name":"逍遥残卷（固本）",
"type":"技能残卷",
"message":"凑齐足够的技能残卷可提升技能【逍遥我行】到固本境界",
"location":"0",
"sale_money":0
},
{
"id":611,
"name":"龙渊残卷（培元）",
"type":"技能残卷",
"message":"凑齐足够的技能残卷可提升技能【龙渊护身】到培元境界",
"location":"0",
"sale_money":0
},
{
"id":612,
"name":"泰阿残卷（培元）",
"type":"技能残卷",
"message":"凑齐足够的技能残卷可提升技能【泰阿飞溅】到培元境界",
"location":"0",
"sale_money":0
},
{
"id":613,
"name":"赤霄残卷（培元）",
"type":"技能残卷",
"message":"凑齐足够的技能残卷可提升技能【赤霄贯通】到培元境界",
"location":"0",
"sale_money":0
},
{
"id":614,
"name":"湛卢残卷（培元）",
"type":"技能残卷",
"message":"凑齐足够的技能残卷可提升技能【湛卢破天】到培元境界",
"location":"0",
"sale_money":0
},
{
"id":615,
"name":"轩辕残卷（培元）",
"type":"技能残卷",
"message":"凑齐足够的技能残卷可提升技能【轩辕创世】到培元境界",
"location":"0",
"sale_money":0
},
{
"id":616,
"name":"迷踪残卷（培元）",
"type":"技能残卷",
"message":"凑齐足够的技能残卷可提升技能【迷踪影步】到培元境界",
"location":"0",
"sale_money":0
},
{
"id":617,
"name":"玄冥残卷（培元）",
"type":"技能残卷",
"message":"凑齐足够的技能残卷可提升技能【玄冥罗印】到培元境界",
"location":"0",
"sale_money":0
},
{
"id":618,
"name":"乾坤残卷（培元）",
"type":"技能残卷",
"message":"凑齐足够的技能残卷可提升技能【乾坤一指】到培元境界",
"location":"0",
"sale_money":0
},
{
"id":619,
"name":"皓月残卷（培元）",
"type":"技能残卷",
"message":"凑齐足够的技能残卷可提升技能【皓月连环】到培元境界",
"location":"0",
"sale_money":0
},
{
"id":620,
"name":"逍遥残卷（培元）",
"type":"技能残卷",
"message":"凑齐足够的技能残卷可提升技能【逍遥我行】到培元境界",
"location":"0",
"sale_money":0
},
{
"id":621,
"name":"龙渊残卷（精进）",
"type":"技能残卷",
"message":"凑齐足够的技能残卷可提升技能【龙渊护身】到精进境界",
"location":"0",
"sale_money":0
},
{
"id":622,
"name":"泰阿残卷（精进）",
"type":"技能残卷",
"message":"凑齐足够的技能残卷可提升技能【泰阿飞溅】到精进境界",
"location":"0",
"sale_money":0
},
{
"id":623,
"name":"赤霄残卷（精进）",
"type":"技能残卷",
"message":"凑齐足够的技能残卷可提升技能【赤霄贯通】到精进境界",
"location":"0",
"sale_money":0
},
{
"id":624,
"name":"湛卢残卷（精进）",
"type":"技能残卷",
"message":"凑齐足够的技能残卷可提升技能【湛卢破天】到精进境界",
"location":"0",
"sale_money":0
},
{
"id":625,
"name":"轩辕残卷（精进）",
"type":"技能残卷",
"message":"凑齐足够的技能残卷可提升技能【轩辕创世】到精进境界",
"location":"0",
"sale_money":0
},
{
"id":626,
"name":"迷踪残卷（精进）",
"type":"技能残卷",
"message":"凑齐足够的技能残卷可提升技能【迷踪影步】到精进境界",
"location":"0",
"sale_money":0
},
{
"id":627,
"name":"玄冥残卷（精进）",
"type":"技能残卷",
"message":"凑齐足够的技能残卷可提升技能【玄冥罗印】到精进境界",
"location":"0",
"sale_money":0
},
{
"id":628,
"name":"乾坤残卷（精进）",
"type":"技能残卷",
"message":"凑齐足够的技能残卷可提升技能【乾坤一指】到精进境界",
"location":"0",
"sale_money":0
},
{
"id":629,
"name":"皓月残卷（精进）",
"type":"技能残卷",
"message":"凑齐足够的技能残卷可提升技能【皓月连环】到精进境界",
"location":"0",
"sale_money":0
},
{
"id":630,
"name":"逍遥残卷（精进）",
"type":"技能残卷",
"message":"凑齐足够的技能残卷可提升技能【逍遥我行】到精进境界",
"location":"0",
"sale_money":0
},
{
"id":631,
"name":"龙渊残卷（突破）",
"type":"技能残卷",
"message":"凑齐足够的技能残卷可提升技能【龙渊护身】到突破境界",
"location":"0",
"sale_money":0
},
{
"id":632,
"name":"泰阿残卷（突破）",
"type":"技能残卷",
"message":"凑齐足够的技能残卷可提升技能【泰阿飞溅】到突破境界",
"location":"0",
"sale_money":0
},
{
"id":633,
"name":"赤霄残卷（突破）",
"type":"技能残卷",
"message":"凑齐足够的技能残卷可提升技能【赤霄贯通】到突破境界",
"location":"0",
"sale_money":0
},
{
"id":634,
"name":"湛卢残卷（突破）",
"type":"技能残卷",
"message":"凑齐足够的技能残卷可提升技能【湛卢破天】到突破境界",
"location":"0",
"sale_money":0
},
{
"id":635,
"name":"轩辕残卷（突破）",
"type":"技能残卷",
"message":"凑齐足够的技能残卷可提升技能【轩辕创世】到突破境界",
"location":"0",
"sale_money":0
},
{
"id":636,
"name":"迷踪残卷（突破）",
"type":"技能残卷",
"message":"凑齐足够的技能残卷可提升技能【迷踪影步】到突破境界",
"location":"0",
"sale_money":0
},
{
"id":637,
"name":"玄冥残卷（突破）",
"type":"技能残卷",
"message":"凑齐足够的技能残卷可提升技能【玄冥罗印】到突破境界",
"location":"0",
"sale_money":0
},
{
"id":638,
"name":"乾坤残卷（突破）",
"type":"技能残卷",
"message":"凑齐足够的技能残卷可提升技能【乾坤一指】到突破境界",
"location":"0",
"sale_money":0
},
{
"id":639,
"name":"皓月残卷（突破）",
"type":"技能残卷",
"message":"凑齐足够的技能残卷可提升技能【皓月连环】到突破境界",
"location":"0",
"sale_money":0
},
{
"id":640,
"name":"逍遥残卷（突破）",
"type":"技能残卷",
"message":"凑齐足够的技能残卷可提升技能【逍遥我行】到突破境界",
"location":"0",
"sale_money":0
},
{
"id":641,
"name":"龙渊残卷（大成）",
"type":"技能残卷",
"message":"凑齐足够的技能残卷可提升技能【龙渊护身】到大成境界",
"location":"0",
"sale_money":0
},
{
"id":642,
"name":"泰阿残卷（大成）",
"type":"技能残卷",
"message":"凑齐足够的技能残卷可提升技能【泰阿飞溅】到大成境界",
"location":"0",
"sale_money":0
},
{
"id":643,
"name":"赤霄残卷（大成）",
"type":"技能残卷",
"message":"凑齐足够的技能残卷可提升技能【赤霄贯通】到大成境界",
"location":"0",
"sale_money":0
},
{
"id":644,
"name":"湛卢残卷（大成）",
"type":"技能残卷",
"message":"凑齐足够的技能残卷可提升技能【湛卢破天】到大成境界",
"location":"0",
"sale_money":0
},
{
"id":645,
"name":"轩辕残卷（大成）",
"type":"技能残卷",
"message":"凑齐足够的技能残卷可提升技能【轩辕创世】到大成境界",
"location":"0",
"sale_money":0
},
{
"id":646,
"name":"迷踪残卷（大成）",
"type":"技能残卷",
"message":"凑齐足够的技能残卷可提升技能【迷踪影步】到大成境界",
"location":"0",
"sale_money":0
},
{
"id":647,
"name":"玄冥残卷（大成）",
"type":"技能残卷",
"message":"凑齐足够的技能残卷可提升技能【玄冥罗印】到大成境界",
"location":"0",
"sale_money":0
},
{
"id":648,
"name":"乾坤残卷（大成）",
"type":"技能残卷",
"message":"凑齐足够的技能残卷可提升技能【乾坤一指】到大成境界",
"location":"0",
"sale_money":0
},
{
"id":649,
"name":"皓月残卷（大成）",
"type":"技能残卷",
"message":"凑齐足够的技能残卷可提升技能【皓月连环】到大成境界",
"location":"0",
"sale_money":0
},
{
"id":650,
"name":"逍遥残卷（大成）",
"type":"技能残卷",
"message":"凑齐足够的技能残卷可提升技能【逍遥我行】到大成境界",
"location":"0",
"sale_money":0
}
]
}
