{
"RECORDS":[
{
"id":1001,
"fodder":"ShiFangXiuCai",
"name":"十方秀才",
"sid":2003,
"gender":"0",
"atk":250,
"ats":200,
"add_type":"hp",
"add_value":"1500",
"skill_energy":1,
"skill_info":"书生夺命|“斩”系技能。快速向前方冲刺，一剑对对方造成外功伤害，速度之快让人措不及防。（能隔断绳子）",
"boss_info":"时常将子曰诗云挂在嘴边，自诩超凡脱俗。每当风起满林竹叶飒飒，会在林间仗剑练招，也喜于月下独酌。有人说他穷酸迂腐，不肯给考官送礼，故虽颇有才华却几度应试不第流落街头。"
},
{
"id":1002,
"fodder":"BiChiFuRen",
"name":"碧池夫人",
"sid":2006,
"gender":"1",
"atk":200,
"ats":250,
"add_type":"mp",
"add_value":"150",
"skill_energy":1,
"skill_info":"碧水笙歌|“水”系技能。用不断旋转的迷人舞蹈迷惑敌人，并打出不断旋转的水流旋风攻击前方敌人，对对方造成内功伤害。（能扑灭火焰）",
"boss_info":"住在竹林中碧池边上，一身青翠流光长裙的妖艳女子。她举止十分轻浮，言辞常露挑逗，善于利用她妖艳的舞蹈迷惑别人，许多痴迷她的男人被她残害至妻离子散，更有丧失性命者。"
},
{
"id":1003,
"fodder":"BuTongLaoRen",
"name":"不通老人",
"sid":2009,
"gender":"0",
"atk":230,
"ats":260,
"add_type":"def",
"add_value":"20",
"skill_energy":2,
"skill_info":"不通神掌|“挡”系技能。运气于掌，激发一道无形气墙阻挡敌人使之无法通过，并对敌人造成外功伤害。（能阻挡移动）",
"boss_info":"虽然年纪大了，却火爆依然。脾气是又臭又硬，一张臭嘴开口便是骂言，任谁说什么他都认为是狗屁不通。"
},
{
"id":1004,
"fodder":"JianMoWangHun",
"name":"剑魔亡魂",
"sid":2012,
"gender":"0",
"atk":280,
"ats":280,
"add_type":"hp|atk",
"add_value":"1000|50",
"skill_energy":3,
"skill_info":"死亡剑塚|“魔剑”系技能。由天上召唤无数死亡之剑射下，在大范围区域内造成多段外功伤害。（能斩断封印）",
"boss_info":"绝世高手，身后跟随一把紫红巨剑，似有意识，甚是诡异。其性格孤僻，不爱近人。曾斩黄天飞盗，朝廷辞其封号“御前第一剑”。不知何故死于竹林秘境之中，成为孤魂野鬼。"
},
{
"id":1011,
"fodder":"HongLianSanRen",
"name":"红莲散人",
"sid":2103,
"gender":"1",
"atk":250,
"ats":230,
"add_type":"atk",
"add_value":"100",
"skill_energy":1,
"skill_info":"红莲花火|“火”系技能。拂尘轻挥，在地上生出一朵火焰一般的红花，碰到红莲花火就会受到内功伤害，红莲花火会持续30秒。（能融化寒冰）",
"boss_info":"红莲年少之时遇见一位白衣公子，芳心暗许，一颗心也因之柔如莲花。但后来这名公子又与碧池夫人交好，红莲绝望之下散发入道。她本性个彪悍，当了道姑还是如此，一出手便是烈焰焚莲，灼烈无比。"
},
{
"id":1012,
"fodder":"FengLiuDaoRen",
"name":"风流道人",
"sid":2106,
"gender":"0",
"atk":230,
"ats":260,
"add_type":"adf",
"add_value":"20",
"skill_energy":2,
"skill_info":"寒冰护体|“冰”系技能。以极寒的内力冰冻自己，使大部分的常规伤害对自己无效，并每秒回复自身2%的体力。冰冻持续5秒。（能免疫普通伤害）",
"boss_info":"如果不是因为身上穿着道袍，完全不会觉得他是一个出家到道士，反是一个浊世佳公子。而他确实也是风流成性处处留情，多得芳心暗许，但其太过风流又令众女子伤心离去。"
},
{
"id":1013,
"fodder":"YinYangZhenRen",
"name":"阴阳真人",
"sid":2109,
"gender":"0",
"atk":270,
"ats":270,
"add_type":"ats",
"add_value":"100",
"skill_energy":3,
"skill_info":"阴阳双生|“混沌”系技能。分阴阳之力于两极，再将阴阳汇集转为混沌。混沌之力爆发时全屏敌人受到大量混沌伤害，无视根骨罡气。（能造成混沌伤害）",
"boss_info":"太虚观掌门，为人沉稳，不怒自威。他常常不苟言笑，将太虚观管理的井井有条，观内上下皆即敬又畏，敬的是他稳如泰山处变不惊，畏的是他肃穆严厉铁面无私。"
},
{
"id":1014,
"fodder":"MingHuoFenShen",
"name":"冥火焚身",
"sid":2112,
"gender":"0",
"atk":300,
"ats":300,
"add_type":"mp|ats",
"add_value":"120|60",
"skill_energy":3,
"skill_info":"冥火路径|“冥火”系技能。幽冥鬼火，焚烧万物。冥火焚身向前冲刺，留下难以熄灭的冥火，碰到冥火就会受到内功伤害，冥火会持续15秒。（能烧尽邪物）",
"boss_info":"阴阳真人师兄，练就冥火功，可烧尽邪物。本应继任掌门，不料练功走火入魔，冥火焚身。不但伤及无辜，还重伤其师父。冥火自责，便将掌门托付于阴阳真人，而将自己关入太虚地牢内，用封印铁链锁住，守护着至宝八卦盘。"
},
{
"id":1021,
"fodder":"SeZhongEGui",
"name":"色中饿鬼",
"sid":2203,
"gender":"0",
"atk":310,
"ats":260,
"add_type":"atk",
"add_value":"120",
"skill_energy":2,
"skill_info":"谜形残影|“影”系技能。超高速移动从而留下自己的残影，残影犹如真人一般，可以迷惑对方攻击落空。（能阻挡光芒）",
"boss_info":"人称天下第一色魔，由于奸淫无数美貌少女而被官府追捕，可是他轻功造诣极高，官府无力捉拿他。几年前他于某人打赌，输了之后终身不得离开万恶谷，才让江湖上少了一个祸害。"
},
{
"id":1022,
"fodder":"LeiChenDianNu",
"name":"雷嗔电怒",
"sid":2206,
"gender":"1",
"atk":270,
"ats":310,
"add_type":"ats",
"add_value":"120",
"skill_energy":2,
"skill_info":"绝命天雷|“雷”系技能。雷之一族利用自身天赋召唤天雷，闪电以雷霆万钧之势落下造成大量内功伤害，难以躲闪。（能击穿水墙）",
"boss_info":"远古种族雷之一族的后人，拥有雷霆之力，不过脾气也犹如雷暴一般，容易生气，这也使得他难以让人接近。听说他易怒是由于睡眠不足，因此万恶谷主送了顶会放电的帽子让他治疗，不过貌似没有什么作用……"
},
{
"id":1023,
"fodder":"ChiNanYuanNv",
"name":"痴男怨女",
"sid":2209,
"gender":"0",
"atk":320,
"ats":320,
"add_type":"def|adf",
"add_value":"20|20",
"skill_energy":2,
"skill_info":"情深无寿|“情”系技能。有情之人方能合力使出，集二人深情释放出巨大的能量，造成大量外功伤害。（能破除魅惑）",
"boss_info":"被世人唾弃的一对男女，他们原是阴阳真人的弟子，被西域神秘教派蛊惑学会了鬼魅之术，并且擅自私定终身苟合交欢。阴阳真人本想清理门户，可是不忍，便将二人逐出太虚观。后来他们两二人就沦落到了万恶谷。"
},
{
"id":1024,
"fodder":"TanDeWuYan",
"name":"贪得无厌",
"sid":2212,
"gender":"1",
"atk":330,
"ats":330,
"add_type":"ats|hp",
"add_value":"110|1300",
"skill_energy":1,
"skill_info":"轰天雷火|“炸药”系技能。古人们通过智慧和经验制造出具备超强破坏力的球形物体，爆炸后会造成大量内功伤害。（能破坏魔藤）",
"boss_info":"被坐在巨大怪物头上的看似小鬼的人，其实他早已年过半百，头脑聪明，行事狡猾，而且贪得无厌。脚下的怪物是他的坐骑-独眼巨人，头脑简单，但是力大无比，皮糙肉厚。许多年前他带领一群恶人来到此地简历万恶谷，自然也成为了万恶谷主。"
},
{
"id":1025,
"fodder":"ChiNanYuanNv",
"name":"痴男怨女",
"sid":2219,
"gender":"0",
"atk":320,
"ats":320,
"add_type":"def|adf",
"add_value":"20|20",
"skill_energy":2,
"skill_info":"轰天雷火|“炸药”系技能。古人们通过智慧和经验制造出具备超强破坏力的球形物体，爆炸后会造成大量内功伤害。（能破坏魔藤）",
"boss_info":"被坐在巨大怪物头上的看似小鬼的人，其实他早已年过半百，头脑聪明，行事狡猾，而且贪得无厌。脚下的怪物是他的坐骑-独眼巨人，头脑简单，但是力大无比，皮糙肉厚。许多年前他带领一群恶人来到此地简历万恶谷，自然也成为了万恶谷主。"
},
{
"id":1031,
"fodder":"TieJiangBaiDu",
"name":"铁桨摆渡",
"sid":2303,
"gender":"0",
"atk":330,
"ats":290,
"add_type":"hp",
"add_value":"2500",
"skill_energy":3,
"skill_info":"水波护盾|“水”系技能。对自己释放一个水波护盾，可以使受到的伤害减少50%，并免疫火焰伤害，持续12秒。（能阻挡火焰）",
"boss_info":"世人要过风波渡，必定要坐他的船。十年在此地帮人渡河，大家都以为他不过是个很普通的摆渡者，而却没有人想到他也是武林高手。十年如一日的他不过是在等待一道指令，一道完成之后便可以回归故里于，于家人团聚的指令……"
},
{
"id":1032,
"fodder":"JueXiuJiaoQiao",
"name":"绝秀娇俏",
"sid":2306,
"gender":"1",
"atk":300,
"ats":330,
"add_type":"mp",
"add_value":"250",
"skill_energy":1,
"skill_info":"无",
"boss_info":"无"
},
{
"id":1033,
"fodder":"BuTongLaoRen",
"name":"笑面君子",
"sid":3002,
"gender":"0",
"atk":340,
"ats":340,
"add_type":"atk|ats",
"add_value":"130|130",
"skill_energy":2,
"skill_info":"无",
"boss_info":"无"
},
{
"id":1034,
"fodder":"QuanGuanQing",
"name":"百花仙子",
"sid":3001,
"gender":"1",
"atk":350,
"ats":350,
"add_type":"ats|hp",
"add_value":"120|2000",
"skill_energy":1,
"skill_info":"无",
"boss_info":"无"
},
{
"id":1041,
"fodder":"QuanGuanQing",
"name":"一子七杀",
"sid":3001,
"gender":"0",
"atk":50,
"ats":50,
"add_type":"hp",
"add_value":"100",
"skill_energy":1,
"skill_info":"无",
"boss_info":"无"
},
{
"id":1042,
"fodder":"QuanGuanQing",
"name":"二宿破军",
"sid":3001,
"gender":"1",
"atk":50,
"ats":50,
"add_type":"mp",
"add_value":"100",
"skill_energy":1,
"skill_info":"无",
"boss_info":"无"
},
{
"id":1043,
"fodder":"BuTongLaoRen",
"name":"三星贪狼",
"sid":3002,
"gender":"0",
"atk":50,
"ats":50,
"add_type":"def",
"add_value":"20",
"skill_energy":2,
"skill_info":"无",
"boss_info":"无"
},
{
"id":1044,
"fodder":"QuanGuanQing",
"name":"铁面傀儡",
"sid":3001,
"gender":"1",
"atk":50,
"ats":50,
"add_type":"atk",
"add_value":"40",
"skill_energy":1,
"skill_info":"无",
"boss_info":"无"
},
{
"id":1051,
"fodder":"QuanGuanQing",
"name":"1",
"sid":3001,
"gender":"0",
"atk":50,
"ats":50,
"add_type":"hp",
"add_value":"100",
"skill_energy":1,
"skill_info":"无",
"boss_info":"无"
},
{
"id":1052,
"fodder":"QuanGuanQing",
"name":"2",
"sid":3001,
"gender":"1",
"atk":50,
"ats":50,
"add_type":"mp",
"add_value":"100",
"skill_energy":1,
"skill_info":"无",
"boss_info":"无"
},
{
"id":1053,
"fodder":"BuTongLaoRen",
"name":"3",
"sid":3002,
"gender":"0",
"atk":50,
"ats":50,
"add_type":"def",
"add_value":"20",
"skill_energy":2,
"skill_info":"无",
"boss_info":"无"
},
{
"id":1054,
"fodder":"QuanGuanQing",
"name":"4",
"sid":3001,
"gender":"1",
"atk":50,
"ats":50,
"add_type":"atk",
"add_value":"40",
"skill_energy":1,
"skill_info":"无",
"boss_info":"无"
},
{
"id":1061,
"fodder":"QuanGuanQing",
"name":"1",
"sid":3001,
"gender":"0",
"atk":50,
"ats":50,
"add_type":"hp",
"add_value":"100",
"skill_energy":1,
"skill_info":"无",
"boss_info":"无"
},
{
"id":1062,
"fodder":"QuanGuanQing",
"name":"2",
"sid":3001,
"gender":"1",
"atk":50,
"ats":50,
"add_type":"mp",
"add_value":"100",
"skill_energy":1,
"skill_info":"无",
"boss_info":"无"
},
{
"id":1063,
"fodder":"BuTongLaoRen",
"name":"3",
"sid":3002,
"gender":"0",
"atk":50,
"ats":50,
"add_type":"def",
"add_value":"20",
"skill_energy":2,
"skill_info":"无",
"boss_info":"无"
},
{
"id":1064,
"fodder":"QuanGuanQing",
"name":"4",
"sid":3001,
"gender":"1",
"atk":50,
"ats":50,
"add_type":"atk",
"add_value":"40",
"skill_energy":1,
"skill_info":"无",
"boss_info":"无"
},
{
"id":1071,
"fodder":"QuanGuanQing",
"name":"1",
"sid":3001,
"gender":"0",
"atk":50,
"ats":50,
"add_type":"hp",
"add_value":"100",
"skill_energy":1,
"skill_info":"无",
"boss_info":"无"
},
{
"id":1072,
"fodder":"QuanGuanQing",
"name":"2",
"sid":3001,
"gender":"1",
"atk":50,
"ats":50,
"add_type":"mp",
"add_value":"100",
"skill_energy":1,
"skill_info":"无",
"boss_info":"无"
},
{
"id":1073,
"fodder":"BuTongLaoRen",
"name":"3",
"sid":3002,
"gender":"0",
"atk":50,
"ats":50,
"add_type":"def",
"add_value":"20",
"skill_energy":2,
"skill_info":"无",
"boss_info":"无"
},
{
"id":1074,
"fodder":"QuanGuanQing",
"name":"4",
"sid":3001,
"gender":"1",
"atk":50,
"ats":50,
"add_type":"atk",
"add_value":"40",
"skill_energy":1,
"skill_info":"无",
"boss_info":"无"
},
{
"id":1081,
"fodder":"QuanGuanQing",
"name":"1",
"sid":3001,
"gender":"0",
"atk":50,
"ats":50,
"add_type":"hp",
"add_value":"100",
"skill_energy":1,
"skill_info":"无",
"boss_info":"无"
},
{
"id":1082,
"fodder":"QuanGuanQing",
"name":"2",
"sid":3001,
"gender":"1",
"atk":50,
"ats":50,
"add_type":"mp",
"add_value":"100",
"skill_energy":1,
"skill_info":"无",
"boss_info":"无"
},
{
"id":1083,
"fodder":"BuTongLaoRen",
"name":"3",
"sid":3002,
"gender":"0",
"atk":50,
"ats":50,
"add_type":"def",
"add_value":"20",
"skill_energy":2,
"skill_info":"无",
"boss_info":"无"
},
{
"id":1084,
"fodder":"QuanGuanQing",
"name":"4",
"sid":3001,
"gender":"1",
"atk":50,
"ats":50,
"add_type":"atk",
"add_value":"40",
"skill_energy":1,
"skill_info":"无",
"boss_info":"无"
}
]
}