﻿{
"RECORDS":[
{
"id":1,
"name":"武器",
"type":"atk|ats|crit|hit",
"value":"3|3|0.05|0.05",
"soul":10000
},
{
"id":2,
"name":"头部",
"type":"ats|atk|hurt_deepen|mp_regain",
"value":"3|3|0.05|0.1",
"soul":10000
},
{
"id":3,
"name":"颈部",
"type":"hp|mp|toughness|hp_regain",
"value":"70|7|0.05|1",
"soul":10000
},
{
"id":4,
"name":"上身",
"type":"def|adf|hurt_reduce|toughness",
"value":"1|1|0.05|0.05",
"soul":10000
},
{
"id":5,
"name":"肩部",
"type":"adf|def|hp_regain|crit",
"value":"1|1|1|0.05",
"soul":10000
},
{
"id":6,
"name":"鞋子",
"type":"mp|hp|mp_regain|evasion",
"value":"7|70|0.1|0.05",
"soul":10000
}
]
}