{
"RECORDS":[
{
"id":6202,
"name":"锦囊宝盒",
"type":1,
"prop_id":"4301|4302|4303",
"prop_number":"10|10|10",
"equipment_id":"0",
"gold":0,
"soul":0
},
{
"id":6001,
"name":"10级礼包",
"type":1,
"prop_id":"4101|4102|4201|6002",
"prop_number":"10|10|10|1",
"equipment_id":"0",
"gold":1000,
"soul":1000
},
{
"id":6002,
"name":"20级礼包",
"type":1,
"prop_id":"4103|4104|4201|4301|4302|4303|6003",
"prop_number":"15|15|15|15|15|15|1",
"equipment_id":"0",
"gold":0,
"soul":0
},
{
"id":6003,
"name":"30级礼包",
"type":1,
"prop_id":"4105|4106|4201|6004",
"prop_number":"20|20|20|1",
"equipment_id":"0",
"gold":2000,
"soul":2000
},
{
"id":6004,
"name":"40级礼包",
"type":1,
"prop_id":"4107|4108|4202|4311|4312|4313|6005",
"prop_number":"25|25|25|25|25|25|1",
"equipment_id":"0",
"gold":0,
"soul":0
},
{
"id":6005,
"name":"50级礼包",
"type":1,
"prop_id":"4109|4110|4202|6006",
"prop_number":"30|30|30|1",
"equipment_id":"0",
"gold":3000,
"soul":3000
},
{
"id":6006,
"name":"60级礼包",
"type":1,
"prop_id":"4111|4112|4203|4321|4322|4323|6007",
"prop_number":"35|35|35|35|35|35|1",
"equipment_id":"0",
"gold":0,
"soul":0
},
{
"id":6007,
"name":"70级礼包",
"type":1,
"prop_id":"4113|4114|4203|6008",
"prop_number":"40|40|40|1",
"equipment_id":"0",
"gold":4000,
"soul":4000
},
{
"id":6008,
"name":"80级礼包",
"type":1,
"prop_id":"4115|4116|4204|4331|4332|4333|6009",
"prop_number":"45|45|45|45|45|45|1",
"equipment_id":"0",
"gold":0,
"soul":0
},
{
"id":6009,
"name":"90级礼包",
"type":1,
"prop_id":"4117|4118|4204|6010",
"prop_number":"50|50|50|1",
"equipment_id":"0",
"gold":5000,
"soul":5000
},
{
"id":6010,
"name":"100级礼包",
"type":1,
"prop_id":"0",
"prop_number":"0",
"equipment_id":"0",
"gold":0,
"soul":0
},
{
"id":6011,
"name":"110级礼包",
"type":1,
"prop_id":"0",
"prop_number":"0",
"equipment_id":"0",
"gold":0,
"soul":0
},
{
"id":6012,
"name":"120级礼包",
"type":1,
"prop_id":"0",
"prop_number":"0",
"equipment_id":"0",
"gold":0,
"soul":0
},
{
"id":6013,
"name":"130级礼包",
"type":1,
"prop_id":"0",
"prop_number":"0",
"equipment_id":"0",
"gold":0,
"soul":0
},
{
"id":6014,
"name":"140级礼包",
"type":1,
"prop_id":"0",
"prop_number":"0",
"equipment_id":"0",
"gold":0,
"soul":0
},
{
"id":6015,
"name":"150级礼包",
"type":1,
"prop_id":"0",
"prop_number":"0",
"equipment_id":"0",
"gold":0,
"soul":0
},
{
"id":6016,
"name":"160级礼包",
"type":1,
"prop_id":"0",
"prop_number":"0",
"equipment_id":"0",
"gold":0,
"soul":0
},
{
"id":6017,
"name":"170级礼包",
"type":1,
"prop_id":"0",
"prop_number":"0",
"equipment_id":"0",
"gold":0,
"soul":0
},
{
"id":6018,
"name":"180级礼包",
"type":1,
"prop_id":"0",
"prop_number":"0",
"equipment_id":"0",
"gold":0,
"soul":0
},
{
"id":6019,
"name":"190级礼包",
"type":1,
"prop_id":"0",
"prop_number":"0",
"equipment_id":"0",
"gold":0,
"soul":0
},
{
"id":6020,
"name":"200级礼包",
"type":1,
"prop_id":"0",
"prop_number":"0",
"equipment_id":"0",
"gold":0,
"soul":0
},
{
"id":6021,
"name":"新手礼包",
"type":1,
"prop_id":"4201|4101|4102",
"prop_number":"10|10|10",
"equipment_id":"0",
"gold":1000,
"soul":1000
},
{
"id":6022,
"name":"江湖礼包",
"type":2,
"prop_id":"4201|4101|4102",
"prop_number":"20|10|10",
"equipment_id":"0",
"gold":2000,
"soul":2000
},
{
"id":6023,
"name":"贵族礼包",
"type":2,
"prop_id":"4202|4411|4103|4104",
"prop_number":"10|10|20|20",
"equipment_id":"0",
"gold":5000,
"soul":5000
},
{
"id":6024,
"name":"回归礼包",
"type":1,
"prop_id":"4201|4411|6203",
"prop_number":"10|10|1",
"equipment_id":"0",
"gold":1000,
"soul":1000
},
{
"id":6051,
"name":"新春礼包",
"type":1,
"prop_id":"0",
"prop_number":"0",
"equipment_id":"0",
"gold":0,
"soul":0
},
{
"id":6052,
"name":"情人节礼包",
"type":1,
"prop_id":"0",
"prop_number":"0",
"equipment_id":"0",
"gold":0,
"soul":0
},
{
"id":6053,
"name":"清明礼包",
"type":1,
"prop_id":"0",
"prop_number":"0",
"equipment_id":"0",
"gold":0,
"soul":0
},
{
"id":6054,
"name":"五一劳动礼包",
"type":1,
"prop_id":"4201|4101|4102|4202|4103|4104",
"prop_number":"10|10|10|10|10|10",
"equipment_id":"0",
"gold":2000,
"soul":2000
},
{
"id":6055,
"name":"六一礼包",
"type":1,
"prop_id":"0",
"prop_number":"0",
"equipment_id":"0",
"gold":0,
"soul":0
},
{
"id":6056,
"name":"端午礼包",
"type":1,
"prop_id":"6205|9000|4201|4202",
"prop_number":"1|1|20|20",
"equipment_id":"0",
"gold":3000,
"soul":3000
},
{
"id":6057,
"name":"暑假礼包",
"type":3,
"prop_id":"0",
"prop_number":"0",
"equipment_id":"0",
"gold":0,
"soul":0
},
{
"id":6058,
"name":"七夕礼包",
"type":1,
"prop_id":"0",
"prop_number":"0",
"equipment_id":"0",
"gold":0,
"soul":0
},
{
"id":6059,
"name":"双节礼包",
"type":1,
"prop_id":"0",
"prop_number":"0",
"equipment_id":"0",
"gold":0,
"soul":0
},
{
"id":6060,
"name":"中秋礼包",
"type":1,
"prop_id":"0",
"prop_number":"0",
"equipment_id":"0",
"gold":0,
"soul":0
},
{
"id":6061,
"name":"国庆礼包",
"type":1,
"prop_id":"0",
"prop_number":"0",
"equipment_id":"0",
"gold":0,
"soul":0
},
{
"id":6062,
"name":"感恩礼包",
"type":1,
"prop_id":"0",
"prop_number":"0",
"equipment_id":"0",
"gold":0,
"soul":0
},
{
"id":6063,
"name":"圣诞礼包",
"type":1,
"prop_id":"0",
"prop_number":"0",
"equipment_id":"0",
"gold":0,
"soul":0
},
{
"id":6064,
"name":"元旦礼包",
"type":1,
"prop_id":"0",
"prop_number":"0",
"equipment_id":"0",
"gold":0,
"soul":0
},
{
"id":6065,
"name":"开服礼包",
"type":1,
"prop_id":"4201|4301|4302|4303",
"prop_number":"10|10|10|10",
"equipment_id":"0",
"gold":1000,
"soul":1000
},
{
"id":6080,
"name":"VIP1级礼包",
"type":3,
"prop_id":"4201|6202",
"prop_number":"10|1",
"equipment_id":"0",
"gold":1000,
"soul":1000
},
{
"id":6081,
"name":"VIP2级礼包",
"type":3,
"prop_id":"4201|6202|4411",
"prop_number":"10|1|5",
"equipment_id":"0",
"gold":2000,
"soul":2000
},
{
"id":6082,
"name":"VIP3级礼包",
"type":3,
"prop_id":"4201|4202|6202|4411",
"prop_number":"10|10|1|5",
"equipment_id":"0",
"gold":4000,
"soul":4000
},
{
"id":6090,
"name":"VIP1奖励",
"type":1,
"prop_id":"6205",
"prop_number":"1",
"equipment_id":"0",
"gold":40000,
"soul":40000
},
{
"id":6091,
"name":"VIP2奖励",
"type":1,
"prop_id":"6201",
"prop_number":"2",
"equipment_id":"0",
"gold":80000,
"soul":80000
},
{
"id":6092,
"name":"VIP3奖励",
"type":1,
"prop_id":"9000",
"prop_number":"3",
"equipment_id":"0",
"gold":160000,
"soul":160000
},
{
"id":6025,
"name":"4399十周年庆专属礼包",
"type":1,
"prop_id":"6205|6204|6201|4103|4104|4105|4106",
"prop_number":"1|2|3|30|30|40|40",
"equipment_id":"0",
"gold":5000,
"soul":5000
},
{
"id":6026,
"name":"回馈礼包",
"type":1,
"prop_id":"6203|8902",
"prop_number":"1|1",
"equipment_id":"0",
"gold":3000,
"soul":3000
},
{
"id":6083,
"name":"VIP4礼包",
"type":3,
"prop_id":"6204|4201|4202|6202|4411",
"prop_number":"1|10|10|1|5",
"equipment_id":"0",
"gold":6000,
"soul":6000
},
{
"id":6093,
"name":"VIP4奖励",
"type":1,
"prop_id":"0",
"prop_number":"0",
"equipment_id":"0",
"gold":320000,
"soul":320000
},
{
"id":6027,
"name":"首充礼包",
"type":1,
"prop_id":"10904|6205|6204|6201",
"prop_number":"1|5|5|5",
"equipment_id":"0",
"gold":100000,
"soul":0
},
{
"id":6028,
"name":"尊享礼包",
"type":1,
"prop_id":"6204|6201|4201|4202",
"prop_number":"2|2|20|20",
"equipment_id":"0",
"gold":4000,
"soul":4000
},
{
"id":6084,
"name":"VIP5礼包",
"type":3,
"prop_id":"6201|6204|4201|4202|6202|4411",
"prop_number":"1|1|10|10|1|5",
"equipment_id":"0",
"gold":8000,
"soul":8000
},
{
"id":6094,
"name":"VIP5奖励",
"type":1,
"prop_id":"6204",
"prop_number":"5",
"equipment_id":"0",
"gold":640000,
"soul":640000
}
]
}