{
"RECORDS":[
{
"id":6201,
"name":"复活币",
"propId":1526,
"type":"1"
},
{
"id":6203,
"name":"重修之书",
"propId":1527,
"type":"1"
},
{
"id":6204,
"name":"刷新卷",
"propId":1525,
"type":"1"
},
{
"id":6205,
"name":"万能钥匙",
"propId":1524,
"type":"1"
},
{
"id":6101,
"name":"人品卡",
"propId":1529,
"type":"1"
},
{
"id":6102,
"name":"双倍卡",
"propId":1528,
"type":"1"
},
{
"id":6103,
"name":"高手卡",
"propId":1537,
"type":"1"
},
{
"id":6104,
"name":"改名卡",
"propId":1591,
"type":"1"
},
{
"id":7001,
"name":"米国队长套装",
"propId":1619,
"type":"2"
},
{
"id":7101,
"name":"钢铁大侠套装",
"propId":1620,
"type":"2"
},
{
"id":8903,
"name":"灵气牌-繁华",
"propId":1632,
"type":"1"
},
{
"id":7004,
"name":"蝙蝠勇士套装",
"propId":1659,
"type":"2"
},
{
"id":9000,
"name":"万能碎片",
"propId":1523,
"type":"1"
},
{
"id":7104,
"name":"绿灯战士套装",
"propId":1660,
"type":"2"
},
{
"id":7007,
"name":"金刚狂狼套装",
"propId":1672,
"type":"2"
},
{
"id":7107,
"name":"蜘蛛侠客套装",
"propId":1673,
"type":"2"
},
{
"id":7010,
"name":"赛亚王子套装",
"propId":1726,
"type":"2"
},
{
"id":7110,
"name":"赛亚勇者套装",
"propId":1727,
"type":"2"
},
{
"id":4331,
"name":"紫色锦囊“天”",
"propId":1728,
"type":"3"
},
{
"id":4332,
"name":"紫色锦囊“地”",
"propId":1729,
"type":"3"
},
{
"id":4333,
"name":"紫色锦囊“人”",
"propId":1730,
"type":"3"
},
{
"id":4341,
"name":"橙色锦囊“天”",
"propId":1731,
"type":"3"
},
{
"id":4342,
"name":"橙色锦囊“地”",
"propId":1732,
"type":"3"
},
{
"id":4343,
"name":"橙色锦囊“人”",
"propId":1733,
"type":"3"
},
{
"id":4441,
"name":"橙色令牌",
"propId":1734,
"type":"3"
},
{
"id":4451,
"name":"金色令牌",
"propId":1735,
"type":"3"
},
{
"id":4511,
"name":"夜之令牌",
"propId":1736,
"type":"3"
},
{
"id":4512,
"name":"雨之令牌",
"propId":1737,
"type":"3"
},
{
"id":4513,
"name":"风之令牌",
"propId":1738,
"type":"3"
},
{
"id":4514,
"name":"雷之令牌",
"propId":1739,
"type":"3"
}
]
}