{
"RECORDS":[
{
"id":1,
"sid":2000,
"name":"狂武的普通攻击1",
"source":"KuangWuCommonHit1",
"hurt":50,
"durationFrame":5,
"attackIntervalFrame":5,
"unActionFrame":8,
"attackType":0,
"hurtMoveType":0,
"skillMoveType":1,
"skillProperty":0,
"hurtTime":0,
"fallDownHurt":0,
"collisionRange":50,
"isHurt":0,
"xPos":50,
"yPos":20,
"zPos":0,
"skillMoveX":2,
"skillMoveY":0,
"skillMoveZ":0,
"hurtMoveX":3,
"hurtMoveY":0,
"hurtMoveZ":0,
"roleMoveX":2,
"roleMoveY":0,
"roleMoveZ":0,
"handX":5,
"handY":0,
"handZ":0,
"atk_hurt":0,
"atk_rate":1.000,
"ats_hurt":0,
"ats_rate":0.000,
"chaos_hurt":0,
"buff_type":"0",
"buff_value":"0",
"nid":1001,
"shake":0,
"continue_skill":"0",
"continue_pos_x":"0",
"continue_pos_y":"0",
"continue_pos_z":"0",
"isDouble":1,
"rotation":0.000,
"appoint_frame":"0",
"appoint_skill":"0",
"isRepeat":0,
"locate_frame":0,
"locate_distance":0,
"hp_rate":0.000,
"target_buff_type":"0",
"target_buff_value":"0"
},
{
"id":2,
"sid":2001,
"name":"狂武的普通攻击2",
"source":"KuangWuCommonHit2",
"hurt":50,
"durationFrame":5,
"attackIntervalFrame":5,
"unActionFrame":13,
"attackType":0,
"hurtMoveType":0,
"skillMoveType":1,
"skillProperty":0,
"hurtTime":0,
"fallDownHurt":0,
"collisionRange":50,
"isHurt":0,
"xPos":20,
"yPos":20,
"zPos":0,
"skillMoveX":1,
"skillMoveY":0,
"skillMoveZ":0,
"hurtMoveX":6,
"hurtMoveY":0,
"hurtMoveZ":0,
"roleMoveX":1,
"roleMoveY":0,
"roleMoveZ":0,
"handX":5,
"handY":0,
"handZ":0,
"atk_hurt":0,
"atk_rate":1.050,
"ats_hurt":0,
"ats_rate":0.000,
"chaos_hurt":0,
"buff_type":"0",
"buff_value":"0",
"nid":1002,
"shake":0,
"continue_skill":"0",
"continue_pos_x":"0",
"continue_pos_y":"0",
"continue_pos_z":"0",
"isDouble":1,
"rotation":0.000,
"appoint_frame":"0",
"appoint_skill":"0",
"isRepeat":0,
"locate_frame":0,
"locate_distance":0,
"hp_rate":0.000,
"target_buff_type":"0",
"target_buff_value":"0"
},
{
"id":3,
"sid":2002,
"name":"狂武的普通攻击3",
"source":"KuangWuCommonHit3",
"hurt":50,
"durationFrame":7,
"attackIntervalFrame":7,
"unActionFrame":2,
"attackType":0,
"hurtMoveType":0,
"skillMoveType":1,
"skillProperty":0,
"hurtTime":0,
"fallDownHurt":0,
"collisionRange":50,
"isHurt":0,
"xPos":0,
"yPos":0,
"zPos":0,
"skillMoveX":4,
"skillMoveY":0,
"skillMoveZ":0,
"hurtMoveX":8,
"hurtMoveY":20,
"hurtMoveZ":0,
"roleMoveX":4,
"roleMoveY":0,
"roleMoveZ":0,
"handX":5,
"handY":0,
"handZ":0,
"atk_hurt":0,
"atk_rate":1.100,
"ats_hurt":0,
"ats_rate":0.000,
"chaos_hurt":0,
"buff_type":"0",
"buff_value":"0",
"nid":1003,
"shake":1,
"continue_skill":"0",
"continue_pos_x":"0",
"continue_pos_y":"0",
"continue_pos_z":"0",
"isDouble":1,
"rotation":0.000,
"appoint_frame":"0",
"appoint_skill":"0",
"isRepeat":0,
"locate_frame":0,
"locate_distance":0,
"hp_rate":0.000,
"target_buff_type":"0",
"target_buff_value":"0"
},
{
"id":4,
"sid":2004,
"name":"狂武的前冲",
"source":"KuangWuRunHit",
"hurt":100,
"durationFrame":10,
"attackIntervalFrame":6,
"unActionFrame":13,
"attackType":0,
"hurtMoveType":0,
"skillMoveType":1,
"skillProperty":0,
"hurtTime":0,
"fallDownHurt":0,
"collisionRange":50,
"isHurt":0,
"xPos":60,
"yPos":0,
"zPos":1,
"skillMoveX":24,
"skillMoveY":0,
"skillMoveZ":0,
"hurtMoveX":16,
"hurtMoveY":0,
"hurtMoveZ":0,
"roleMoveX":24,
"roleMoveY":0,
"roleMoveZ":0,
"handX":0,
"handY":0,
"handZ":0,
"atk_hurt":0,
"atk_rate":0.550,
"ats_hurt":0,
"ats_rate":0.000,
"chaos_hurt":0,
"buff_type":"0",
"buff_value":"0",
"nid":1004,
"shake":3,
"continue_skill":"0",
"continue_pos_x":"0",
"continue_pos_y":"0",
"continue_pos_z":"0",
"isDouble":1,
"rotation":0.000,
"appoint_frame":"0",
"appoint_skill":"0",
"isRepeat":0,
"locate_frame":0,
"locate_distance":0,
"hp_rate":0.000,
"target_buff_type":"0",
"target_buff_value":"0"
},
{
"id":5,
"sid":2005,
"name":"狂武的空中攻击",
"source":"KuangWuPressHit",
"hurt":100,
"durationFrame":6,
"attackIntervalFrame":4,
"unActionFrame":5,
"attackType":0,
"hurtMoveType":0,
"skillMoveType":0,
"skillProperty":0,
"hurtTime":0,
"fallDownHurt":0,
"collisionRange":50,
"isHurt":0,
"xPos":55,
"yPos":40,
"zPos":0,
"skillMoveX":0,
"skillMoveY":0,
"skillMoveZ":0,
"hurtMoveX":0,
"hurtMoveY":0,
"hurtMoveZ":0,
"roleMoveX":0,
"roleMoveY":0,
"roleMoveZ":0,
"handX":0,
"handY":0,
"handZ":0,
"atk_hurt":0,
"atk_rate":0.500,
"ats_hurt":0,
"ats_rate":0.000,
"chaos_hurt":0,
"buff_type":"0",
"buff_value":"0",
"nid":1005,
"shake":3,
"continue_skill":"0",
"continue_pos_x":"0",
"continue_pos_y":"0",
"continue_pos_z":"0",
"isDouble":1,
"rotation":0.000,
"appoint_frame":"0",
"appoint_skill":"0",
"isRepeat":0,
"locate_frame":0,
"locate_distance":0,
"hp_rate":0.000,
"target_buff_type":"0",
"target_buff_value":"0"
},
{
"id":6,
"sid":2006,
"name":"狂武的空中压制攻击1",
"source":"KuangWuJumpPressHit1",
"hurt":100,
"durationFrame":8,
"attackIntervalFrame":8,
"unActionFrame":2,
"attackType":0,
"hurtMoveType":0,
"skillMoveType":4,
"skillProperty":0,
"hurtTime":0,
"fallDownHurt":0,
"collisionRange":50,
"isHurt":0,
"xPos":15,
"yPos":85,
"zPos":0,
"skillMoveX":15,
"skillMoveY":50,
"skillMoveZ":0,
"hurtMoveX":0,
"hurtMoveY":-30,
"hurtMoveZ":0,
"roleMoveX":15,
"roleMoveY":0,
"roleMoveZ":0,
"handX":0,
"handY":0,
"handZ":0,
"atk_hurt":0,
"atk_rate":0.500,
"ats_hurt":0,
"ats_rate":0.000,
"chaos_hurt":0,
"buff_type":"0",
"buff_value":"0",
"nid":1006,
"shake":0,
"continue_skill":"0",
"continue_pos_x":"0",
"continue_pos_y":"0",
"continue_pos_z":"0",
"isDouble":1,
"rotation":0.000,
"appoint_frame":"0",
"appoint_skill":"0",
"isRepeat":0,
"locate_frame":0,
"locate_distance":0,
"hp_rate":0.000,
"target_buff_type":"0",
"target_buff_value":"0"
},
{
"id":7,
"sid":2007,
"name":"狂武的空中压制攻击2",
"source":"KuangWuJumpPressHit2",
"hurt":100,
"durationFrame":6,
"attackIntervalFrame":6,
"unActionFrame":2,
"attackType":0,
"hurtMoveType":0,
"skillMoveType":0,
"skillProperty":0,
"hurtTime":0,
"fallDownHurt":0,
"collisionRange":50,
"isHurt":0,
"xPos":0,
"yPos":50,
"zPos":-1,
"skillMoveX":0,
"skillMoveY":0,
"skillMoveZ":0,
"hurtMoveX":0,
"hurtMoveY":15,
"hurtMoveZ":0,
"roleMoveX":0,
"roleMoveY":0,
"roleMoveZ":0,
"handX":0,
"handY":0,
"handZ":0,
"atk_hurt":0,
"atk_rate":1.100,
"ats_hurt":0,
"ats_rate":0.000,
"chaos_hurt":0,
"buff_type":"0",
"buff_value":"0",
"nid":1007,
"shake":2,
"continue_skill":"0",
"continue_pos_x":"0",
"continue_pos_y":"0",
"continue_pos_z":"0",
"isDouble":0,
"rotation":0.000,
"appoint_frame":"0",
"appoint_skill":"0",
"isRepeat":0,
"locate_frame":0,
"locate_distance":0,
"hp_rate":0.000,
"target_buff_type":"0",
"target_buff_value":"0"
},
{
"id":8,
"sid":2008,
"name":"狂武的烈风劫杀",
"source":"KuangWuSkill1",
"hurt":100,
"durationFrame":10,
"attackIntervalFrame":10,
"unActionFrame":2,
"attackType":0,
"hurtMoveType":0,
"skillMoveType":1,
"skillProperty":0,
"hurtTime":0,
"fallDownHurt":0,
"collisionRange":50,
"isHurt":0,
"xPos":80,
"yPos":-30,
"zPos":0,
"skillMoveX":2,
"skillMoveY":0,
"skillMoveZ":0,
"hurtMoveX":5,
"hurtMoveY":27,
"hurtMoveZ":0,
"roleMoveX":2,
"roleMoveY":0,
"roleMoveZ":0,
"handX":0,
"handY":0,
"handZ":0,
"atk_hurt":720,
"atk_rate":2.400,
"ats_hurt":0,
"ats_rate":0.000,
"chaos_hurt":0,
"buff_type":"0",
"buff_value":"0",
"nid":1101,
"shake":1,
"continue_skill":"0",
"continue_pos_x":"0",
"continue_pos_y":"0",
"continue_pos_z":"0",
"isDouble":1,
"rotation":0.000,
"appoint_frame":"0",
"appoint_skill":"0",
"isRepeat":0,
"locate_frame":0,
"locate_distance":0,
"hp_rate":0.000,
"target_buff_type":"0",
"target_buff_value":"0"
},
{
"id":9,
"sid":2009,
"name":"狂武的魔龙戏珠",
"source":"KuangWuSkill2_1",
"hurt":100,
"durationFrame":9,
"attackIntervalFrame":9,
"unActionFrame":20,
"attackType":0,
"hurtMoveType":3,
"skillMoveType":0,
"skillProperty":0,
"hurtTime":0,
"fallDownHurt":0,
"collisionRange":50,
"isHurt":0,
"xPos":20,
"yPos":15,
"zPos":0,
"skillMoveX":0,
"skillMoveY":0,
"skillMoveZ":0,
"hurtMoveX":0,
"hurtMoveY":0,
"hurtMoveZ":0,
"roleMoveX":0,
"roleMoveY":0,
"roleMoveZ":0,
"handX":0,
"handY":0,
"handZ":0,
"atk_hurt":0,
"atk_rate":0.000,
"ats_hurt":440,
"ats_rate":1.300,
"chaos_hurt":0,
"buff_type":"0",
"buff_value":"0",
"nid":1111,
"shake":1,
"continue_skill":"0",
"continue_pos_x":"0",
"continue_pos_y":"0",
"continue_pos_z":"0",
"isDouble":1,
"rotation":0.000,
"appoint_frame":"0",
"appoint_skill":"0",
"isRepeat":0,
"locate_frame":0,
"locate_distance":0,
"hp_rate":0.000,
"target_buff_type":"0",
"target_buff_value":"0"
},
{
"id":10,
"sid":2010,
"name":"狂武的天元突破",
"source":"KuangWuSkill3",
"hurt":100,
"durationFrame":16,
"attackIntervalFrame":16,
"unActionFrame":30,
"attackType":3,
"hurtMoveType":0,
"skillMoveType":0,
"skillProperty":0,
"hurtTime":0,
"fallDownHurt":0,
"collisionRange":50,
"isHurt":0,
"xPos":0,
"yPos":0,
"zPos":0,
"skillMoveX":0,
"skillMoveY":0,
"skillMoveZ":0,
"hurtMoveX":0,
"hurtMoveY":0,
"hurtMoveZ":0,
"roleMoveX":0,
"roleMoveY":0,
"roleMoveZ":0,
"handX":0,
"handY":0,
"handZ":0,
"atk_hurt":0,
"atk_rate":0.000,
"ats_hurt":0,
"ats_rate":0.000,
"chaos_hurt":0,
"buff_type":"0",
"buff_value":"0",
"nid":1121,
"shake":0,
"continue_skill":"0",
"continue_pos_x":"0",
"continue_pos_y":"0",
"continue_pos_z":"0",
"isDouble":0,
"rotation":0.000,
"appoint_frame":"0",
"appoint_skill":"0",
"isRepeat":0,
"locate_frame":0,
"locate_distance":0,
"hp_rate":0.000,
"target_buff_type":"0",
"target_buff_value":"0"
},
{
"id":11,
"sid":2011,
"name":"狂武的幻灭百烈",
"source":"KuangWuSkill4",
"hurt":100,
"durationFrame":16,
"attackIntervalFrame":4,
"unActionFrame":10,
"attackType":0,
"hurtMoveType":0,
"skillMoveType":1,
"skillProperty":0,
"hurtTime":0,
"fallDownHurt":0,
"collisionRange":60,
"isHurt":0,
"xPos":70,
"yPos":10,
"zPos":0,
"skillMoveX":27,
"skillMoveY":0,
"skillMoveZ":0,
"hurtMoveX":26,
"hurtMoveY":0,
"hurtMoveZ":0,
"roleMoveX":27,
"roleMoveY":0,
"roleMoveZ":0,
"handX":0,
"handY":0,
"handZ":0,
"atk_hurt":370,
"atk_rate":1.400,
"ats_hurt":0,
"ats_rate":0.000,
"chaos_hurt":0,
"buff_type":"0",
"buff_value":"0",
"nid":1131,
"shake":1,
"continue_skill":"0",
"continue_pos_x":"0",
"continue_pos_y":"0",
"continue_pos_z":"0",
"isDouble":1,
"rotation":0.000,
"appoint_frame":"0",
"appoint_skill":"0",
"isRepeat":0,
"locate_frame":0,
"locate_distance":0,
"hp_rate":0.000,
"target_buff_type":"0",
"target_buff_value":"0"
},
{
"id":12,
"sid":2012,
"name":"狂武的群魔乱舞",
"source":"KuangWuSkill5",
"hurt":100,
"durationFrame":50,
"attackIntervalFrame":5,
"unActionFrame":5,
"attackType":0,
"hurtMoveType":0,
"skillMoveType":0,
"skillProperty":0,
"hurtTime":0,
"fallDownHurt":0,
"collisionRange":75,
"isHurt":0,
"xPos":0,
"yPos":0,
"zPos":0,
"skillMoveX":0,
"skillMoveY":0,
"skillMoveZ":0,
"hurtMoveX":0,
"hurtMoveY":2,
"hurtMoveZ":0,
"roleMoveX":0,
"roleMoveY":0,
"roleMoveZ":0,
"handX":0,
"handY":0,
"handZ":0,
"atk_hurt":0,
"atk_rate":0.000,
"ats_hurt":210,
"ats_rate":1.000,
"chaos_hurt":0,
"buff_type":"0",
"buff_value":"0",
"nid":1141,
"shake":1,
"continue_skill":"0",
"continue_pos_x":"0",
"continue_pos_y":"0",
"continue_pos_z":"0",
"isDouble":0,
"rotation":0.000,
"appoint_frame":"0",
"appoint_skill":"0",
"isRepeat":0,
"locate_frame":0,
"locate_distance":0,
"hp_rate":0.000,
"target_buff_type":"0",
"target_buff_value":"0"
},
{
"id":13,
"sid":2013,
"name":"狂武的敲山震虎",
"source":"KuangWuSkill6",
"hurt":100,
"durationFrame":12,
"attackIntervalFrame":12,
"unActionFrame":5,
"attackType":0,
"hurtMoveType":0,
"skillMoveType":0,
"skillProperty":0,
"hurtTime":0,
"fallDownHurt":1,
"collisionRange":60,
"isHurt":0,
"xPos":0,
"yPos":0,
"zPos":0,
"skillMoveX":0,
"skillMoveY":0,
"skillMoveZ":0,
"hurtMoveX":5,
"hurtMoveY":17,
"hurtMoveZ":0,
"roleMoveX":0,
"roleMoveY":0,
"roleMoveZ":0,
"handX":0,
"handY":0,
"handZ":0,
"atk_hurt":0,
"atk_rate":0.000,
"ats_hurt":720,
"ats_rate":2.000,
"chaos_hurt":0,
"buff_type":"0",
"buff_value":"0",
"nid":1151,
"shake":1,
"continue_skill":"0",
"continue_pos_x":"0",
"continue_pos_y":"0",
"continue_pos_z":"0",
"isDouble":0,
"rotation":0.000,
"appoint_frame":"0",
"appoint_skill":"0",
"isRepeat":0,
"locate_frame":0,
"locate_distance":0,
"hp_rate":0.000,
"target_buff_type":"0",
"target_buff_value":"0"
},
{
"id":14,
"sid":2014,
"name":"狂武的狼拳风牙",
"source":"KuangWuSkill7_1",
"hurt":100,
"durationFrame":9,
"attackIntervalFrame":9,
"unActionFrame":30,
"attackType":0,
"hurtMoveType":1,
"skillMoveType":0,
"skillProperty":0,
"hurtTime":0,
"fallDownHurt":0,
"collisionRange":50,
"isHurt":0,
"xPos":130,
"yPos":10,
"zPos":0,
"skillMoveX":0,
"skillMoveY":0,
"skillMoveZ":0,
"hurtMoveX":0,
"hurtMoveY":0,
"hurtMoveZ":0,
"roleMoveX":0,
"roleMoveY":0,
"roleMoveZ":0,
"handX":0,
"handY":0,
"handZ":0,
"atk_hurt":0,
"atk_rate":0.000,
"ats_hurt":0,
"ats_rate":0.000,
"chaos_hurt":0,
"buff_type":"0",
"buff_value":"0",
"nid":1161,
"shake":1,
"continue_skill":"0",
"continue_pos_x":"0",
"continue_pos_y":"0",
"continue_pos_z":"0",
"isDouble":1,
"rotation":0.000,
"appoint_frame":"0",
"appoint_skill":"0",
"isRepeat":0,
"locate_frame":0,
"locate_distance":0,
"hp_rate":0.000,
"target_buff_type":"0",
"target_buff_value":"0"
},
{
"id":15,
"sid":2015,
"name":"狂武的狼拳风牙",
"source":"KuangWuSkill7_2",
"hurt":100,
"durationFrame":5,
"attackIntervalFrame":5,
"unActionFrame":5,
"attackType":0,
"hurtMoveType":0,
"skillMoveType":0,
"skillProperty":0,
"hurtTime":0,
"fallDownHurt":0,
"collisionRange":50,
"isHurt":0,
"xPos":30,
"yPos":0,
"zPos":0,
"skillMoveX":0,
"skillMoveY":0,
"skillMoveZ":0,
"hurtMoveX":40,
"hurtMoveY":6,
"hurtMoveZ":0,
"roleMoveX":0,
"roleMoveY":0,
"roleMoveZ":0,
"handX":0,
"handY":0,
"handZ":0,
"atk_hurt":910,
"atk_rate":2.700,
"ats_hurt":0,
"ats_rate":0.000,
"chaos_hurt":0,
"buff_type":"0",
"buff_value":"0",
"nid":1162,
"shake":1,
"continue_skill":"0",
"continue_pos_x":"0",
"continue_pos_y":"0",
"continue_pos_z":"0",
"isDouble":1,
"rotation":0.000,
"appoint_frame":"0",
"appoint_skill":"0",
"isRepeat":0,
"locate_frame":0,
"locate_distance":0,
"hp_rate":0.000,
"target_buff_type":"0",
"target_buff_value":"0"
},
{
"id":16,
"sid":2016,
"name":"狂武的猛虎下山前冲",
"source":"KuangWuSkill8_1",
"hurt":100,
"durationFrame":10,
"attackIntervalFrame":20,
"unActionFrame":30,
"attackType":0,
"hurtMoveType":4,
"skillMoveType":1,
"skillProperty":0,
"hurtTime":0,
"fallDownHurt":0,
"collisionRange":50,
"isHurt":0,
"xPos":50,
"yPos":0,
"zPos":0,
"skillMoveX":30,
"skillMoveY":0,
"skillMoveZ":0,
"hurtMoveX":20,
"hurtMoveY":0,
"hurtMoveZ":0,
"roleMoveX":30,
"roleMoveY":0,
"roleMoveZ":0,
"handX":0,
"handY":0,
"handZ":0,
"atk_hurt":0,
"atk_rate":0.000,
"ats_hurt":0,
"ats_rate":0.000,
"chaos_hurt":0,
"buff_type":"0",
"buff_value":"0",
"nid":1171,
"shake":1,
"continue_skill":"0",
"continue_pos_x":"0",
"continue_pos_y":"0",
"continue_pos_z":"0",
"isDouble":1,
"rotation":0.000,
"appoint_frame":"0",
"appoint_skill":"0",
"isRepeat":0,
"locate_frame":0,
"locate_distance":0,
"hp_rate":0.000,
"target_buff_type":"0",
"target_buff_value":"0"
},
{
"id":17,
"sid":2017,
"name":"狂武的猛虎下山上去",
"source":"KuangWuSkill8_2",
"hurt":100,
"durationFrame":10,
"attackIntervalFrame":2,
"unActionFrame":10,
"attackType":0,
"hurtMoveType":4,
"skillMoveType":2,
"skillProperty":0,
"hurtTime":0,
"fallDownHurt":0,
"collisionRange":50,
"isHurt":0,
"xPos":0,
"yPos":0,
"zPos":0,
"skillMoveX":0,
"skillMoveY":-70,
"skillMoveZ":0,
"hurtMoveX":0,
"hurtMoveY":70,
"hurtMoveZ":0,
"roleMoveX":0,
"roleMoveY":-70,
"roleMoveZ":0,
"handX":15,
"handY":0,
"handZ":0,
"atk_hurt":0,
"atk_rate":0.000,
"ats_hurt":0,
"ats_rate":0.000,
"chaos_hurt":0,
"buff_type":"0",
"buff_value":"0",
"nid":1172,
"shake":1,
"continue_skill":"0",
"continue_pos_x":"0",
"continue_pos_y":"0",
"continue_pos_z":"0",
"isDouble":0,
"rotation":0.000,
"appoint_frame":"0",
"appoint_skill":"0",
"isRepeat":0,
"locate_frame":0,
"locate_distance":0,
"hp_rate":0.000,
"target_buff_type":"0",
"target_buff_value":"0"
},
{
"id":18,
"sid":2018,
"name":"狂武的猛虎下山下来",
"source":"KuangWuSkill8_3",
"hurt":100,
"durationFrame":10,
"attackIntervalFrame":2,
"unActionFrame":10,
"attackType":0,
"hurtMoveType":4,
"skillMoveType":2,
"skillProperty":0,
"hurtTime":0,
"fallDownHurt":0,
"collisionRange":50,
"isHurt":0,
"xPos":0,
"yPos":-90,
"zPos":0,
"skillMoveX":0,
"skillMoveY":70,
"skillMoveZ":0,
"hurtMoveX":0,
"hurtMoveY":-70,
"hurtMoveZ":0,
"roleMoveX":0,
"roleMoveY":70,
"roleMoveZ":0,
"handX":15,
"handY":0,
"handZ":0,
"atk_hurt":0,
"atk_rate":0.000,
"ats_hurt":0,
"ats_rate":0.000,
"chaos_hurt":0,
"buff_type":"0",
"buff_value":"0",
"nid":1173,
"shake":1,
"continue_skill":"0",
"continue_pos_x":"0",
"continue_pos_y":"0",
"continue_pos_z":"0",
"isDouble":0,
"rotation":0.000,
"appoint_frame":"0",
"appoint_skill":"0",
"isRepeat":0,
"locate_frame":0,
"locate_distance":0,
"hp_rate":0.000,
"target_buff_type":"0",
"target_buff_value":"0"
},
{
"id":19,
"sid":2019,
"name":"狂武的猛虎下山最后的闪电",
"source":"KuangWuSkill8_4",
"hurt":100,
"durationFrame":12,
"attackIntervalFrame":12,
"unActionFrame":5,
"attackType":0,
"hurtMoveType":0,
"skillMoveType":0,
"skillProperty":0,
"hurtTime":0,
"fallDownHurt":1,
"collisionRange":60,
"isHurt":0,
"xPos":0,
"yPos":-45,
"zPos":0,
"skillMoveX":0,
"skillMoveY":0,
"skillMoveZ":0,
"hurtMoveX":0,
"hurtMoveY":17,
"hurtMoveZ":0,
"roleMoveX":0,
"roleMoveY":0,
"roleMoveZ":0,
"handX":0,
"handY":0,
"handZ":0,
"atk_hurt":1100,
"atk_rate":3.600,
"ats_hurt":0,
"ats_rate":0.000,
"chaos_hurt":0,
"buff_type":"0",
"buff_value":"0",
"nid":1174,
"shake":1,
"continue_skill":"0",
"continue_pos_x":"0",
"continue_pos_y":"0",
"continue_pos_z":"0",
"isDouble":0,
"rotation":0.000,
"appoint_frame":"0",
"appoint_skill":"0",
"isRepeat":0,
"locate_frame":0,
"locate_distance":0,
"hp_rate":0.000,
"target_buff_type":"0",
"target_buff_value":"0"
},
{
"id":20,
"sid":2010,
"name":"狂武的嗜血狂暴",
"source":"KuangWuSkill9",
"hurt":100,
"durationFrame":15,
"attackIntervalFrame":20,
"unActionFrame":30,
"attackType":3,
"hurtMoveType":0,
"skillMoveType":0,
"skillProperty":0,
"hurtTime":0,
"fallDownHurt":0,
"collisionRange":50,
"isHurt":0,
"xPos":0,
"yPos":0,
"zPos":0,
"skillMoveX":0,
"skillMoveY":0,
"skillMoveZ":0,
"hurtMoveX":0,
"hurtMoveY":0,
"hurtMoveZ":0,
"roleMoveX":0,
"roleMoveY":0,
"roleMoveZ":0,
"handX":0,
"handY":0,
"handZ":0,
"atk_hurt":0,
"atk_rate":0.000,
"ats_hurt":0,
"ats_rate":0.000,
"chaos_hurt":0,
"buff_type":"0",
"buff_value":"0",
"nid":1181,
"shake":0,
"continue_skill":"0",
"continue_pos_x":"0",
"continue_pos_y":"0",
"continue_pos_z":"0",
"isDouble":0,
"rotation":0.000,
"appoint_frame":"0",
"appoint_skill":"0",
"isRepeat":0,
"locate_frame":0,
"locate_distance":0,
"hp_rate":0.000,
"target_buff_type":"0",
"target_buff_value":"0"
},
{
"id":21,
"sid":2021,
"name":"狂武的天狼爆破吸得效果",
"source":"KuangWuSkill10_1",
"hurt":100,
"durationFrame":9,
"attackIntervalFrame":4,
"unActionFrame":5,
"attackType":0,
"hurtMoveType":2,
"skillMoveType":0,
"skillProperty":0,
"hurtTime":0,
"fallDownHurt":0,
"collisionRange":60,
"isHurt":0,
"xPos":110,
"yPos":0,
"zPos":0,
"skillMoveX":0,
"skillMoveY":0,
"skillMoveZ":0,
"hurtMoveX":-5,
"hurtMoveY":-5,
"hurtMoveZ":0,
"roleMoveX":0,
"roleMoveY":0,
"roleMoveZ":0,
"handX":0,
"handY":0,
"handZ":0,
"atk_hurt":88,
"atk_rate":0.400,
"ats_hurt":0,
"ats_rate":0.000,
"chaos_hurt":0,
"buff_type":"0",
"buff_value":"0",
"nid":1191,
"shake":1,
"continue_skill":"0",
"continue_pos_x":"0",
"continue_pos_y":"0",
"continue_pos_z":"0",
"isDouble":0,
"rotation":0.000,
"appoint_frame":"0",
"appoint_skill":"0",
"isRepeat":0,
"locate_frame":0,
"locate_distance":0,
"hp_rate":0.000,
"target_buff_type":"0",
"target_buff_value":"0"
},
{
"id":22,
"sid":2022,
"name":"狂武的天狼爆破（无用的）",
"source":"KuangWuSkill10_2",
"hurt":100,
"durationFrame":8,
"attackIntervalFrame":4,
"unActionFrame":10,
"attackType":0,
"hurtMoveType":0,
"skillMoveType":0,
"skillProperty":0,
"hurtTime":0,
"fallDownHurt":0,
"collisionRange":50,
"isHurt":0,
"xPos":110,
"yPos":0,
"zPos":0,
"skillMoveX":0,
"skillMoveY":0,
"skillMoveZ":0,
"hurtMoveX":0,
"hurtMoveY":0,
"hurtMoveZ":0,
"roleMoveX":0,
"roleMoveY":0,
"roleMoveZ":0,
"handX":0,
"handY":0,
"handZ":0,
"atk_hurt":0,
"atk_rate":0.000,
"ats_hurt":0,
"ats_rate":0.000,
"chaos_hurt":0,
"buff_type":"0",
"buff_value":"0",
"nid":1192,
"shake":1,
"continue_skill":"0",
"continue_pos_x":"0",
"continue_pos_y":"0",
"continue_pos_z":"0",
"isDouble":0,
"rotation":0.000,
"appoint_frame":"0",
"appoint_skill":"0",
"isRepeat":0,
"locate_frame":0,
"locate_distance":0,
"hp_rate":0.000,
"target_buff_type":"0",
"target_buff_value":"0"
},
{
"id":23,
"sid":2023,
"name":"狂武的天狼爆破击出的效果",
"source":"KuangWuSkill10_3",
"hurt":100,
"durationFrame":7,
"attackIntervalFrame":20,
"unActionFrame":30,
"attackType":0,
"hurtMoveType":0,
"skillMoveType":0,
"skillProperty":0,
"hurtTime":0,
"fallDownHurt":0,
"collisionRange":50,
"isHurt":0,
"xPos":60,
"yPos":0,
"zPos":0,
"skillMoveX":0,
"skillMoveY":0,
"skillMoveZ":0,
"hurtMoveX":0,
"hurtMoveY":0,
"hurtMoveZ":0,
"roleMoveX":0,
"roleMoveY":0,
"roleMoveZ":0,
"handX":0,
"handY":0,
"handZ":0,
"atk_hurt":220,
"atk_rate":1.000,
"ats_hurt":0,
"ats_rate":0.000,
"chaos_hurt":0,
"buff_type":"0",
"buff_value":"0",
"nid":1193,
"shake":1,
"continue_skill":"0",
"continue_pos_x":"0",
"continue_pos_y":"0",
"continue_pos_z":"0",
"isDouble":1,
"rotation":0.000,
"appoint_frame":"0",
"appoint_skill":"0",
"isRepeat":0,
"locate_frame":0,
"locate_distance":0,
"hp_rate":0.000,
"target_buff_type":"0",
"target_buff_value":"0"
},
{
"id":24,
"sid":2022,
"name":"狂武的天狼爆破飞出的球",
"source":"KuangWuSkill10_2",
"hurt":100,
"durationFrame":6,
"attackIntervalFrame":4,
"unActionFrame":10,
"attackType":0,
"hurtMoveType":0,
"skillMoveType":1,
"skillProperty":0,
"hurtTime":0,
"fallDownHurt":0,
"collisionRange":60,
"isHurt":0,
"xPos":110,
"yPos":0,
"zPos":0,
"skillMoveX":50,
"skillMoveY":0,
"skillMoveZ":0,
"hurtMoveX":55,
"hurtMoveY":0,
"hurtMoveZ":0,
"roleMoveX":0,
"roleMoveY":0,
"roleMoveZ":0,
"handX":0,
"handY":0,
"handZ":0,
"atk_hurt":88,
"atk_rate":0.400,
"ats_hurt":0,
"ats_rate":0.000,
"chaos_hurt":0,
"buff_type":"0",
"buff_value":"0",
"nid":1194,
"shake":1,
"continue_skill":"0",
"continue_pos_x":"0",
"continue_pos_y":"0",
"continue_pos_z":"0",
"isDouble":0,
"rotation":0.000,
"appoint_frame":"0",
"appoint_skill":"0",
"isRepeat":0,
"locate_frame":0,
"locate_distance":0,
"hp_rate":0.000,
"target_buff_type":"0",
"target_buff_value":"0"
},
{
"id":25,
"sid":2024,
"name":"狂武的天狼爆破最后的爆炸",
"source":"KuangWuSkill10_4",
"hurt":100,
"durationFrame":9,
"attackIntervalFrame":9,
"unActionFrame":5,
"attackType":0,
"hurtMoveType":0,
"skillMoveType":0,
"skillProperty":0,
"hurtTime":0,
"fallDownHurt":0,
"collisionRange":70,
"isHurt":0,
"xPos":450,
"yPos":0,
"zPos":0,
"skillMoveX":0,
"skillMoveY":0,
"skillMoveZ":0,
"hurtMoveX":10,
"hurtMoveY":18,
"hurtMoveZ":0,
"roleMoveX":0,
"roleMoveY":0,
"roleMoveZ":0,
"handX":0,
"handY":0,
"handZ":0,
"atk_hurt":830,
"atk_rate":6.000,
"ats_hurt":0,
"ats_rate":0.000,
"chaos_hurt":0,
"buff_type":"0",
"buff_value":"0",
"nid":1195,
"shake":1,
"continue_skill":"0",
"continue_pos_x":"0",
"continue_pos_y":"0",
"continue_pos_z":"0",
"isDouble":0,
"rotation":0.000,
"appoint_frame":"0",
"appoint_skill":"0",
"isRepeat":0,
"locate_frame":0,
"locate_distance":0,
"hp_rate":0.000,
"target_buff_type":"0",
"target_buff_value":"0"
},
{
"id":26,
"sid":2025,
"name":"狂武的魔龙戏珠",
"source":"KuangWuSkill2_2",
"hurt":100,
"durationFrame":12,
"attackIntervalFrame":12,
"unActionFrame":20,
"attackType":0,
"hurtMoveType":1,
"skillMoveType":0,
"skillProperty":0,
"hurtTime":0,
"fallDownHurt":0,
"collisionRange":50,
"isHurt":0,
"xPos":20,
"yPos":15,
"zPos":0,
"skillMoveX":0,
"skillMoveY":0,
"skillMoveZ":0,
"hurtMoveX":0,
"hurtMoveY":0,
"hurtMoveZ":0,
"roleMoveX":0,
"roleMoveY":0,
"roleMoveZ":0,
"handX":0,
"handY":0,
"handZ":0,
"atk_hurt":0,
"atk_rate":0.000,
"ats_hurt":440,
"ats_rate":1.300,
"chaos_hurt":0,
"buff_type":"0",
"buff_value":"0",
"nid":1112,
"shake":0,
"continue_skill":"0",
"continue_pos_x":"0",
"continue_pos_y":"0",
"continue_pos_z":"0",
"isDouble":1,
"rotation":0.000,
"appoint_frame":"0",
"appoint_skill":"0",
"isRepeat":0,
"locate_frame":0,
"locate_distance":0,
"hp_rate":0.000,
"target_buff_type":"0",
"target_buff_value":"0"
},
{
"id":27,
"sid":2100,
"name":"逍遥的普通攻击1",
"source":"XiaoYaoCommonHit1",
"hurt":50,
"durationFrame":7,
"attackIntervalFrame":7,
"unActionFrame":11,
"attackType":0,
"hurtMoveType":0,
"skillMoveType":1,
"skillProperty":0,
"hurtTime":0,
"fallDownHurt":0,
"collisionRange":50,
"isHurt":0,
"xPos":100,
"yPos":25,
"zPos":0,
"skillMoveX":2,
"skillMoveY":0,
"skillMoveZ":0,
"hurtMoveX":3,
"hurtMoveY":0,
"hurtMoveZ":0,
"roleMoveX":2,
"roleMoveY":0,
"roleMoveZ":0,
"handX":4,
"handY":0,
"handZ":0,
"atk_hurt":0,
"atk_rate":1.000,
"ats_hurt":0,
"ats_rate":0.000,
"chaos_hurt":0,
"buff_type":"0",
"buff_value":"0",
"nid":2001,
"shake":0,
"continue_skill":"0",
"continue_pos_x":"0",
"continue_pos_y":"0",
"continue_pos_z":"0",
"isDouble":1,
"rotation":0.000,
"appoint_frame":"0",
"appoint_skill":"0",
"isRepeat":0,
"locate_frame":0,
"locate_distance":0,
"hp_rate":0.000,
"target_buff_type":"0",
"target_buff_value":"0"
},
{
"id":28,
"sid":2101,
"name":"逍遥的普通攻击2",
"source":"XiaoYaoCommonHit2",
"hurt":50,
"durationFrame":5,
"attackIntervalFrame":5,
"unActionFrame":13,
"attackType":0,
"hurtMoveType":0,
"skillMoveType":1,
"skillProperty":0,
"hurtTime":0,
"fallDownHurt":0,
"collisionRange":50,
"isHurt":0,
"xPos":95,
"yPos":10,
"zPos":0,
"skillMoveX":1,
"skillMoveY":0,
"skillMoveZ":0,
"hurtMoveX":6,
"hurtMoveY":0,
"hurtMoveZ":0,
"roleMoveX":1,
"roleMoveY":0,
"roleMoveZ":0,
"handX":4,
"handY":0,
"handZ":0,
"atk_hurt":0,
"atk_rate":1.050,
"ats_hurt":0,
"ats_rate":0.000,
"chaos_hurt":0,
"buff_type":"0",
"buff_value":"0",
"nid":2002,
"shake":0,
"continue_skill":"0",
"continue_pos_x":"0",
"continue_pos_y":"0",
"continue_pos_z":"0",
"isDouble":1,
"rotation":0.000,
"appoint_frame":"0",
"appoint_skill":"0",
"isRepeat":0,
"locate_frame":0,
"locate_distance":0,
"hp_rate":0.000,
"target_buff_type":"0",
"target_buff_value":"0"
},
{
"id":29,
"sid":2102,
"name":"逍遥的普通攻击3",
"source":"XiaoYaoCommonHit3",
"hurt":50,
"durationFrame":5,
"attackIntervalFrame":5,
"unActionFrame":13,
"attackType":0,
"hurtMoveType":0,
"skillMoveType":1,
"skillProperty":0,
"hurtTime":0,
"fallDownHurt":0,
"collisionRange":50,
"isHurt":0,
"xPos":55,
"yPos":-15,
"zPos":0,
"skillMoveX":3,
"skillMoveY":0,
"skillMoveZ":0,
"hurtMoveX":8,
"hurtMoveY":0,
"hurtMoveZ":0,
"roleMoveX":3,
"roleMoveY":0,
"roleMoveZ":0,
"handX":4,
"handY":0,
"handZ":0,
"atk_hurt":0,
"atk_rate":1.040,
"ats_hurt":0,
"ats_rate":0.000,
"chaos_hurt":0,
"buff_type":"0",
"buff_value":"0",
"nid":2003,
"shake":0,
"continue_skill":"0",
"continue_pos_x":"0",
"continue_pos_y":"0",
"continue_pos_z":"0",
"isDouble":1,
"rotation":0.000,
"appoint_frame":"0",
"appoint_skill":"0",
"isRepeat":0,
"locate_frame":0,
"locate_distance":0,
"hp_rate":0.000,
"target_buff_type":"0",
"target_buff_value":"0"
},
{
"id":30,
"sid":2103,
"name":"逍遥的普通攻击4",
"source":"XiaoYaoCommonHit4",
"hurt":50,
"durationFrame":7,
"attackIntervalFrame":7,
"unActionFrame":2,
"attackType":0,
"hurtMoveType":0,
"skillMoveType":1,
"skillProperty":0,
"hurtTime":0,
"fallDownHurt":0,
"collisionRange":50,
"isHurt":0,
"xPos":110,
"yPos":-5,
"zPos":0,
"skillMoveX":4,
"skillMoveY":0,
"skillMoveZ":0,
"hurtMoveX":8,
"hurtMoveY":20,
"hurtMoveZ":0,
"roleMoveX":4,
"roleMoveY":0,
"roleMoveZ":0,
"handX":4,
"handY":0,
"handZ":0,
"atk_hurt":0,
"atk_rate":1.100,
"ats_hurt":0,
"ats_rate":0.000,
"chaos_hurt":0,
"buff_type":"0",
"buff_value":"0",
"nid":2004,
"shake":1,
"continue_skill":"0",
"continue_pos_x":"0",
"continue_pos_y":"0",
"continue_pos_z":"0",
"isDouble":1,
"rotation":0.000,
"appoint_frame":"0",
"appoint_skill":"0",
"isRepeat":0,
"locate_frame":0,
"locate_distance":0,
"hp_rate":0.000,
"target_buff_type":"0",
"target_buff_value":"0"
},
{
"id":31,
"sid":2104,
"name":"逍遥的前冲",
"source":"XiaoYaoRunHit",
"hurt":100,
"durationFrame":7,
"attackIntervalFrame":5,
"unActionFrame":13,
"attackType":0,
"hurtMoveType":0,
"skillMoveType":1,
"skillProperty":0,
"hurtTime":0,
"fallDownHurt":0,
"collisionRange":50,
"isHurt":0,
"xPos":60,
"yPos":20,
"zPos":1,
"skillMoveX":26,
"skillMoveY":0,
"skillMoveZ":0,
"hurtMoveX":16,
"hurtMoveY":0,
"hurtMoveZ":0,
"roleMoveX":26,
"roleMoveY":0,
"roleMoveZ":0,
"handX":0,
"handY":0,
"handZ":0,
"atk_hurt":0,
"atk_rate":0.550,
"ats_hurt":0,
"ats_rate":0.000,
"chaos_hurt":0,
"buff_type":"0",
"buff_value":"0",
"nid":2005,
"shake":3,
"continue_skill":"0",
"continue_pos_x":"0",
"continue_pos_y":"0",
"continue_pos_z":"0",
"isDouble":1,
"rotation":0.000,
"appoint_frame":"0",
"appoint_skill":"0",
"isRepeat":0,
"locate_frame":0,
"locate_distance":0,
"hp_rate":0.000,
"target_buff_type":"0",
"target_buff_value":"0"
},
{
"id":32,
"sid":2105,
"name":"逍遥的空中攻击",
"source":"XiaoYaoJumpHit",
"hurt":100,
"durationFrame":7,
"attackIntervalFrame":7,
"unActionFrame":5,
"attackType":0,
"hurtMoveType":0,
"skillMoveType":0,
"skillProperty":0,
"hurtTime":0,
"fallDownHurt":0,
"collisionRange":50,
"isHurt":0,
"xPos":60,
"yPos":10,
"zPos":0,
"skillMoveX":0,
"skillMoveY":0,
"skillMoveZ":0,
"hurtMoveX":0,
"hurtMoveY":0,
"hurtMoveZ":0,
"roleMoveX":0,
"roleMoveY":0,
"roleMoveZ":0,
"handX":0,
"handY":0,
"handZ":0,
"atk_hurt":0,
"atk_rate":1.000,
"ats_hurt":0,
"ats_rate":0.000,
"chaos_hurt":0,
"buff_type":"0",
"buff_value":"0",
"nid":2006,
"shake":3,
"continue_skill":"0",
"continue_pos_x":"0",
"continue_pos_y":"0",
"continue_pos_z":"0",
"isDouble":1,
"rotation":0.000,
"appoint_frame":"0",
"appoint_skill":"0",
"isRepeat":0,
"locate_frame":0,
"locate_distance":0,
"hp_rate":0.000,
"target_buff_type":"0",
"target_buff_value":"0"
},
{
"id":33,
"sid":2106,
"name":"逍遥的空中压制攻击1",
"source":"XiaoYaoJumpPressHit1",
"hurt":100,
"durationFrame":9,
"attackIntervalFrame":9,
"unActionFrame":2,
"attackType":0,
"hurtMoveType":0,
"skillMoveType":4,
"skillProperty":0,
"hurtTime":0,
"fallDownHurt":0,
"collisionRange":50,
"isHurt":0,
"xPos":15,
"yPos":80,
"zPos":0,
"skillMoveX":0,
"skillMoveY":50,
"skillMoveZ":0,
"hurtMoveX":0,
"hurtMoveY":-30,
"hurtMoveZ":0,
"roleMoveX":0,
"roleMoveY":0,
"roleMoveZ":0,
"handX":0,
"handY":0,
"handZ":0,
"atk_hurt":0,
"atk_rate":0.500,
"ats_hurt":0,
"ats_rate":0.000,
"chaos_hurt":0,
"buff_type":"0",
"buff_value":"0",
"nid":2007,
"shake":0,
"continue_skill":"0",
"continue_pos_x":"0",
"continue_pos_y":"0",
"continue_pos_z":"0",
"isDouble":1,
"rotation":0.000,
"appoint_frame":"0",
"appoint_skill":"0",
"isRepeat":0,
"locate_frame":0,
"locate_distance":0,
"hp_rate":0.000,
"target_buff_type":"0",
"target_buff_value":"0"
},
{
"id":34,
"sid":2107,
"name":"逍遥的空中压制攻击2",
"source":"XiaoYaoJumpPressHit2",
"hurt":100,
"durationFrame":6,
"attackIntervalFrame":6,
"unActionFrame":2,
"attackType":0,
"hurtMoveType":0,
"skillMoveType":0,
"skillProperty":0,
"hurtTime":0,
"fallDownHurt":0,
"collisionRange":50,
"isHurt":0,
"xPos":0,
"yPos":50,
"zPos":-1,
"skillMoveX":0,
"skillMoveY":0,
"skillMoveZ":0,
"hurtMoveX":0,
"hurtMoveY":15,
"hurtMoveZ":0,
"roleMoveX":0,
"roleMoveY":0,
"roleMoveZ":0,
"handX":0,
"handY":0,
"handZ":0,
"atk_hurt":0,
"atk_rate":1.100,
"ats_hurt":0,
"ats_rate":0.000,
"chaos_hurt":0,
"buff_type":"0",
"buff_value":"0",
"nid":2008,
"shake":2,
"continue_skill":"0",
"continue_pos_x":"0",
"continue_pos_y":"0",
"continue_pos_z":"0",
"isDouble":0,
"rotation":0.000,
"appoint_frame":"0",
"appoint_skill":"0",
"isRepeat":0,
"locate_frame":0,
"locate_distance":0,
"hp_rate":0.000,
"target_buff_type":"0",
"target_buff_value":"0"
},
{
"id":35,
"sid":2108,
"name":"逍遥的龙渊护身",
"source":"XiaoYaoSkill1",
"hurt":100,
"durationFrame":12,
"attackIntervalFrame":12,
"unActionFrame":20,
"attackType":3,
"hurtMoveType":0,
"skillMoveType":0,
"skillProperty":0,
"hurtTime":0,
"fallDownHurt":0,
"collisionRange":50,
"isHurt":0,
"xPos":20,
"yPos":10,
"zPos":1,
"skillMoveX":0,
"skillMoveY":0,
"skillMoveZ":0,
"hurtMoveX":0,
"hurtMoveY":0,
"hurtMoveZ":0,
"roleMoveX":0,
"roleMoveY":0,
"roleMoveZ":0,
"handX":0,
"handY":0,
"handZ":0,
"atk_hurt":0,
"atk_rate":0.000,
"ats_hurt":0,
"ats_rate":0.000,
"chaos_hurt":0,
"buff_type":"0",
"buff_value":"0",
"nid":2101,
"shake":0,
"continue_skill":"0",
"continue_pos_x":"0",
"continue_pos_y":"0",
"continue_pos_z":"0",
"isDouble":1,
"rotation":0.000,
"appoint_frame":"0",
"appoint_skill":"0",
"isRepeat":0,
"locate_frame":0,
"locate_distance":0,
"hp_rate":0.000,
"target_buff_type":"0",
"target_buff_value":"0"
},
{
"id":36,
"sid":2109,
"name":"逍遥的泰阿飞溅1",
"source":"XiaoYaoSkill2",
"hurt":100,
"durationFrame":18,
"attackIntervalFrame":18,
"unActionFrame":6,
"attackType":0,
"hurtMoveType":0,
"skillMoveType":1,
"skillProperty":0,
"hurtTime":0,
"fallDownHurt":0,
"collisionRange":50,
"isHurt":0,
"xPos":100,
"yPos":50,
"zPos":0,
"skillMoveX":0,
"skillMoveY":0,
"skillMoveZ":0,
"hurtMoveX":8,
"hurtMoveY":10,
"hurtMoveZ":0,
"roleMoveX":0,
"roleMoveY":0,
"roleMoveZ":0,
"handX":0,
"handY":0,
"handZ":0,
"atk_hurt":0,
"atk_rate":0.000,
"ats_hurt":300,
"ats_rate":1.200,
"chaos_hurt":0,
"buff_type":"0",
"buff_value":"0",
"nid":2111,
"shake":1,
"continue_skill":"0",
"continue_pos_x":"0",
"continue_pos_y":"0",
"continue_pos_z":"0",
"isDouble":0,
"rotation":0.000,
"appoint_frame":"0",
"appoint_skill":"0",
"isRepeat":0,
"locate_frame":0,
"locate_distance":0,
"hp_rate":0.000,
"target_buff_type":"0",
"target_buff_value":"0"
},
{
"id":37,
"sid":2109,
"name":"逍遥的泰阿飞溅2",
"source":"XiaoYaoSkill2",
"hurt":100,
"durationFrame":18,
"attackIntervalFrame":18,
"unActionFrame":6,
"attackType":0,
"hurtMoveType":0,
"skillMoveType":1,
"skillProperty":0,
"hurtTime":0,
"fallDownHurt":0,
"collisionRange":50,
"isHurt":0,
"xPos":220,
"yPos":50,
"zPos":0,
"skillMoveX":0,
"skillMoveY":0,
"skillMoveZ":0,
"hurtMoveX":8,
"hurtMoveY":10,
"hurtMoveZ":0,
"roleMoveX":0,
"roleMoveY":0,
"roleMoveZ":0,
"handX":0,
"handY":0,
"handZ":0,
"atk_hurt":0,
"atk_rate":0.000,
"ats_hurt":300,
"ats_rate":1.200,
"chaos_hurt":0,
"buff_type":"0",
"buff_value":"0",
"nid":2112,
"shake":1,
"continue_skill":"0",
"continue_pos_x":"0",
"continue_pos_y":"0",
"continue_pos_z":"0",
"isDouble":0,
"rotation":0.000,
"appoint_frame":"0",
"appoint_skill":"0",
"isRepeat":0,
"locate_frame":0,
"locate_distance":0,
"hp_rate":0.000,
"target_buff_type":"0",
"target_buff_value":"0"
},
{
"id":38,
"sid":2109,
"name":"逍遥的泰阿飞溅3",
"source":"XiaoYaoSkill2",
"hurt":100,
"durationFrame":18,
"attackIntervalFrame":18,
"unActionFrame":6,
"attackType":0,
"hurtMoveType":0,
"skillMoveType":1,
"skillProperty":0,
"hurtTime":0,
"fallDownHurt":0,
"collisionRange":50,
"isHurt":0,
"xPos":340,
"yPos":50,
"zPos":0,
"skillMoveX":0,
"skillMoveY":0,
"skillMoveZ":0,
"hurtMoveX":8,
"hurtMoveY":10,
"hurtMoveZ":0,
"roleMoveX":0,
"roleMoveY":0,
"roleMoveZ":0,
"handX":0,
"handY":0,
"handZ":0,
"atk_hurt":0,
"atk_rate":0.000,
"ats_hurt":300,
"ats_rate":1.200,
"chaos_hurt":0,
"buff_type":"0",
"buff_value":"0",
"nid":2113,
"shake":1,
"continue_skill":"0",
"continue_pos_x":"0",
"continue_pos_y":"0",
"continue_pos_z":"0",
"isDouble":0,
"rotation":0.000,
"appoint_frame":"0",
"appoint_skill":"0",
"isRepeat":0,
"locate_frame":0,
"locate_distance":0,
"hp_rate":0.000,
"target_buff_type":"0",
"target_buff_value":"0"
},
{
"id":39,
"sid":2110,
"name":"逍遥的赤霄贯通",
"source":"XiaoYaoSkill3",
"hurt":100,
"durationFrame":24,
"attackIntervalFrame":24,
"unActionFrame":6,
"attackType":0,
"hurtMoveType":0,
"skillMoveType":1,
"skillProperty":0,
"hurtTime":0,
"fallDownHurt":0,
"collisionRange":45,
"isHurt":0,
"xPos":50,
"yPos":10,
"zPos":0,
"skillMoveX":40,
"skillMoveY":0,
"skillMoveZ":0,
"hurtMoveX":15,
"hurtMoveY":6,
"hurtMoveZ":0,
"roleMoveX":0,
"roleMoveY":0,
"roleMoveZ":0,
"handX":0,
"handY":0,
"handZ":0,
"atk_hurt":0,
"atk_rate":0.000,
"ats_hurt":1100,
"ats_rate":3.600,
"chaos_hurt":0,
"buff_type":"0",
"buff_value":"0",
"nid":2121,
"shake":1,
"continue_skill":"0",
"continue_pos_x":"0",
"continue_pos_y":"0",
"continue_pos_z":"0",
"isDouble":1,
"rotation":0.000,
"appoint_frame":"0",
"appoint_skill":"0",
"isRepeat":0,
"locate_frame":0,
"locate_distance":0,
"hp_rate":0.000,
"target_buff_type":"0",
"target_buff_value":"0"
},
{
"id":40,
"sid":2111,
"name":"逍遥的湛卢破天1",
"source":"XiaoYaoSkill4_1",
"hurt":100,
"durationFrame":22,
"attackIntervalFrame":22,
"unActionFrame":22,
"attackType":3,
"hurtMoveType":0,
"skillMoveType":0,
"skillProperty":0,
"hurtTime":0,
"fallDownHurt":0,
"collisionRange":50,
"isHurt":0,
"xPos":0,
"yPos":0,
"zPos":0,
"skillMoveX":2,
"skillMoveY":0,
"skillMoveZ":0,
"hurtMoveX":0,
"hurtMoveY":0,
"hurtMoveZ":0,
"roleMoveX":0,
"roleMoveY":0,
"roleMoveZ":0,
"handX":0,
"handY":0,
"handZ":0,
"atk_hurt":0,
"atk_rate":0.000,
"ats_hurt":0,
"ats_rate":0.000,
"chaos_hurt":0,
"buff_type":"0",
"buff_value":"0",
"nid":2131,
"shake":1,
"continue_skill":"0",
"continue_pos_x":"0",
"continue_pos_y":"0",
"continue_pos_z":"0",
"isDouble":0,
"rotation":0.000,
"appoint_frame":"0",
"appoint_skill":"0",
"isRepeat":0,
"locate_frame":0,
"locate_distance":0,
"hp_rate":0.000,
"target_buff_type":"0",
"target_buff_value":"0"
},
{
"id":41,
"sid":2112,
"name":"逍遥的湛卢破天2",
"source":"XiaoYaoSkill4_2",
"hurt":100,
"durationFrame":31,
"attackIntervalFrame":31,
"unActionFrame":2,
"attackType":0,
"hurtMoveType":0,
"skillMoveType":0,
"skillProperty":0,
"hurtTime":1,
"fallDownHurt":1,
"collisionRange":65,
"isHurt":0,
"xPos":250,
"yPos":-270,
"zPos":0,
"skillMoveX":2,
"skillMoveY":0,
"skillMoveZ":0,
"hurtMoveX":6,
"hurtMoveY":17,
"hurtMoveZ":0,
"roleMoveX":0,
"roleMoveY":0,
"roleMoveZ":0,
"handX":0,
"handY":0,
"handZ":0,
"atk_hurt":1450,
"atk_rate":4.400,
"ats_hurt":0,
"ats_rate":0.000,
"chaos_hurt":0,
"buff_type":"0",
"buff_value":"0",
"nid":2132,
"shake":1,
"continue_skill":"0",
"continue_pos_x":"0",
"continue_pos_y":"0",
"continue_pos_z":"0",
"isDouble":0,
"rotation":0.000,
"appoint_frame":"0",
"appoint_skill":"0",
"isRepeat":0,
"locate_frame":0,
"locate_distance":0,
"hp_rate":0.000,
"target_buff_type":"0",
"target_buff_value":"0"
},
{
"id":42,
"sid":2113,
"name":"逍遥的轩辕创世1",
"source":"XiaoYaoSkill5",
"hurt":100,
"durationFrame":12,
"attackIntervalFrame":12,
"unActionFrame":20,
"attackType":3,
"hurtMoveType":0,
"skillMoveType":0,
"skillProperty":0,
"hurtTime":0,
"fallDownHurt":0,
"collisionRange":50,
"isHurt":0,
"xPos":60,
"yPos":-30,
"zPos":0,
"skillMoveX":2,
"skillMoveY":0,
"skillMoveZ":0,
"hurtMoveX":0,
"hurtMoveY":0,
"hurtMoveZ":0,
"roleMoveX":0,
"roleMoveY":0,
"roleMoveZ":0,
"handX":0,
"handY":0,
"handZ":0,
"atk_hurt":0,
"atk_rate":0.000,
"ats_hurt":0,
"ats_rate":0.000,
"chaos_hurt":0,
"buff_type":"0",
"buff_value":"0",
"nid":2141,
"shake":0,
"continue_skill":"0",
"continue_pos_x":"0",
"continue_pos_y":"0",
"continue_pos_z":"0",
"isDouble":0,
"rotation":0.000,
"appoint_frame":"0",
"appoint_skill":"0",
"isRepeat":0,
"locate_frame":0,
"locate_distance":0,
"hp_rate":0.000,
"target_buff_type":"0",
"target_buff_value":"0"
},
{
"id":43,
"sid":2114,
"name":"逍遥的迷踪影步",
"source":"XiaoYaoSkillStatus",
"hurt":100,
"durationFrame":4,
"attackIntervalFrame":4,
"unActionFrame":30,
"attackType":3,
"hurtMoveType":4,
"skillMoveType":1,
"skillProperty":0,
"hurtTime":0,
"fallDownHurt":0,
"collisionRange":50,
"isHurt":0,
"xPos":0,
"yPos":15,
"zPos":0,
"skillMoveX":40,
"skillMoveY":0,
"skillMoveZ":0,
"hurtMoveX":0,
"hurtMoveY":0,
"hurtMoveZ":0,
"roleMoveX":40,
"roleMoveY":0,
"roleMoveZ":0,
"handX":0,
"handY":0,
"handZ":0,
"atk_hurt":0,
"atk_rate":0.000,
"ats_hurt":0,
"ats_rate":0.000,
"chaos_hurt":0,
"buff_type":"0",
"buff_value":"0",
"nid":2151,
"shake":0,
"continue_skill":"0",
"continue_pos_x":"0",
"continue_pos_y":"0",
"continue_pos_z":"0",
"isDouble":1,
"rotation":0.000,
"appoint_frame":"0",
"appoint_skill":"0",
"isRepeat":0,
"locate_frame":0,
"locate_distance":0,
"hp_rate":0.000,
"target_buff_type":"0",
"target_buff_value":"0"
},
{
"id":44,
"sid":2115,
"name":"逍遥的玄冥罗印",
"source":"XiaoYaoSkill7_1",
"hurt":100,
"durationFrame":900,
"attackIntervalFrame":900,
"unActionFrame":20,
"attackType":3,
"hurtMoveType":0,
"skillMoveType":0,
"skillProperty":0,
"hurtTime":0,
"fallDownHurt":0,
"collisionRange":50,
"isHurt":0,
"xPos":0,
"yPos":0,
"zPos":0,
"skillMoveX":0,
"skillMoveY":0,
"skillMoveZ":0,
"hurtMoveX":0,
"hurtMoveY":0,
"hurtMoveZ":0,
"roleMoveX":0,
"roleMoveY":0,
"roleMoveZ":0,
"handX":0,
"handY":0,
"handZ":0,
"atk_hurt":0,
"atk_rate":0.000,
"ats_hurt":0,
"ats_rate":0.000,
"chaos_hurt":0,
"buff_type":"0",
"buff_value":"0",
"nid":2161,
"shake":0,
"continue_skill":"0",
"continue_pos_x":"0",
"continue_pos_y":"0",
"continue_pos_z":"0",
"isDouble":0,
"rotation":0.000,
"appoint_frame":"0",
"appoint_skill":"0",
"isRepeat":0,
"locate_frame":0,
"locate_distance":0,
"hp_rate":0.000,
"target_buff_type":"0",
"target_buff_value":"0"
},
{
"id":45,
"sid":2116,
"name":"逍遥的玄冥罗印",
"source":"XiaoYaoSkill7_2",
"hurt":100,
"durationFrame":10,
"attackIntervalFrame":10,
"unActionFrame":2,
"attackType":0,
"hurtMoveType":0,
"skillMoveType":0,
"skillProperty":0,
"hurtTime":0,
"fallDownHurt":0,
"collisionRange":60,
"isHurt":0,
"xPos":0,
"yPos":0,
"zPos":0,
"skillMoveX":0,
"skillMoveY":0,
"skillMoveZ":0,
"hurtMoveX":0,
"hurtMoveY":20,
"hurtMoveZ":0,
"roleMoveX":0,
"roleMoveY":0,
"roleMoveZ":0,
"handX":0,
"handY":0,
"handZ":0,
"atk_hurt":0,
"atk_rate":0.000,
"ats_hurt":930,
"ats_rate":2.800,
"chaos_hurt":0,
"buff_type":"0",
"buff_value":"0",
"nid":2162,
"shake":1,
"continue_skill":"0",
"continue_pos_x":"0",
"continue_pos_y":"0",
"continue_pos_z":"0",
"isDouble":0,
"rotation":0.000,
"appoint_frame":"0",
"appoint_skill":"0",
"isRepeat":0,
"locate_frame":0,
"locate_distance":0,
"hp_rate":0.000,
"target_buff_type":"0",
"target_buff_value":"0"
},
{
"id":46,
"sid":2117,
"name":"逍遥的乾坤一指",
"source":"XiaoYaoSkill8_1",
"hurt":100,
"durationFrame":15,
"attackIntervalFrame":15,
"unActionFrame":20,
"attackType":3,
"hurtMoveType":0,
"skillMoveType":0,
"skillProperty":0,
"hurtTime":0,
"fallDownHurt":0,
"collisionRange":50,
"isHurt":0,
"xPos":50,
"yPos":30,
"zPos":0,
"skillMoveX":0,
"skillMoveY":0,
"skillMoveZ":0,
"hurtMoveX":0,
"hurtMoveY":0,
"hurtMoveZ":0,
"roleMoveX":0,
"roleMoveY":0,
"roleMoveZ":0,
"handX":0,
"handY":0,
"handZ":0,
"atk_hurt":0,
"atk_rate":0.000,
"ats_hurt":0,
"ats_rate":0.000,
"chaos_hurt":0,
"buff_type":"0",
"buff_value":"0",
"nid":2171,
"shake":0,
"continue_skill":"0",
"continue_pos_x":"0",
"continue_pos_y":"0",
"continue_pos_z":"0",
"isDouble":0,
"rotation":0.000,
"appoint_frame":"0",
"appoint_skill":"0",
"isRepeat":0,
"locate_frame":0,
"locate_distance":0,
"hp_rate":0.000,
"target_buff_type":"0",
"target_buff_value":"0"
},
{
"id":47,
"sid":2118,
"name":"逍遥的乾坤一指",
"source":"XiaoYaoSkill8_2",
"hurt":100,
"durationFrame":6,
"attackIntervalFrame":3,
"unActionFrame":6,
"attackType":0,
"hurtMoveType":0,
"skillMoveType":0,
"skillProperty":0,
"hurtTime":0,
"fallDownHurt":0,
"collisionRange":50,
"isHurt":0,
"xPos":20,
"yPos":20,
"zPos":0,
"skillMoveX":0,
"skillMoveY":0,
"skillMoveZ":0,
"hurtMoveX":5,
"hurtMoveY":3,
"hurtMoveZ":0,
"roleMoveX":0,
"roleMoveY":0,
"roleMoveZ":0,
"handX":0,
"handY":0,
"handZ":0,
"atk_hurt":0,
"atk_rate":0.000,
"ats_hurt":140,
"ats_rate":0.800,
"chaos_hurt":0,
"buff_type":"0",
"buff_value":"0",
"nid":2172,
"shake":1,
"continue_skill":"0",
"continue_pos_x":"0",
"continue_pos_y":"0",
"continue_pos_z":"0",
"isDouble":1,
"rotation":0.000,
"appoint_frame":"0",
"appoint_skill":"0",
"isRepeat":0,
"locate_frame":0,
"locate_distance":0,
"hp_rate":0.000,
"target_buff_type":"0",
"target_buff_value":"0"
},
{
"id":48,
"sid":2119,
"name":"逍遥的皓月连环",
"source":"XiaoYaoSkill9",
"hurt":100,
"durationFrame":30,
"attackIntervalFrame":8,
"unActionFrame":14,
"attackType":0,
"hurtMoveType":0,
"skillMoveType":0,
"skillProperty":0,
"hurtTime":0,
"fallDownHurt":0,
"collisionRange":60,
"isHurt":0,
"xPos":60,
"yPos":0,
"zPos":0,
"skillMoveX":0,
"skillMoveY":0,
"skillMoveZ":0,
"hurtMoveX":1,
"hurtMoveY":2,
"hurtMoveZ":0,
"roleMoveX":0,
"roleMoveY":0,
"roleMoveZ":0,
"handX":0,
"handY":0,
"handZ":0,
"atk_hurt":135,
"atk_rate":0.750,
"ats_hurt":0,
"ats_rate":0.000,
"chaos_hurt":0,
"buff_type":"0",
"buff_value":"0",
"nid":2181,
"shake":1,
"continue_skill":"0",
"continue_pos_x":"0",
"continue_pos_y":"0",
"continue_pos_z":"0",
"isDouble":1,
"rotation":0.000,
"appoint_frame":"0",
"appoint_skill":"0",
"isRepeat":0,
"locate_frame":0,
"locate_distance":0,
"hp_rate":0.000,
"target_buff_type":"0",
"target_buff_value":"0"
},
{
"id":49,
"sid":2125,
"name":"逍遥的逍遥我行",
"source":"XiaoYaoSkill10",
"hurt":100,
"durationFrame":18,
"attackIntervalFrame":18,
"unActionFrame":20,
"attackType":3,
"hurtMoveType":0,
"skillMoveType":0,
"skillProperty":0,
"hurtTime":0,
"fallDownHurt":0,
"collisionRange":50,
"isHurt":0,
"xPos":0,
"yPos":0,
"zPos":1,
"skillMoveX":0,
"skillMoveY":0,
"skillMoveZ":0,
"hurtMoveX":0,
"hurtMoveY":0,
"hurtMoveZ":0,
"roleMoveX":0,
"roleMoveY":0,
"roleMoveZ":0,
"handX":0,
"handY":0,
"handZ":0,
"atk_hurt":0,
"atk_rate":0.000,
"ats_hurt":0,
"ats_rate":0.000,
"chaos_hurt":0,
"buff_type":"0",
"buff_value":"0",
"nid":2191,
"shake":0,
"continue_skill":"0",
"continue_pos_x":"0",
"continue_pos_y":"0",
"continue_pos_z":"0",
"isDouble":0,
"rotation":0.000,
"appoint_frame":"0",
"appoint_skill":"0",
"isRepeat":0,
"locate_frame":0,
"locate_distance":0,
"hp_rate":0.000,
"target_buff_type":"0",
"target_buff_value":"0"
},
{
"id":50,
"sid":2121,
"name":"逍遥的普通攻击附带剑气",
"source":"Sword",
"hurt":100,
"durationFrame":35,
"attackIntervalFrame":35,
"unActionFrame":5,
"attackType":0,
"hurtMoveType":0,
"skillMoveType":6,
"skillProperty":0,
"hurtTime":0,
"fallDownHurt":0,
"collisionRange":50,
"isHurt":0,
"xPos":0,
"yPos":0,
"zPos":0,
"skillMoveX":35,
"skillMoveY":0,
"skillMoveZ":0,
"hurtMoveX":0,
"hurtMoveY":0,
"hurtMoveZ":0,
"roleMoveX":0,
"roleMoveY":0,
"roleMoveZ":0,
"handX":0,
"handY":0,
"handZ":0,
"atk_hurt":150,
"atk_rate":1.000,
"ats_hurt":0,
"ats_rate":0.000,
"chaos_hurt":0,
"buff_type":"0",
"buff_value":"0",
"nid":2102,
"shake":0,
"continue_skill":"0",
"continue_pos_x":"0",
"continue_pos_y":"0",
"continue_pos_z":"0",
"isDouble":1,
"rotation":0.000,
"appoint_frame":"0",
"appoint_skill":"0",
"isRepeat":0,
"locate_frame":0,
"locate_distance":0,
"hp_rate":0.000,
"target_buff_type":"0",
"target_buff_value":"0"
},
{
"id":51,
"sid":2122,
"name":"逍遥的轩辕创世剑气水波",
"source":"XiaoYaoSkill5_2",
"hurt":100,
"durationFrame":6,
"attackIntervalFrame":6,
"unActionFrame":20,
"attackType":3,
"hurtMoveType":0,
"skillMoveType":0,
"skillProperty":0,
"hurtTime":0,
"fallDownHurt":0,
"collisionRange":50,
"isHurt":0,
"xPos":70,
"yPos":-30,
"zPos":0,
"skillMoveX":0,
"skillMoveY":0,
"skillMoveZ":0,
"hurtMoveX":0,
"hurtMoveY":0,
"hurtMoveZ":0,
"roleMoveX":0,
"roleMoveY":0,
"roleMoveZ":0,
"handX":0,
"handY":0,
"handZ":0,
"atk_hurt":0,
"atk_rate":0.000,
"ats_hurt":0,
"ats_rate":0.000,
"chaos_hurt":0,
"buff_type":"0",
"buff_value":"0",
"nid":2142,
"shake":0,
"continue_skill":"0",
"continue_pos_x":"0",
"continue_pos_y":"0",
"continue_pos_z":"0",
"isDouble":1,
"rotation":0.000,
"appoint_frame":"0",
"appoint_skill":"0",
"isRepeat":0,
"locate_frame":0,
"locate_distance":0,
"hp_rate":0.000,
"target_buff_type":"0",
"target_buff_value":"0"
},
{
"id":52,
"sid":2123,
"name":"逍遥的轩辕创世剑气",
"source":"XiaoYaoSkill5_3",
"hurt":100,
"durationFrame":14,
"attackIntervalFrame":14,
"unActionFrame":20,
"attackType":0,
"hurtMoveType":0,
"skillMoveType":1,
"skillProperty":0,
"hurtTime":0,
"fallDownHurt":0,
"collisionRange":40,
"isHurt":0,
"xPos":70,
"yPos":-30,
"zPos":0,
"skillMoveX":60,
"skillMoveY":0,
"skillMoveZ":0,
"hurtMoveX":2,
"hurtMoveY":0,
"hurtMoveZ":0,
"roleMoveX":0,
"roleMoveY":0,
"roleMoveZ":0,
"handX":0,
"handY":0,
"handZ":0,
"atk_hurt":0,
"atk_rate":0.000,
"ats_hurt":69,
"ats_rate":0.400,
"chaos_hurt":0,
"buff_type":"0",
"buff_value":"0",
"nid":2143,
"shake":0,
"continue_skill":"0",
"continue_pos_x":"0",
"continue_pos_y":"0",
"continue_pos_z":"0",
"isDouble":1,
"rotation":0.000,
"appoint_frame":"0",
"appoint_skill":"0",
"isRepeat":0,
"locate_frame":0,
"locate_distance":0,
"hp_rate":0.000,
"target_buff_type":"0",
"target_buff_value":"0"
},
{
"id":53,
"sid":2124,
"name":"逍遥的轩辕创世2大圈",
"source":"XiaoYaoSkill5_1",
"hurt":100,
"durationFrame":78,
"attackIntervalFrame":78,
"unActionFrame":20,
"attackType":3,
"hurtMoveType":0,
"skillMoveType":0,
"skillProperty":0,
"hurtTime":0,
"fallDownHurt":0,
"collisionRange":50,
"isHurt":0,
"xPos":60,
"yPos":-30,
"zPos":0,
"skillMoveX":2,
"skillMoveY":0,
"skillMoveZ":0,
"hurtMoveX":0,
"hurtMoveY":0,
"hurtMoveZ":0,
"roleMoveX":0,
"roleMoveY":0,
"roleMoveZ":0,
"handX":0,
"handY":0,
"handZ":0,
"atk_hurt":0,
"atk_rate":0.000,
"ats_hurt":0,
"ats_rate":0.000,
"chaos_hurt":0,
"buff_type":"0",
"buff_value":"0",
"nid":2144,
"shake":1,
"continue_skill":"0",
"continue_pos_x":"0",
"continue_pos_y":"0",
"continue_pos_z":"0",
"isDouble":0,
"rotation":0.000,
"appoint_frame":"0",
"appoint_skill":"0",
"isRepeat":0,
"locate_frame":0,
"locate_distance":0,
"hp_rate":0.000,
"target_buff_type":"0",
"target_buff_value":"0"
},
{
"id":54,
"sid":2121,
"name":"逍遥的空中攻击附带剑气",
"source":"Sword",
"hurt":100,
"durationFrame":15,
"attackIntervalFrame":15,
"unActionFrame":5,
"attackType":0,
"hurtMoveType":0,
"skillMoveType":7,
"skillProperty":0,
"hurtTime":0,
"fallDownHurt":0,
"collisionRange":50,
"isHurt":0,
"xPos":0,
"yPos":0,
"zPos":0,
"skillMoveX":40,
"skillMoveY":25,
"skillMoveZ":0,
"hurtMoveX":0,
"hurtMoveY":0,
"hurtMoveZ":0,
"roleMoveX":0,
"roleMoveY":0,
"roleMoveZ":0,
"handX":0,
"handY":0,
"handZ":0,
"atk_hurt":150,
"atk_rate":1.000,
"ats_hurt":0,
"ats_rate":0.000,
"chaos_hurt":0,
"buff_type":"0",
"buff_value":"0",
"nid":2103,
"shake":0,
"continue_skill":"0",
"continue_pos_x":"0",
"continue_pos_y":"0",
"continue_pos_z":"0",
"isDouble":1,
"rotation":0.000,
"appoint_frame":"0",
"appoint_skill":"0",
"isRepeat":0,
"locate_frame":0,
"locate_distance":0,
"hp_rate":0.000,
"target_buff_type":"0",
"target_buff_value":"0"
},
{
"id":55,
"sid":2010,
"name":"狂武的天元突破1",
"source":"KuangWuSkill3",
"hurt":100,
"durationFrame":360,
"attackIntervalFrame":20,
"unActionFrame":30,
"attackType":3,
"hurtMoveType":0,
"skillMoveType":8,
"skillProperty":0,
"hurtTime":0,
"fallDownHurt":0,
"collisionRange":50,
"isHurt":0,
"xPos":0,
"yPos":0,
"zPos":10,
"skillMoveX":0,
"skillMoveY":0,
"skillMoveZ":0,
"hurtMoveX":0,
"hurtMoveY":0,
"hurtMoveZ":0,
"roleMoveX":0,
"roleMoveY":0,
"roleMoveZ":0,
"handX":0,
"handY":0,
"handZ":0,
"atk_hurt":0,
"atk_rate":0.000,
"ats_hurt":0,
"ats_rate":0.000,
"chaos_hurt":0,
"buff_type":"1",
"buff_value":"0.15",
"nid":1121,
"shake":0,
"continue_skill":"0",
"continue_pos_x":"0",
"continue_pos_y":"0",
"continue_pos_z":"0",
"isDouble":0,
"rotation":0.000,
"appoint_frame":"0",
"appoint_skill":"0",
"isRepeat":0,
"locate_frame":0,
"locate_distance":0,
"hp_rate":0.000,
"target_buff_type":"0",
"target_buff_value":"0"
},
{
"id":56,
"sid":2010,
"name":"狂武的嗜血狂暴1",
"source":"KuangWuSkill9",
"hurt":100,
"durationFrame":360,
"attackIntervalFrame":20,
"unActionFrame":30,
"attackType":3,
"hurtMoveType":0,
"skillMoveType":8,
"skillProperty":0,
"hurtTime":0,
"fallDownHurt":0,
"collisionRange":50,
"isHurt":0,
"xPos":0,
"yPos":0,
"zPos":10,
"skillMoveX":0,
"skillMoveY":0,
"skillMoveZ":0,
"hurtMoveX":0,
"hurtMoveY":0,
"hurtMoveZ":0,
"roleMoveX":0,
"roleMoveY":0,
"roleMoveZ":0,
"handX":0,
"handY":0,
"handZ":0,
"atk_hurt":0,
"atk_rate":0.000,
"ats_hurt":0,
"ats_rate":0.000,
"chaos_hurt":0,
"buff_type":"2|3",
"buff_value":"0.05|0.05",
"nid":1121,
"shake":0,
"continue_skill":"0",
"continue_pos_x":"0",
"continue_pos_y":"0",
"continue_pos_z":"0",
"isDouble":0,
"rotation":0.000,
"appoint_frame":"0",
"appoint_skill":"0",
"isRepeat":0,
"locate_frame":0,
"locate_distance":0,
"hp_rate":0.000,
"target_buff_type":"0",
"target_buff_value":"0"
},
{
"id":57,
"sid":2125,
"name":"逍遥的逍遥我行1",
"source":"XiaoYaoSkill10",
"hurt":100,
"durationFrame":360,
"attackIntervalFrame":20,
"unActionFrame":30,
"attackType":3,
"hurtMoveType":0,
"skillMoveType":8,
"skillProperty":0,
"hurtTime":0,
"fallDownHurt":0,
"collisionRange":50,
"isHurt":0,
"xPos":0,
"yPos":0,
"zPos":20,
"skillMoveX":0,
"skillMoveY":0,
"skillMoveZ":0,
"hurtMoveX":0,
"hurtMoveY":0,
"hurtMoveZ":0,
"roleMoveX":0,
"roleMoveY":0,
"roleMoveZ":0,
"handX":0,
"handY":0,
"handZ":0,
"atk_hurt":0,
"atk_rate":0.000,
"ats_hurt":0,
"ats_rate":0.000,
"chaos_hurt":0,
"buff_type":"6|7",
"buff_value":"0.5|0.005",
"nid":1121,
"shake":0,
"continue_skill":"0",
"continue_pos_x":"0",
"continue_pos_y":"0",
"continue_pos_z":"0",
"isDouble":0,
"rotation":0.000,
"appoint_frame":"0",
"appoint_skill":"0",
"isRepeat":0,
"locate_frame":0,
"locate_distance":0,
"hp_rate":0.000,
"target_buff_type":"0",
"target_buff_value":"0"
},
{
"id":58,
"sid":2126,
"name":"逍遥的迷踪影步1",
"source":"XiaoYaoSkill6",
"hurt":100,
"durationFrame":360,
"attackIntervalFrame":20,
"unActionFrame":30,
"attackType":3,
"hurtMoveType":0,
"skillMoveType":8,
"skillProperty":0,
"hurtTime":0,
"fallDownHurt":0,
"collisionRange":50,
"isHurt":0,
"xPos":0,
"yPos":0,
"zPos":20,
"skillMoveX":0,
"skillMoveY":0,
"skillMoveZ":0,
"hurtMoveX":0,
"hurtMoveY":0,
"hurtMoveZ":0,
"roleMoveX":0,
"roleMoveY":0,
"roleMoveZ":0,
"handX":0,
"handY":0,
"handZ":0,
"atk_hurt":0,
"atk_rate":0.000,
"ats_hurt":0,
"ats_rate":0.000,
"chaos_hurt":0,
"buff_type":"4|5",
"buff_value":"0.35|0.2",
"nid":1121,
"shake":0,
"continue_skill":"0",
"continue_pos_x":"0",
"continue_pos_y":"0",
"continue_pos_z":"0",
"isDouble":0,
"rotation":0.000,
"appoint_frame":"0",
"appoint_skill":"0",
"isRepeat":0,
"locate_frame":0,
"locate_distance":0,
"hp_rate":0.000,
"target_buff_type":"0",
"target_buff_value":"0"
},
{
"id":59,
"sid":10008,
"name":"主角复活技能",
"source":"Relive",
"hurt":100,
"durationFrame":10,
"attackIntervalFrame":10,
"unActionFrame":10,
"attackType":0,
"hurtMoveType":0,
"skillMoveType":0,
"skillProperty":0,
"hurtTime":0,
"fallDownHurt":0,
"collisionRange":50,
"isHurt":0,
"xPos":0,
"yPos":50,
"zPos":-1,
"skillMoveX":0,
"skillMoveY":0,
"skillMoveZ":0,
"hurtMoveX":15,
"hurtMoveY":10,
"hurtMoveZ":0,
"roleMoveX":0,
"roleMoveY":0,
"roleMoveZ":0,
"handX":0,
"handY":0,
"handZ":0,
"atk_hurt":0,
"atk_rate":0.000,
"ats_hurt":0,
"ats_rate":0.000,
"chaos_hurt":0,
"buff_type":"0",
"buff_value":"0",
"nid":1121,
"shake":0,
"continue_skill":"0",
"continue_pos_x":"0",
"continue_pos_y":"0",
"continue_pos_z":"0",
"isDouble":0,
"rotation":0.000,
"appoint_frame":"0",
"appoint_skill":"0",
"isRepeat":0,
"locate_frame":0,
"locate_distance":0,
"hp_rate":0.000,
"target_buff_type":"0",
"target_buff_value":"0"
},
{
"id":60,
"sid":10005,
"name":"狂武无双技能",
"source":"BuringFront",
"hurt":100,
"durationFrame":600,
"attackIntervalFrame":20,
"unActionFrame":30,
"attackType":3,
"hurtMoveType":0,
"skillMoveType":8,
"skillProperty":0,
"hurtTime":0,
"fallDownHurt":0,
"collisionRange":50,
"isHurt":0,
"xPos":0,
"yPos":0,
"zPos":-10,
"skillMoveX":0,
"skillMoveY":0,
"skillMoveZ":0,
"hurtMoveX":0,
"hurtMoveY":0,
"hurtMoveZ":0,
"roleMoveX":0,
"roleMoveY":0,
"roleMoveZ":0,
"handX":0,
"handY":0,
"handZ":0,
"atk_hurt":0,
"atk_rate":0.000,
"ats_hurt":0,
"ats_rate":0.000,
"chaos_hurt":0,
"buff_type":"0",
"buff_value":"0",
"nid":1121,
"shake":0,
"continue_skill":"0",
"continue_pos_x":"0",
"continue_pos_y":"0",
"continue_pos_z":"0",
"isDouble":0,
"rotation":0.000,
"appoint_frame":"0",
"appoint_skill":"0",
"isRepeat":0,
"locate_frame":0,
"locate_distance":0,
"hp_rate":0.000,
"target_buff_type":"0",
"target_buff_value":"0"
},
{
"id":61,
"sid":10005,
"name":"逍遥无双技能",
"source":"BuringFront",
"hurt":100,
"durationFrame":600,
"attackIntervalFrame":20,
"unActionFrame":30,
"attackType":3,
"hurtMoveType":0,
"skillMoveType":8,
"skillProperty":0,
"hurtTime":0,
"fallDownHurt":0,
"collisionRange":50,
"isHurt":0,
"xPos":0,
"yPos":10,
"zPos":-10,
"skillMoveX":0,
"skillMoveY":0,
"skillMoveZ":0,
"hurtMoveX":0,
"hurtMoveY":0,
"hurtMoveZ":0,
"roleMoveX":0,
"roleMoveY":0,
"roleMoveZ":0,
"handX":0,
"handY":0,
"handZ":0,
"atk_hurt":0,
"atk_rate":0.000,
"ats_hurt":0,
"ats_rate":0.000,
"chaos_hurt":0,
"buff_type":"0",
"buff_value":"0",
"nid":1121,
"shake":0,
"continue_skill":"0",
"continue_pos_x":"0",
"continue_pos_y":"0",
"continue_pos_z":"0",
"isDouble":0,
"rotation":0.000,
"appoint_frame":"0",
"appoint_skill":"0",
"isRepeat":0,
"locate_frame":0,
"locate_distance":0,
"hp_rate":0.000,
"target_buff_type":"0",
"target_buff_value":"0"
},
{
"id":62,
"sid":10021,
"name":"攻击buff",
"source":"PKAtkStatus",
"hurt":100,
"durationFrame":900,
"attackIntervalFrame":20,
"unActionFrame":30,
"attackType":3,
"hurtMoveType":0,
"skillMoveType":8,
"skillProperty":0,
"hurtTime":0,
"fallDownHurt":0,
"collisionRange":50,
"isHurt":0,
"xPos":0,
"yPos":-120,
"zPos":20,
"skillMoveX":0,
"skillMoveY":0,
"skillMoveZ":0,
"hurtMoveX":0,
"hurtMoveY":0,
"hurtMoveZ":0,
"roleMoveX":0,
"roleMoveY":0,
"roleMoveZ":0,
"handX":0,
"handY":0,
"handZ":0,
"atk_hurt":0,
"atk_rate":0.000,
"ats_hurt":0,
"ats_rate":0.000,
"chaos_hurt":0,
"buff_type":"1",
"buff_value":"1",
"nid":1121,
"shake":0,
"continue_skill":"0",
"continue_pos_x":"0",
"continue_pos_y":"0",
"continue_pos_z":"0",
"isDouble":0,
"rotation":0.000,
"appoint_frame":"0",
"appoint_skill":"0",
"isRepeat":0,
"locate_frame":0,
"locate_distance":0,
"hp_rate":0.000,
"target_buff_type":"0",
"target_buff_value":"0"
},
{
"id":63,
"sid":10023,
"name":"加速buff",
"source":"PKSpeedStatus",
"hurt":100,
"durationFrame":900,
"attackIntervalFrame":20,
"unActionFrame":30,
"attackType":3,
"hurtMoveType":0,
"skillMoveType":8,
"skillProperty":0,
"hurtTime":0,
"fallDownHurt":0,
"collisionRange":50,
"isHurt":0,
"xPos":0,
"yPos":0,
"zPos":20,
"skillMoveX":0,
"skillMoveY":0,
"skillMoveZ":0,
"hurtMoveX":0,
"hurtMoveY":0,
"hurtMoveZ":0,
"roleMoveX":0,
"roleMoveY":0,
"roleMoveZ":0,
"handX":0,
"handY":0,
"handZ":0,
"atk_hurt":0,
"atk_rate":0.000,
"ats_hurt":0,
"ats_rate":0.000,
"chaos_hurt":0,
"buff_type":"4",
"buff_value":"1",
"nid":1121,
"shake":0,
"continue_skill":"0",
"continue_pos_x":"0",
"continue_pos_y":"0",
"continue_pos_z":"0",
"isDouble":0,
"rotation":0.000,
"appoint_frame":"0",
"appoint_skill":"0",
"isRepeat":0,
"locate_frame":0,
"locate_distance":0,
"hp_rate":0.000,
"target_buff_type":"0",
"target_buff_value":"0"
},
{
"id":64,
"sid":10026,
"name":"雷雨天气雷电",
"source":"LeiChenDianNuSkill1_2",
"hurt":100,
"durationFrame":25,
"attackIntervalFrame":10,
"unActionFrame":10,
"attackType":3,
"hurtMoveType":0,
"skillMoveType":0,
"skillProperty":0,
"hurtTime":0,
"fallDownHurt":0,
"collisionRange":50,
"isHurt":0,
"xPos":0,
"yPos":0,
"zPos":-1,
"skillMoveX":0,
"skillMoveY":0,
"skillMoveZ":0,
"hurtMoveX":0,
"hurtMoveY":0,
"hurtMoveZ":0,
"roleMoveX":0,
"roleMoveY":0,
"roleMoveZ":0,
"handX":0,
"handY":0,
"handZ":0,
"atk_hurt":0,
"atk_rate":0.000,
"ats_hurt":0,
"ats_rate":0.000,
"chaos_hurt":0,
"buff_type":"0",
"buff_value":"0",
"nid":1121,
"shake":0,
"continue_skill":"0",
"continue_pos_x":"0",
"continue_pos_y":"0",
"continue_pos_z":"0",
"isDouble":0,
"rotation":0.000,
"appoint_frame":"0",
"appoint_skill":"0",
"isRepeat":0,
"locate_frame":0,
"locate_distance":0,
"hp_rate":0.000,
"target_buff_type":"0",
"target_buff_value":"0"
},
{
"id":65,
"sid":10027,
"name":"雷雨天气雷电",
"source":"LeiChenDianNuSkill1_3",
"hurt":100,
"durationFrame":10,
"attackIntervalFrame":10,
"unActionFrame":10,
"attackType":0,
"hurtMoveType":0,
"skillMoveType":0,
"skillProperty":0,
"hurtTime":0,
"fallDownHurt":0,
"collisionRange":50,
"isHurt":0,
"xPos":0,
"yPos":0,
"zPos":1,
"skillMoveX":0,
"skillMoveY":0,
"skillMoveZ":0,
"hurtMoveX":0,
"hurtMoveY":0,
"hurtMoveZ":0,
"roleMoveX":0,
"roleMoveY":0,
"roleMoveZ":0,
"handX":0,
"handY":0,
"handZ":0,
"atk_hurt":0,
"atk_rate":0.000,
"ats_hurt":0,
"ats_rate":0.000,
"chaos_hurt":0,
"buff_type":"0",
"buff_value":"0",
"nid":1121,
"shake":0,
"continue_skill":"0",
"continue_pos_x":"0",
"continue_pos_y":"0",
"continue_pos_z":"0",
"isDouble":0,
"rotation":0.000,
"appoint_frame":"0",
"appoint_skill":"0",
"isRepeat":0,
"locate_frame":0,
"locate_distance":0,
"hp_rate":0.050,
"target_buff_type":"0",
"target_buff_value":"0"
}
]
}