{
"RECORDS":[
{
"id":1,
"name":"极评价",
"message":"恭喜 [1] 在 [2] 达成“极”评价，又一位绝世高手降临！"
},
{
"id":2,
"name":"紫八卦",
"message":"恭喜 [1] 在算卦中获得紫色八卦 [2] ，大吉大利！"
},
{
"id":3,
"name":"打通场景关卡",
"message":"恭喜 [1] 通过 [2] 的所有关卡，即将成为一代大侠！"
},
{
"id":4,
"name":"成套装备",
"message":"恭喜 [1] 成功集齐 [2]套装 ，真正的战斗才刚刚开始！"
},
{
"id":5,
"name":"技能升级",
"message":"恭喜 [1] 将技能 [2] 修炼到“[3]”境界，快来试试身手吧！"
},
{
"id":6,
"name":"丁评价",
"message":"恭喜 [1] 在 [2] 达成“丁”评价……让我们祝福他吧！"
},
{
"id":7,
"name":"超神",
"message":"恭喜 [1] 在 [2] 连击超神了，老朽都已经阻止不了他了！"
},
{
"id":8,
"name":"首冲",
"message":"恭喜 [1] 可以领取江湖2首冲礼包并获得绝世高手“剑魔亡魂”！"
},
{
"id":9,
"name":"VIP",
"message":"恭喜 [1] 成功充值达到[2]，将获得更多VIP特权！"
}
]
}