{
"RECORDS":[
{
"id":7001,
"name":"米国队长套装",
"message":"传说这是在遥远国度的一位英雄所穿的套装。这位英雄勇猛有力，意志坚强，是遥远国度的精神领袖！",
"type":"时装",
"add_type":"hp|mp|atk|ats|def|adf",
"add_value":"3000|300|140|140|40|40",
"time":30,
"next":7002,
"money":200000
},
{
"id":7101,
"name":"钢铁大侠套装",
"message":"传说这是在遥远国度的一位英雄所穿的套装。这位英雄英俊潇洒，智慧过人，是遥远国度的才华领袖！",
"type":"时装",
"add_type":"hp|mp|atk|ats|def|adf",
"add_value":"3000|300|140|140|40|40",
"time":30,
"next":7102,
"money":200000
},
{
"id":7002,
"name":"高级米国队长套装",
"message":"传说这是在遥远国度的一位英雄所穿的套装。这位英雄勇猛有力，意志坚强，是遥远国度的精神领袖！",
"type":"时装",
"add_type":"hp|mp|atk|ats|def|adf",
"add_value":"6000|600|280|280|80|80",
"time":90,
"next":7003,
"money":2000000
},
{
"id":7102,
"name":"高级钢铁大侠套装",
"message":"传说这是在遥远国度的一位英雄所穿的套装。这位英雄英俊潇洒，智慧过人，是遥远国度的才华领袖！",
"type":"时装",
"add_type":"hp|mp|atk|ats|def|adf",
"add_value":"6000|600|280|280|80|80",
"time":90,
"next":7103,
"money":2000000
},
{
"id":7003,
"name":"超级米国队长套装",
"message":"传说这是在遥远国度的一位英雄所穿的套装。这位英雄勇猛有力，意志坚强，是遥远国度的精神领袖！",
"type":"时装",
"add_type":"hp|mp|atk|ats|def|adf",
"add_value":"12000|1200|560|560|160|160",
"time":0,
"next":0,
"money":0
},
{
"id":7103,
"name":"超级钢铁大侠套装",
"message":"传说这是在遥远国度的一位英雄所穿的套装。这位英雄英俊潇洒，智慧过人，是遥远国度的才华领袖！",
"type":"时装",
"add_type":"hp|mp|atk|ats|def|adf",
"add_value":"12000|1200|560|560|160|160",
"time":0,
"next":0,
"money":0
},
{
"id":7004,
"name":"蝙蝠勇士套装",
"message":"传说这是在另一个在遥远国度的勇士所穿的套装。其行动敏捷，锄强扶弱，堪称我辈之楷模！",
"type":"时装",
"add_type":"hp|mp|atk|ats|def|adf",
"add_value":"3500|300|140|140|50|50",
"time":30,
"next":7005,
"money":200000
},
{
"id":7104,
"name":"绿灯战士套装",
"message":"传说这是在另一个在遥远国度的战士所穿的套装。其思维广阔，伸张正义，堪称我辈之楷模！",
"type":"时装",
"add_type":"hp|mp|atk|ats|def|adf",
"add_value":"3500|300|140|140|50|50",
"time":30,
"next":7105,
"money":200000
},
{
"id":7005,
"name":"高级蝙蝠勇士套装",
"message":"传说这是在另一个在遥远国度的勇士所穿的套装。其行动敏捷，锄强扶弱，堪称我辈之楷模！",
"type":"时装",
"add_type":"hp|mp|atk|ats|def|adf",
"add_value":"7000|700|280|280|100|100",
"time":90,
"next":7006,
"money":2000000
},
{
"id":7105,
"name":"高级绿灯战士套装",
"message":"传说这是在另一个在遥远国度的战士所穿的套装。其思维广阔，伸张正义，堪称我辈之楷模！",
"type":"时装",
"add_type":"hp|mp|atk|ats|def|adf",
"add_value":"7000|700|280|280|100|100",
"time":90,
"next":7106,
"money":2000000
},
{
"id":7006,
"name":"超级蝙蝠勇士套装",
"message":"传说这是在另一个在遥远国度的勇士所穿的套装。其行动敏捷，锄强扶弱，堪称我辈之楷模！",
"type":"时装",
"add_type":"hp|mp|atk|ats|def|adf",
"add_value":"14000|1400|560|560|200|200",
"time":0,
"next":0,
"money":0
},
{
"id":7106,
"name":"超级绿灯战士套装",
"message":"传说这是在另一个在遥远国度的战士所穿的套装。其思维广阔，伸张正义，堪称我辈之楷模！",
"type":"时装",
"add_type":"hp|mp|atk|ats|def|adf",
"add_value":"14000|1400|560|560|200|200",
"time":0,
"next":0,
"money":0
}
]
}