{
"RECORDS":[
{
"id":1,
"sid":2000,
"name":"狂武的普通攻击1",
"source":"KuangWuCommonHit1",
"hurt":50,
"durationFrame":5,
"attackIntervalFrame":5,
"unActionFrame":14,
"attackType":0,
"hurtMoveType":0,
"skillMoveType":1,
"skillProperty":0,
"hurtTime":0,
"fallDownHurt":0,
"collisionRange":50,
"isHurt":0,
"xPos":50,
"yPos":20,
"zPos":0,
"skillMoveX":5,
"skillMoveY":0,
"skillMoveZ":0,
"hurtMoveX":3,
"hurtMoveY":0,
"hurtMoveZ":0,
"roleMoveX":5,
"roleMoveY":0,
"roleMoveZ":0,
"handX":0,
"handY":0,
"handZ":0
},
{
"id":2,
"sid":2001,
"name":"狂武的普通攻击2",
"source":"KuangWuCommonHit2",
"hurt":50,
"durationFrame":5,
"attackIntervalFrame":5,
"unActionFrame":17,
"attackType":0,
"hurtMoveType":0,
"skillMoveType":1,
"skillProperty":0,
"hurtTime":0,
"fallDownHurt":0,
"collisionRange":50,
"isHurt":0,
"xPos":20,
"yPos":20,
"zPos":0,
"skillMoveX":3,
"skillMoveY":0,
"skillMoveZ":0,
"hurtMoveX":6,
"hurtMoveY":0,
"hurtMoveZ":0,
"roleMoveX":3,
"roleMoveY":0,
"roleMoveZ":0,
"handX":0,
"handY":0,
"handZ":0
},
{
"id":3,
"sid":2002,
"name":"狂武的普通攻击3",
"source":"KuangWuCommonHit3",
"hurt":50,
"durationFrame":7,
"attackIntervalFrame":7,
"unActionFrame":3,
"attackType":0,
"hurtMoveType":0,
"skillMoveType":1,
"skillProperty":0,
"hurtTime":0,
"fallDownHurt":0,
"collisionRange":50,
"isHurt":0,
"xPos":0,
"yPos":0,
"zPos":0,
"skillMoveX":7,
"skillMoveY":0,
"skillMoveZ":0,
"hurtMoveX":8,
"hurtMoveY":22,
"hurtMoveZ":0,
"roleMoveX":7,
"roleMoveY":0,
"roleMoveZ":0,
"handX":0,
"handY":0,
"handZ":0
},
{
"id":4,
"sid":2004,
"name":"狂武的前冲",
"source":"KuangWuRunHit",
"hurt":100,
"durationFrame":10,
"attackIntervalFrame":2,
"unActionFrame":5,
"attackType":0,
"hurtMoveType":0,
"skillMoveType":1,
"skillProperty":0,
"hurtTime":0,
"fallDownHurt":0,
"collisionRange":50,
"isHurt":0,
"xPos":60,
"yPos":0,
"zPos":0,
"skillMoveX":20,
"skillMoveY":0,
"skillMoveZ":0,
"hurtMoveX":3,
"hurtMoveY":8,
"hurtMoveZ":0,
"roleMoveX":20,
"roleMoveY":0,
"roleMoveZ":0,
"handX":0,
"handY":0,
"handZ":0
},
{
"id":5,
"sid":2005,
"name":"狂武的空中攻击",
"source":"KuangWuPressHit",
"hurt":100,
"durationFrame":6,
"attackIntervalFrame":2,
"unActionFrame":8,
"attackType":0,
"hurtMoveType":0,
"skillMoveType":0,
"skillProperty":0,
"hurtTime":0,
"fallDownHurt":0,
"collisionRange":50,
"isHurt":0,
"xPos":55,
"yPos":40,
"zPos":0,
"skillMoveX":0,
"skillMoveY":0,
"skillMoveZ":0,
"hurtMoveX":0,
"hurtMoveY":0,
"hurtMoveZ":0,
"roleMoveX":0,
"roleMoveY":0,
"roleMoveZ":0,
"handX":0,
"handY":0,
"handZ":0
},
{
"id":6,
"sid":2006,
"name":"狂武的空中压制攻击1",
"source":"KuangWuJumpPressHit1",
"hurt":100,
"durationFrame":8,
"attackIntervalFrame":30,
"unActionFrame":40,
"attackType":0,
"hurtMoveType":0,
"skillMoveType":4,
"skillProperty":0,
"hurtTime":0,
"fallDownHurt":0,
"collisionRange":50,
"isHurt":0,
"xPos":15,
"yPos":55,
"zPos":0,
"skillMoveX":5,
"skillMoveY":30,
"skillMoveZ":0,
"hurtMoveX":0,
"hurtMoveY":0,
"hurtMoveZ":0,
"roleMoveX":5,
"roleMoveY":0,
"roleMoveZ":0,
"handX":0,
"handY":0,
"handZ":0
},
{
"id":7,
"sid":2007,
"name":"狂武的空中压制攻击",
"source":"KuangWuJumpPressHit2",
"hurt":100,
"durationFrame":6,
"attackIntervalFrame":6,
"unActionFrame":10,
"attackType":0,
"hurtMoveType":0,
"skillMoveType":0,
"skillProperty":0,
"hurtTime":0,
"fallDownHurt":0,
"collisionRange":50,
"isHurt":0,
"xPos":10,
"yPos":45,
"zPos":0,
"skillMoveX":0,
"skillMoveY":0,
"skillMoveZ":0,
"hurtMoveX":0,
"hurtMoveY":0,
"hurtMoveZ":0,
"roleMoveX":0,
"roleMoveY":0,
"roleMoveZ":0,
"handX":0,
"handY":0,
"handZ":0
},
{
"id":8,
"sid":2008,
"name":"狂武的烈风劫杀",
"source":"KuangWuSkill1",
"hurt":100,
"durationFrame":10,
"attackIntervalFrame":10,
"unActionFrame":20,
"attackType":0,
"hurtMoveType":0,
"skillMoveType":1,
"skillProperty":0,
"hurtTime":0,
"fallDownHurt":0,
"collisionRange":50,
"isHurt":0,
"xPos":80,
"yPos":-30,
"zPos":0,
"skillMoveX":2,
"skillMoveY":0,
"skillMoveZ":0,
"hurtMoveX":5,
"hurtMoveY":10,
"hurtMoveZ":0,
"roleMoveX":2,
"roleMoveY":0,
"roleMoveZ":0,
"handX":0,
"handY":0,
"handZ":0
},
{
"id":9,
"sid":2009,
"name":"狂武的魔龙戏珠",
"source":"KuangWuSkill2_1",
"hurt":100,
"durationFrame":9,
"attackIntervalFrame":9,
"unActionFrame":20,
"attackType":0,
"hurtMoveType":3,
"skillMoveType":0,
"skillProperty":0,
"hurtTime":0,
"fallDownHurt":0,
"collisionRange":50,
"isHurt":0,
"xPos":20,
"yPos":15,
"zPos":0,
"skillMoveX":0,
"skillMoveY":0,
"skillMoveZ":0,
"hurtMoveX":0,
"hurtMoveY":0,
"hurtMoveZ":0,
"roleMoveX":0,
"roleMoveY":0,
"roleMoveZ":0,
"handX":0,
"handY":0,
"handZ":0
},
{
"id":10,
"sid":2010,
"name":"狂武的天元突破",
"source":"KuangWuSkill3",
"hurt":100,
"durationFrame":16,
"attackIntervalFrame":20,
"unActionFrame":30,
"attackType":3,
"hurtMoveType":0,
"skillMoveType":0,
"skillProperty":0,
"hurtTime":0,
"fallDownHurt":0,
"collisionRange":50,
"isHurt":0,
"xPos":0,
"yPos":0,
"zPos":0,
"skillMoveX":0,
"skillMoveY":0,
"skillMoveZ":0,
"hurtMoveX":0,
"hurtMoveY":0,
"hurtMoveZ":0,
"roleMoveX":0,
"roleMoveY":0,
"roleMoveZ":0,
"handX":0,
"handY":0,
"handZ":0
},
{
"id":11,
"sid":2011,
"name":"狂武的幻灭百烈",
"source":"KuangWuSkill4",
"hurt":100,
"durationFrame":16,
"attackIntervalFrame":2,
"unActionFrame":10,
"attackType":0,
"hurtMoveType":0,
"skillMoveType":1,
"skillProperty":0,
"hurtTime":0,
"fallDownHurt":0,
"collisionRange":50,
"isHurt":0,
"xPos":70,
"yPos":10,
"zPos":0,
"skillMoveX":20,
"skillMoveY":0,
"skillMoveZ":0,
"hurtMoveX":20,
"hurtMoveY":0,
"hurtMoveZ":0,
"roleMoveX":20,
"roleMoveY":0,
"roleMoveZ":0,
"handX":0,
"handY":0,
"handZ":0
},
{
"id":12,
"sid":2012,
"name":"狂武的群魔乱舞",
"source":"KuangWuSkill5",
"hurt":100,
"durationFrame":50,
"attackIntervalFrame":4,
"unActionFrame":10,
"attackType":0,
"hurtMoveType":0,
"skillMoveType":0,
"skillProperty":0,
"hurtTime":0,
"fallDownHurt":0,
"collisionRange":50,
"isHurt":0,
"xPos":0,
"yPos":0,
"zPos":0,
"skillMoveX":0,
"skillMoveY":0,
"skillMoveZ":0,
"hurtMoveX":0,
"hurtMoveY":0,
"hurtMoveZ":0,
"roleMoveX":0,
"roleMoveY":0,
"roleMoveZ":0,
"handX":0,
"handY":0,
"handZ":0
},
{
"id":13,
"sid":2013,
"name":"狂武的敲山震虎",
"source":"KuangWuSkill6",
"hurt":100,
"durationFrame":12,
"attackIntervalFrame":12,
"unActionFrame":6,
"attackType":0,
"hurtMoveType":0,
"skillMoveType":0,
"skillProperty":0,
"hurtTime":0,
"fallDownHurt":0,
"collisionRange":50,
"isHurt":0,
"xPos":0,
"yPos":0,
"zPos":0,
"skillMoveX":0,
"skillMoveY":0,
"skillMoveZ":0,
"hurtMoveX":10,
"hurtMoveY":10,
"hurtMoveZ":0,
"roleMoveX":0,
"roleMoveY":0,
"roleMoveZ":0,
"handX":0,
"handY":0,
"handZ":0
},
{
"id":14,
"sid":2014,
"name":"狂武的狼拳风牙",
"source":"KuangWuSkill7_1",
"hurt":100,
"durationFrame":9,
"attackIntervalFrame":9,
"unActionFrame":30,
"attackType":0,
"hurtMoveType":1,
"skillMoveType":0,
"skillProperty":0,
"hurtTime":0,
"fallDownHurt":0,
"collisionRange":50,
"isHurt":0,
"xPos":130,
"yPos":10,
"zPos":0,
"skillMoveX":0,
"skillMoveY":0,
"skillMoveZ":0,
"hurtMoveX":0,
"hurtMoveY":0,
"hurtMoveZ":0,
"roleMoveX":0,
"roleMoveY":0,
"roleMoveZ":0,
"handX":0,
"handY":0,
"handZ":0
},
{
"id":15,
"sid":2015,
"name":"狂武的狼拳风牙",
"source":"KuangWuSkill7_2",
"hurt":100,
"durationFrame":5,
"attackIntervalFrame":5,
"unActionFrame":10,
"attackType":0,
"hurtMoveType":0,
"skillMoveType":0,
"skillProperty":0,
"hurtTime":0,
"fallDownHurt":0,
"collisionRange":50,
"isHurt":0,
"xPos":30,
"yPos":0,
"zPos":0,
"skillMoveX":0,
"skillMoveY":0,
"skillMoveZ":0,
"hurtMoveX":40,
"hurtMoveY":2,
"hurtMoveZ":0,
"roleMoveX":0,
"roleMoveY":0,
"roleMoveZ":0,
"handX":0,
"handY":0,
"handZ":0
},
{
"id":16,
"sid":2016,
"name":"狂武的猛虎下山",
"source":"KuangWuSkill8_1",
"hurt":100,
"durationFrame":10,
"attackIntervalFrame":20,
"unActionFrame":30,
"attackType":0,
"hurtMoveType":4,
"skillMoveType":1,
"skillProperty":0,
"hurtTime":0,
"fallDownHurt":0,
"collisionRange":50,
"isHurt":0,
"xPos":50,
"yPos":0,
"zPos":0,
"skillMoveX":30,
"skillMoveY":0,
"skillMoveZ":0,
"hurtMoveX":20,
"hurtMoveY":0,
"hurtMoveZ":0,
"roleMoveX":30,
"roleMoveY":0,
"roleMoveZ":0,
"handX":0,
"handY":0,
"handZ":0
},
{
"id":17,
"sid":2017,
"name":"狂武的猛虎下山",
"source":"KuangWuSkill8_2",
"hurt":100,
"durationFrame":10,
"attackIntervalFrame":2,
"unActionFrame":10,
"attackType":0,
"hurtMoveType":4,
"skillMoveType":2,
"skillProperty":0,
"hurtTime":0,
"fallDownHurt":0,
"collisionRange":50,
"isHurt":0,
"xPos":0,
"yPos":0,
"zPos":0,
"skillMoveX":0,
"skillMoveY":-70,
"skillMoveZ":0,
"hurtMoveX":0,
"hurtMoveY":70,
"hurtMoveZ":0,
"roleMoveX":0,
"roleMoveY":-70,
"roleMoveZ":0,
"handX":15,
"handY":0,
"handZ":0
},
{
"id":18,
"sid":2018,
"name":"狂武的猛虎下山",
"source":"KuangWuSkill8_3",
"hurt":100,
"durationFrame":10,
"attackIntervalFrame":2,
"unActionFrame":10,
"attackType":0,
"hurtMoveType":4,
"skillMoveType":2,
"skillProperty":0,
"hurtTime":0,
"fallDownHurt":0,
"collisionRange":50,
"isHurt":0,
"xPos":0,
"yPos":0,
"zPos":0,
"skillMoveX":0,
"skillMoveY":70,
"skillMoveZ":0,
"hurtMoveX":0,
"hurtMoveY":-70,
"hurtMoveZ":0,
"roleMoveX":0,
"roleMoveY":70,
"roleMoveZ":0,
"handX":15,
"handY":0,
"handZ":0
},
{
"id":19,
"sid":2019,
"name":"狂武的猛虎下山",
"source":"KuangWuSkill8_4",
"hurt":100,
"durationFrame":12,
"attackIntervalFrame":12,
"unActionFrame":10,
"attackType":0,
"hurtMoveType":0,
"skillMoveType":0,
"skillProperty":0,
"hurtTime":0,
"fallDownHurt":0,
"collisionRange":50,
"isHurt":0,
"xPos":0,
"yPos":0,
"zPos":0,
"skillMoveX":0,
"skillMoveY":0,
"skillMoveZ":0,
"hurtMoveX":0,
"hurtMoveY":-30,
"hurtMoveZ":0,
"roleMoveX":0,
"roleMoveY":0,
"roleMoveZ":0,
"handX":0,
"handY":0,
"handZ":0
},
{
"id":20,
"sid":2010,
"name":"狂武的嗜血狂暴",
"source":"KuangWuSkill3",
"hurt":100,
"durationFrame":15,
"attackIntervalFrame":20,
"unActionFrame":30,
"attackType":3,
"hurtMoveType":0,
"skillMoveType":0,
"skillProperty":0,
"hurtTime":0,
"fallDownHurt":0,
"collisionRange":50,
"isHurt":0,
"xPos":0,
"yPos":0,
"zPos":0,
"skillMoveX":0,
"skillMoveY":0,
"skillMoveZ":0,
"hurtMoveX":0,
"hurtMoveY":0,
"hurtMoveZ":0,
"roleMoveX":0,
"roleMoveY":0,
"roleMoveZ":0,
"handX":0,
"handY":0,
"handZ":0
},
{
"id":21,
"sid":2021,
"name":"狂武的天狼爆破",
"source":"KuangWuSkill10_1",
"hurt":100,
"durationFrame":9,
"attackIntervalFrame":4,
"unActionFrame":5,
"attackType":0,
"hurtMoveType":2,
"skillMoveType":0,
"skillProperty":0,
"hurtTime":0,
"fallDownHurt":0,
"collisionRange":50,
"isHurt":0,
"xPos":110,
"yPos":0,
"zPos":0,
"skillMoveX":0,
"skillMoveY":0,
"skillMoveZ":0,
"hurtMoveX":-5,
"hurtMoveY":-5,
"hurtMoveZ":0,
"roleMoveX":0,
"roleMoveY":0,
"roleMoveZ":0,
"handX":0,
"handY":0,
"handZ":0
},
{
"id":22,
"sid":2022,
"name":"狂武的天狼爆破",
"source":"KuangWuSkill10_2",
"hurt":100,
"durationFrame":8,
"attackIntervalFrame":4,
"unActionFrame":10,
"attackType":0,
"hurtMoveType":0,
"skillMoveType":0,
"skillProperty":0,
"hurtTime":0,
"fallDownHurt":0,
"collisionRange":50,
"isHurt":0,
"xPos":110,
"yPos":0,
"zPos":0,
"skillMoveX":0,
"skillMoveY":0,
"skillMoveZ":0,
"hurtMoveX":0,
"hurtMoveY":0,
"hurtMoveZ":0,
"roleMoveX":0,
"roleMoveY":0,
"roleMoveZ":0,
"handX":0,
"handY":0,
"handZ":0
},
{
"id":23,
"sid":2023,
"name":"狂武的天狼爆破",
"source":"KuangWuSkill10_3",
"hurt":100,
"durationFrame":7,
"attackIntervalFrame":20,
"unActionFrame":30,
"attackType":0,
"hurtMoveType":0,
"skillMoveType":0,
"skillProperty":0,
"hurtTime":0,
"fallDownHurt":0,
"collisionRange":50,
"isHurt":0,
"xPos":60,
"yPos":0,
"zPos":0,
"skillMoveX":0,
"skillMoveY":0,
"skillMoveZ":0,
"hurtMoveX":0,
"hurtMoveY":0,
"hurtMoveZ":0,
"roleMoveX":0,
"roleMoveY":0,
"roleMoveZ":0,
"handX":0,
"handY":0,
"handZ":0
},
{
"id":24,
"sid":2022,
"name":"狂武的天狼爆破",
"source":"KuangWuSkill10_2",
"hurt":100,
"durationFrame":6,
"attackIntervalFrame":4,
"unActionFrame":10,
"attackType":0,
"hurtMoveType":0,
"skillMoveType":1,
"skillProperty":0,
"hurtTime":0,
"fallDownHurt":0,
"collisionRange":50,
"isHurt":0,
"xPos":110,
"yPos":0,
"zPos":0,
"skillMoveX":50,
"skillMoveY":0,
"skillMoveZ":0,
"hurtMoveX":50,
"hurtMoveY":0,
"hurtMoveZ":0,
"roleMoveX":0,
"roleMoveY":0,
"roleMoveZ":0,
"handX":0,
"handY":0,
"handZ":0
},
{
"id":25,
"sid":2024,
"name":"狂武的天狼爆破",
"source":"KuangWuSkill10_4",
"hurt":100,
"durationFrame":9,
"attackIntervalFrame":4,
"unActionFrame":5,
"attackType":0,
"hurtMoveType":0,
"skillMoveType":0,
"skillProperty":0,
"hurtTime":0,
"fallDownHurt":0,
"collisionRange":50,
"isHurt":0,
"xPos":450,
"yPos":0,
"zPos":0,
"skillMoveX":0,
"skillMoveY":0,
"skillMoveZ":0,
"hurtMoveX":10,
"hurtMoveY":10,
"hurtMoveZ":0,
"roleMoveX":0,
"roleMoveY":0,
"roleMoveZ":0,
"handX":0,
"handY":0,
"handZ":0
},
{
"id":26,
"sid":2025,
"name":"狂武的魔龙戏珠",
"source":"KuangWuSkill2_2",
"hurt":100,
"durationFrame":12,
"attackIntervalFrame":12,
"unActionFrame":20,
"attackType":0,
"hurtMoveType":1,
"skillMoveType":0,
"skillProperty":0,
"hurtTime":0,
"fallDownHurt":0,
"collisionRange":50,
"isHurt":0,
"xPos":20,
"yPos":15,
"zPos":0,
"skillMoveX":0,
"skillMoveY":0,
"skillMoveZ":0,
"hurtMoveX":0,
"hurtMoveY":0,
"hurtMoveZ":0,
"roleMoveX":0,
"roleMoveY":0,
"roleMoveZ":0,
"handX":0,
"handY":0,
"handZ":0
},
{
"id":27,
"sid":2100,
"name":"逍遥的普通攻击1",
"source":"XiaoYaoCommonHit1",
"hurt":50,
"durationFrame":7,
"attackIntervalFrame":7,
"unActionFrame":14,
"attackType":0,
"hurtMoveType":0,
"skillMoveType":1,
"skillProperty":0,
"hurtTime":0,
"fallDownHurt":0,
"collisionRange":50,
"isHurt":0,
"xPos":100,
"yPos":25,
"zPos":0,
"skillMoveX":5,
"skillMoveY":0,
"skillMoveZ":0,
"hurtMoveX":3,
"hurtMoveY":0,
"hurtMoveZ":0,
"roleMoveX":5,
"roleMoveY":0,
"roleMoveZ":0,
"handX":0,
"handY":0,
"handZ":0
},
{
"id":28,
"sid":2101,
"name":"逍遥的普通攻击2",
"source":"XiaoYaoCommonHit2",
"hurt":50,
"durationFrame":5,
"attackIntervalFrame":5,
"unActionFrame":17,
"attackType":0,
"hurtMoveType":0,
"skillMoveType":1,
"skillProperty":0,
"hurtTime":0,
"fallDownHurt":0,
"collisionRange":50,
"isHurt":0,
"xPos":95,
"yPos":10,
"zPos":0,
"skillMoveX":3,
"skillMoveY":0,
"skillMoveZ":0,
"hurtMoveX":6,
"hurtMoveY":0,
"hurtMoveZ":0,
"roleMoveX":3,
"roleMoveY":0,
"roleMoveZ":0,
"handX":0,
"handY":0,
"handZ":0
},
{
"id":29,
"sid":2102,
"name":"逍遥的普通攻击3",
"source":"XiaoYaoCommonHit3",
"hurt":50,
"durationFrame":5,
"attackIntervalFrame":5,
"unActionFrame":3,
"attackType":0,
"hurtMoveType":0,
"skillMoveType":1,
"skillProperty":0,
"hurtTime":0,
"fallDownHurt":0,
"collisionRange":50,
"isHurt":0,
"xPos":55,
"yPos":-15,
"zPos":0,
"skillMoveX":7,
"skillMoveY":0,
"skillMoveZ":0,
"hurtMoveX":8,
"hurtMoveY":0,
"hurtMoveZ":0,
"roleMoveX":7,
"roleMoveY":0,
"roleMoveZ":0,
"handX":0,
"handY":0,
"handZ":0
},
{
"id":30,
"sid":2103,
"name":"逍遥的普通攻击4",
"source":"XiaoYaoCommonHit4",
"hurt":50,
"durationFrame":7,
"attackIntervalFrame":7,
"unActionFrame":3,
"attackType":0,
"hurtMoveType":0,
"skillMoveType":1,
"skillProperty":0,
"hurtTime":0,
"fallDownHurt":0,
"collisionRange":50,
"isHurt":0,
"xPos":110,
"yPos":-5,
"zPos":0,
"skillMoveX":7,
"skillMoveY":0,
"skillMoveZ":0,
"hurtMoveX":8,
"hurtMoveY":10,
"hurtMoveZ":0,
"roleMoveX":7,
"roleMoveY":0,
"roleMoveZ":0,
"handX":0,
"handY":0,
"handZ":0
},
{
"id":31,
"sid":2104,
"name":"逍遥的前冲",
"source":"XiaoYaoRunHit",
"hurt":100,
"durationFrame":7,
"attackIntervalFrame":2,
"unActionFrame":5,
"attackType":0,
"hurtMoveType":0,
"skillMoveType":1,
"skillProperty":0,
"hurtTime":0,
"fallDownHurt":0,
"collisionRange":50,
"isHurt":0,
"xPos":60,
"yPos":20,
"zPos":0,
"skillMoveX":20,
"skillMoveY":0,
"skillMoveZ":0,
"hurtMoveX":3,
"hurtMoveY":8,
"hurtMoveZ":0,
"roleMoveX":20,
"roleMoveY":0,
"roleMoveZ":0,
"handX":0,
"handY":0,
"handZ":0
},
{
"id":32,
"sid":2105,
"name":"逍遥的空中攻击",
"source":"XiaoYaoJumpHit",
"hurt":100,
"durationFrame":7,
"attackIntervalFrame":7,
"unActionFrame":8,
"attackType":0,
"hurtMoveType":0,
"skillMoveType":0,
"skillProperty":0,
"hurtTime":0,
"fallDownHurt":0,
"collisionRange":50,
"isHurt":0,
"xPos":60,
"yPos":10,
"zPos":0,
"skillMoveX":0,
"skillMoveY":0,
"skillMoveZ":0,
"hurtMoveX":0,
"hurtMoveY":0,
"hurtMoveZ":0,
"roleMoveX":0,
"roleMoveY":0,
"roleMoveZ":0,
"handX":0,
"handY":0,
"handZ":0
},
{
"id":33,
"sid":2106,
"name":"逍遥的空中压制攻击1",
"source":"XiaoYaoJumpPressHit1",
"hurt":100,
"durationFrame":9,
"attackIntervalFrame":30,
"unActionFrame":40,
"attackType":0,
"hurtMoveType":0,
"skillMoveType":4,
"skillProperty":0,
"hurtTime":0,
"fallDownHurt":0,
"collisionRange":50,
"isHurt":0,
"xPos":15,
"yPos":55,
"zPos":0,
"skillMoveX":5,
"skillMoveY":30,
"skillMoveZ":0,
"hurtMoveX":0,
"hurtMoveY":0,
"hurtMoveZ":0,
"roleMoveX":5,
"roleMoveY":0,
"roleMoveZ":0,
"handX":0,
"handY":0,
"handZ":0
},
{
"id":34,
"sid":2107,
"name":"逍遥的空中压制攻击2",
"source":"XiaoYaoJumpPressHit2",
"hurt":100,
"durationFrame":6,
"attackIntervalFrame":6,
"unActionFrame":10,
"attackType":0,
"hurtMoveType":0,
"skillMoveType":0,
"skillProperty":0,
"hurtTime":0,
"fallDownHurt":0,
"collisionRange":50,
"isHurt":0,
"xPos":10,
"yPos":45,
"zPos":0,
"skillMoveX":0,
"skillMoveY":0,
"skillMoveZ":0,
"hurtMoveX":0,
"hurtMoveY":0,
"hurtMoveZ":0,
"roleMoveX":0,
"roleMoveY":0,
"roleMoveZ":0,
"handX":0,
"handY":0,
"handZ":0
},
{
"id":35,
"sid":2108,
"name":"逍遥的龙渊护身",
"source":"XiaoYaoSkill1",
"hurt":100,
"durationFrame":12,
"attackIntervalFrame":12,
"unActionFrame":20,
"attackType":3,
"hurtMoveType":0,
"skillMoveType":1,
"skillProperty":0,
"hurtTime":0,
"fallDownHurt":0,
"collisionRange":50,
"isHurt":0,
"xPos":20,
"yPos":10,
"zPos":0,
"skillMoveX":2,
"skillMoveY":0,
"skillMoveZ":0,
"hurtMoveX":5,
"hurtMoveY":10,
"hurtMoveZ":0,
"roleMoveX":2,
"roleMoveY":0,
"roleMoveZ":0,
"handX":0,
"handY":0,
"handZ":0
},
{
"id":36,
"sid":2109,
"name":"逍遥的泰阿飞溅1",
"source":"XiaoYaoSkill2",
"hurt":100,
"durationFrame":18,
"attackIntervalFrame":18,
"unActionFrame":20,
"attackType":0,
"hurtMoveType":0,
"skillMoveType":0,
"skillProperty":0,
"hurtTime":0,
"fallDownHurt":0,
"collisionRange":50,
"isHurt":0,
"xPos":100,
"yPos":40,
"zPos":0,
"skillMoveX":2,
"skillMoveY":0,
"skillMoveZ":0,
"hurtMoveX":0,
"hurtMoveY":0,
"hurtMoveZ":0,
"roleMoveX":0,
"roleMoveY":0,
"roleMoveZ":0,
"handX":0,
"handY":0,
"handZ":0
},
{
"id":37,
"sid":2109,
"name":"逍遥的泰阿飞溅2",
"source":"XiaoYaoSkill2",
"hurt":100,
"durationFrame":18,
"attackIntervalFrame":18,
"unActionFrame":20,
"attackType":0,
"hurtMoveType":0,
"skillMoveType":0,
"skillProperty":0,
"hurtTime":0,
"fallDownHurt":0,
"collisionRange":50,
"isHurt":0,
"xPos":260,
"yPos":40,
"zPos":0,
"skillMoveX":2,
"skillMoveY":0,
"skillMoveZ":0,
"hurtMoveX":0,
"hurtMoveY":0,
"hurtMoveZ":0,
"roleMoveX":0,
"roleMoveY":0,
"roleMoveZ":0,
"handX":0,
"handY":0,
"handZ":0
},
{
"id":38,
"sid":2109,
"name":"逍遥的泰阿飞溅3",
"source":"XiaoYaoSkill2",
"hurt":100,
"durationFrame":18,
"attackIntervalFrame":18,
"unActionFrame":20,
"attackType":0,
"hurtMoveType":0,
"skillMoveType":0,
"skillProperty":0,
"hurtTime":0,
"fallDownHurt":0,
"collisionRange":50,
"isHurt":0,
"xPos":420,
"yPos":40,
"zPos":0,
"skillMoveX":2,
"skillMoveY":0,
"skillMoveZ":0,
"hurtMoveX":0,
"hurtMoveY":0,
"hurtMoveZ":0,
"roleMoveX":0,
"roleMoveY":0,
"roleMoveZ":0,
"handX":0,
"handY":0,
"handZ":0
},
{
"id":39,
"sid":2110,
"name":"逍遥的赤霄贯通",
"source":"XiaoYaoSkill3",
"hurt":100,
"durationFrame":10,
"attackIntervalFrame":20,
"unActionFrame":30,
"attackType":0,
"hurtMoveType":0,
"skillMoveType":1,
"skillProperty":0,
"hurtTime":0,
"fallDownHurt":0,
"collisionRange":50,
"isHurt":0,
"xPos":50,
"yPos":10,
"zPos":0,
"skillMoveX":30,
"skillMoveY":0,
"skillMoveZ":0,
"hurtMoveX":30,
"hurtMoveY":0,
"hurtMoveZ":0,
"roleMoveX":0,
"roleMoveY":0,
"roleMoveZ":0,
"handX":0,
"handY":0,
"handZ":0
},
{
"id":40,
"sid":2111,
"name":"逍遥的湛卢破天",
"source":"XiaoYaoSkill4_1",
"hurt":100,
"durationFrame":15,
"attackIntervalFrame":15,
"unActionFrame":20,
"attackType":3,
"hurtMoveType":0,
"skillMoveType":0,
"skillProperty":0,
"hurtTime":0,
"fallDownHurt":0,
"collisionRange":50,
"isHurt":0,
"xPos":0,
"yPos":0,
"zPos":0,
"skillMoveX":2,
"skillMoveY":0,
"skillMoveZ":0,
"hurtMoveX":0,
"hurtMoveY":0,
"hurtMoveZ":0,
"roleMoveX":0,
"roleMoveY":0,
"roleMoveZ":0,
"handX":0,
"handY":0,
"handZ":0
},
{
"id":41,
"sid":2112,
"name":"逍遥的湛卢破天",
"source":"XiaoYaoSkill4_2",
"hurt":100,
"durationFrame":18,
"attackIntervalFrame":18,
"unActionFrame":20,
"attackType":0,
"hurtMoveType":0,
"skillMoveType":0,
"skillProperty":0,
"hurtTime":0,
"fallDownHurt":0,
"collisionRange":50,
"isHurt":0,
"xPos":200,
"yPos":-270,
"zPos":0,
"skillMoveX":2,
"skillMoveY":0,
"skillMoveZ":0,
"hurtMoveX":0,
"hurtMoveY":0,
"hurtMoveZ":0,
"roleMoveX":0,
"roleMoveY":0,
"roleMoveZ":0,
"handX":0,
"handY":0,
"handZ":0
},
{
"id":42,
"sid":2113,
"name":"逍遥的轩辕创世1",
"source":"XiaoYaoSkill5",
"hurt":100,
"durationFrame":12,
"attackIntervalFrame":12,
"unActionFrame":20,
"attackType":3,
"hurtMoveType":0,
"skillMoveType":0,
"skillProperty":0,
"hurtTime":0,
"fallDownHurt":0,
"collisionRange":50,
"isHurt":0,
"xPos":60,
"yPos":-30,
"zPos":0,
"skillMoveX":2,
"skillMoveY":0,
"skillMoveZ":0,
"hurtMoveX":0,
"hurtMoveY":0,
"hurtMoveZ":0,
"roleMoveX":0,
"roleMoveY":0,
"roleMoveZ":0,
"handX":0,
"handY":0,
"handZ":0
},
{
"id":43,
"sid":2114,
"name":"逍遥的迷踪影步",
"source":"XiaoYaoSkill6",
"hurt":100,
"durationFrame":4,
"attackIntervalFrame":4,
"unActionFrame":30,
"attackType":3,
"hurtMoveType":4,
"skillMoveType":1,
"skillProperty":0,
"hurtTime":0,
"fallDownHurt":0,
"collisionRange":50,
"isHurt":0,
"xPos":0,
"yPos":15,
"zPos":0,
"skillMoveX":40,
"skillMoveY":0,
"skillMoveZ":0,
"hurtMoveX":0,
"hurtMoveY":0,
"hurtMoveZ":0,
"roleMoveX":40,
"roleMoveY":0,
"roleMoveZ":0,
"handX":0,
"handY":0,
"handZ":0
},
{
"id":44,
"sid":2115,
"name":"逍遥的玄冥罗印",
"source":"XiaoYaoSkill7_1",
"hurt":100,
"durationFrame":900,
"attackIntervalFrame":900,
"unActionFrame":20,
"attackType":3,
"hurtMoveType":0,
"skillMoveType":0,
"skillProperty":0,
"hurtTime":0,
"fallDownHurt":0,
"collisionRange":50,
"isHurt":0,
"xPos":0,
"yPos":0,
"zPos":0,
"skillMoveX":0,
"skillMoveY":0,
"skillMoveZ":0,
"hurtMoveX":0,
"hurtMoveY":0,
"hurtMoveZ":0,
"roleMoveX":0,
"roleMoveY":0,
"roleMoveZ":0,
"handX":0,
"handY":0,
"handZ":0
},
{
"id":45,
"sid":2116,
"name":"逍遥的玄冥罗印",
"source":"XiaoYaoSkill7_2",
"hurt":100,
"durationFrame":10,
"attackIntervalFrame":10,
"unActionFrame":20,
"attackType":0,
"hurtMoveType":0,
"skillMoveType":0,
"skillProperty":0,
"hurtTime":0,
"fallDownHurt":0,
"collisionRange":50,
"isHurt":0,
"xPos":0,
"yPos":0,
"zPos":0,
"skillMoveX":0,
"skillMoveY":0,
"skillMoveZ":0,
"hurtMoveX":0,
"hurtMoveY":0,
"hurtMoveZ":0,
"roleMoveX":0,
"roleMoveY":0,
"roleMoveZ":0,
"handX":0,
"handY":0,
"handZ":0
},
{
"id":46,
"sid":2117,
"name":"逍遥的乾坤一指",
"source":"XiaoYaoSkill8_1",
"hurt":100,
"durationFrame":15,
"attackIntervalFrame":15,
"unActionFrame":20,
"attackType":3,
"hurtMoveType":0,
"skillMoveType":0,
"skillProperty":0,
"hurtTime":0,
"fallDownHurt":0,
"collisionRange":50,
"isHurt":0,
"xPos":50,
"yPos":30,
"zPos":0,
"skillMoveX":0,
"skillMoveY":0,
"skillMoveZ":0,
"hurtMoveX":0,
"hurtMoveY":0,
"hurtMoveZ":0,
"roleMoveX":0,
"roleMoveY":0,
"roleMoveZ":0,
"handX":0,
"handY":0,
"handZ":0
},
{
"id":47,
"sid":2118,
"name":"逍遥的乾坤一指",
"source":"XiaoYaoSkill8_2",
"hurt":100,
"durationFrame":6,
"attackIntervalFrame":6,
"unActionFrame":20,
"attackType":0,
"hurtMoveType":0,
"skillMoveType":0,
"skillProperty":0,
"hurtTime":0,
"fallDownHurt":0,
"collisionRange":50,
"isHurt":0,
"xPos":510,
"yPos":30,
"zPos":0,
"skillMoveX":0,
"skillMoveY":0,
"skillMoveZ":0,
"hurtMoveX":0,
"hurtMoveY":0,
"hurtMoveZ":0,
"roleMoveX":0,
"roleMoveY":0,
"roleMoveZ":0,
"handX":0,
"handY":0,
"handZ":0
},
{
"id":48,
"sid":2119,
"name":"逍遥的皓月连环",
"source":"XiaoYaoSkill9",
"hurt":100,
"durationFrame":30,
"attackIntervalFrame":9,
"unActionFrame":20,
"attackType":0,
"hurtMoveType":0,
"skillMoveType":0,
"skillProperty":0,
"hurtTime":0,
"fallDownHurt":0,
"collisionRange":50,
"isHurt":0,
"xPos":60,
"yPos":0,
"zPos":0,
"skillMoveX":0,
"skillMoveY":0,
"skillMoveZ":0,
"hurtMoveX":0,
"hurtMoveY":0,
"hurtMoveZ":0,
"roleMoveX":0,
"roleMoveY":0,
"roleMoveZ":0,
"handX":0,
"handY":0,
"handZ":0
},
{
"id":49,
"sid":2120,
"name":"逍遥的逍遥我行",
"source":"XiaoYaoSkill10",
"hurt":100,
"durationFrame":18,
"attackIntervalFrame":18,
"unActionFrame":20,
"attackType":3,
"hurtMoveType":0,
"skillMoveType":0,
"skillProperty":0,
"hurtTime":0,
"fallDownHurt":0,
"collisionRange":50,
"isHurt":0,
"xPos":0,
"yPos":0,
"zPos":0,
"skillMoveX":0,
"skillMoveY":0,
"skillMoveZ":0,
"hurtMoveX":0,
"hurtMoveY":0,
"hurtMoveZ":0,
"roleMoveX":0,
"roleMoveY":0,
"roleMoveZ":0,
"handX":0,
"handY":0,
"handZ":0
},
{
"id":50,
"sid":2121,
"name":"逍遥的剑气",
"source":"Sword",
"hurt":100,
"durationFrame":60,
"attackIntervalFrame":60,
"unActionFrame":5,
"attackType":0,
"hurtMoveType":0,
"skillMoveType":6,
"skillProperty":0,
"hurtTime":0,
"fallDownHurt":0,
"collisionRange":50,
"isHurt":0,
"xPos":0,
"yPos":0,
"zPos":0,
"skillMoveX":35,
"skillMoveY":0,
"skillMoveZ":0,
"hurtMoveX":0,
"hurtMoveY":0,
"hurtMoveZ":0,
"roleMoveX":0,
"roleMoveY":0,
"roleMoveZ":0,
"handX":0,
"handY":0,
"handZ":0
},
{
"id":51,
"sid":2122,
"name":"逍遥的轩辕创世剑气水波",
"source":"XiaoYaoSkill5_1",
"hurt":100,
"durationFrame":6,
"attackIntervalFrame":6,
"unActionFrame":20,
"attackType":3,
"hurtMoveType":0,
"skillMoveType":0,
"skillProperty":0,
"hurtTime":0,
"fallDownHurt":0,
"collisionRange":50,
"isHurt":0,
"xPos":70,
"yPos":-30,
"zPos":0,
"skillMoveX":0,
"skillMoveY":0,
"skillMoveZ":0,
"hurtMoveX":0,
"hurtMoveY":0,
"hurtMoveZ":0,
"roleMoveX":0,
"roleMoveY":0,
"roleMoveZ":0,
"handX":0,
"handY":0,
"handZ":0
},
{
"id":52,
"sid":2123,
"name":"逍遥的轩辕创世剑气",
"source":"XiaoYaoSkill5_2",
"hurt":100,
"durationFrame":40,
"attackIntervalFrame":40,
"unActionFrame":20,
"attackType":0,
"hurtMoveType":0,
"skillMoveType":1,
"skillProperty":0,
"hurtTime":0,
"fallDownHurt":0,
"collisionRange":50,
"isHurt":0,
"xPos":70,
"yPos":-30,
"zPos":0,
"skillMoveX":60,
"skillMoveY":0,
"skillMoveZ":0,
"hurtMoveX":0,
"hurtMoveY":0,
"hurtMoveZ":0,
"roleMoveX":0,
"roleMoveY":0,
"roleMoveZ":0,
"handX":0,
"handY":0,
"handZ":0
},
{
"id":53,
"sid":2124,
"name":"逍遥的轩辕创世2",
"source":"XiaoYaoSkill5",
"hurt":100,
"durationFrame":108,
"attackIntervalFrame":108,
"unActionFrame":20,
"attackType":3,
"hurtMoveType":0,
"skillMoveType":0,
"skillProperty":0,
"hurtTime":0,
"fallDownHurt":0,
"collisionRange":50,
"isHurt":0,
"xPos":60,
"yPos":-30,
"zPos":0,
"skillMoveX":2,
"skillMoveY":0,
"skillMoveZ":0,
"hurtMoveX":0,
"hurtMoveY":0,
"hurtMoveZ":0,
"roleMoveX":0,
"roleMoveY":0,
"roleMoveZ":0,
"handX":0,
"handY":0,
"handZ":0
}
]
}