﻿{
"RECORDS":[
{
"id":8001,
"name":"天启八卦“乾”",
"color":"绿",
"exp":80,
"add_type":"hp",
"add_value":"300",
"info":"基础八卦牌，提升人体的基本能力。"
},
{
"id":8002,
"name":"天启八卦“巽”",
"color":"绿",
"exp":80,
"add_type":"atk",
"add_value":"14",
"info":"基础八卦牌，提升人体的基本能力。"
},
{
"id":8003,
"name":"天启八卦“坎”",
"color":"绿",
"exp":80,
"add_type":"hp_regain",
"add_value":"10",
"info":"基础八卦牌，提升人体的基本能力。"
},
{
"id":8004,
"name":"天启八卦“艮”",
"color":"绿",
"exp":80,
"add_type":"ats",
"add_value":"14",
"info":"基础八卦牌，提升人体的基本能力。"
},
{
"id":8005,
"name":"天启八卦“坤”",
"color":"绿",
"exp":80,
"add_type":"mp",
"add_value":"30",
"info":"基础八卦牌，提升人体的基本能力。"
},
{
"id":8006,
"name":"天启八卦“震”",
"color":"绿",
"exp":80,
"add_type":"def",
"add_value":"4",
"info":"基础八卦牌，提升人体的基本能力。"
},
{
"id":8007,
"name":"天启八卦“离”",
"color":"绿",
"exp":80,
"add_type":"mp_regain",
"add_value":"1",
"info":"基础八卦牌，提升人体的基本能力。"
},
{
"id":8008,
"name":"天启八卦“兑”",
"color":"绿",
"exp":80,
"add_type":"adf",
"add_value":"4",
"info":"基础八卦牌，提升人体的基本能力。"
},
{
"id":8101,
"name":"英雄八卦“乾”",
"color":"蓝",
"exp":160,
"add_type":"hp",
"add_value":"600",
"info":"汇集英雄灵气的八卦牌，主要提升使用者攻击能力。"
},
{
"id":8102,
"name":"英雄八卦“巽”",
"color":"蓝",
"exp":160,
"add_type":"atk",
"add_value":"28",
"info":"汇集英雄灵气的八卦牌，主要提升使用者攻击能力。"
},
{
"id":8103,
"name":"英雄八卦“坎”",
"color":"蓝",
"exp":160,
"add_type":"hurt_deepen",
"add_value":"0.5",
"info":"汇集英雄灵气的八卦牌，主要提升使用者攻击能力。"
},
{
"id":8104,
"name":"英雄八卦“艮”",
"color":"蓝",
"exp":160,
"add_type":"ats",
"add_value":"28",
"info":"汇集英雄灵气的八卦牌，主要提升使用者攻击能力。"
},
{
"id":8105,
"name":"英雄八卦“坤”",
"color":"蓝",
"exp":160,
"add_type":"mp",
"add_value":"60",
"info":"汇集英雄灵气的八卦牌，主要提升使用者攻击能力。"
},
{
"id":8106,
"name":"英雄八卦“震”",
"color":"蓝",
"exp":160,
"add_type":"def",
"add_value":"8",
"info":"汇集英雄灵气的八卦牌，主要提升使用者攻击能力。"
},
{
"id":8107,
"name":"英雄八卦“离”",
"color":"蓝",
"exp":160,
"add_type":"mp_regain",
"add_value":"2",
"info":"汇集英雄灵气的八卦牌，主要提升使用者攻击能力。"
},
{
"id":8108,
"name":"英雄八卦“兑”",
"color":"蓝",
"exp":160,
"add_type":"adf",
"add_value":"8",
"info":"汇集英雄灵气的八卦牌，主要提升使用者攻击能力。"
},
{
"id":8111,
"name":"江湖八卦“乾”",
"color":"蓝",
"exp":160,
"add_type":"hp",
"add_value":"600",
"info":"汇集江湖灵气的八卦牌，主要提升使用者防御能力。"
},
{
"id":8112,
"name":"江湖八卦“巽”",
"color":"蓝",
"exp":160,
"add_type":"atk",
"add_value":"28",
"info":"汇集江湖灵气的八卦牌，主要提升使用者防御能力。"
},
{
"id":8113,
"name":"江湖八卦“坎”",
"color":"蓝",
"exp":160,
"add_type":"hurt_reduce",
"add_value":"0.5",
"info":"汇集江湖灵气的八卦牌，主要提升使用者防御能力。"
},
{
"id":8114,
"name":"江湖八卦“艮”",
"color":"蓝",
"exp":160,
"add_type":"ats",
"add_value":"28",
"info":"汇集江湖灵气的八卦牌，主要提升使用者防御能力。"
},
{
"id":8115,
"name":"江湖八卦“坤”",
"color":"蓝",
"exp":160,
"add_type":"mp",
"add_value":"60",
"info":"汇集江湖灵气的八卦牌，主要提升使用者防御能力。"
},
{
"id":8116,
"name":"江湖八卦“震”",
"color":"蓝",
"exp":160,
"add_type":"def",
"add_value":"8",
"info":"汇集江湖灵气的八卦牌，主要提升使用者防御能力。"
},
{
"id":8117,
"name":"江湖八卦“离”",
"color":"蓝",
"exp":160,
"add_type":"hp_regain",
"add_value":"20",
"info":"汇集江湖灵气的八卦牌，主要提升使用者防御能力。"
},
{
"id":8118,
"name":"江湖八卦“兑”",
"color":"蓝",
"exp":160,
"add_type":"adf",
"add_value":"8",
"info":"汇集江湖灵气的八卦牌，主要提升使用者防御能力。"
},
{
"id":8201,
"name":"狂武山河八卦“乾”",
"color":"紫",
"exp":320,
"add_type":"hp",
"add_value":"1200",
"info":"狂武提炼自身灵气所凝聚的八卦牌，有大量提升攻击力的效果。"
},
{
"id":8202,
"name":"狂武山河八卦“巽”",
"color":"紫",
"exp":320,
"add_type":"atk",
"add_value":"56",
"info":"狂武提炼自身灵气所凝聚的八卦牌，有大量提升攻击力的效果。"
},
{
"id":8203,
"name":"狂武山河八卦“坎”",
"color":"紫",
"exp":320,
"add_type":"hurt_deepen",
"add_value":"1",
"info":"狂武提炼自身灵气所凝聚的八卦牌，有大量提升攻击力的效果。"
},
{
"id":8204,
"name":"狂武山河八卦“艮”",
"color":"紫",
"exp":320,
"add_type":"ats",
"add_value":"56",
"info":"狂武提炼自身灵气所凝聚的八卦牌，有大量提升攻击力的效果。"
},
{
"id":8205,
"name":"狂武山河八卦“坤”",
"color":"紫",
"exp":320,
"add_type":"mp",
"add_value":"120",
"info":"狂武提炼自身灵气所凝聚的八卦牌，有大量提升攻击力的效果。"
},
{
"id":8206,
"name":"狂武山河八卦“震”",
"color":"紫",
"exp":320,
"add_type":"def",
"add_value":"16",
"info":"狂武提炼自身灵气所凝聚的八卦牌，有大量提升攻击力的效果。"
},
{
"id":8207,
"name":"狂武山河八卦“离”",
"color":"紫",
"exp":320,
"add_type":"crit",
"add_value":"1",
"info":"狂武提炼自身灵气所凝聚的八卦牌，有大量提升攻击力的效果。"
},
{
"id":8208,
"name":"狂武山河八卦“兑”",
"color":"紫",
"exp":320,
"add_type":"adf",
"add_value":"16",
"info":"狂武提炼自身灵气所凝聚的八卦牌，有大量提升攻击力的效果。"
},
{
"id":8211,
"name":"逍遥云霄八卦“乾”",
"color":"紫",
"exp":320,
"add_type":"hp",
"add_value":"1200",
"info":"逍遥提炼自身灵气所凝聚的八卦牌，有大量提升防御力的效果。"
},
{
"id":8212,
"name":"逍遥云霄八卦“巽”",
"color":"紫",
"exp":320,
"add_type":"atk",
"add_value":"56",
"info":"逍遥提炼自身灵气所凝聚的八卦牌，有大量提升防御力的效果。"
},
{
"id":8213,
"name":"逍遥云霄八卦“坎”",
"color":"紫",
"exp":320,
"add_type":"hurt_reduce",
"add_value":"1",
"info":"逍遥提炼自身灵气所凝聚的八卦牌，有大量提升防御力的效果。"
},
{
"id":8214,
"name":"逍遥云霄八卦“艮”",
"color":"紫",
"exp":320,
"add_type":"ats",
"add_value":"56",
"info":"逍遥提炼自身灵气所凝聚的八卦牌，有大量提升防御力的效果。"
},
{
"id":8215,
"name":"逍遥云霄八卦“坤”",
"color":"紫",
"exp":320,
"add_type":"mp",
"add_value":"120",
"info":"逍遥提炼自身灵气所凝聚的八卦牌，有大量提升防御力的效果。"
},
{
"id":8216,
"name":"逍遥云霄八卦“震”",
"color":"紫",
"exp":320,
"add_type":"def",
"add_value":"16",
"info":"逍遥提炼自身灵气所凝聚的八卦牌，有大量提升防御力的效果。"
},
{
"id":8217,
"name":"逍遥云霄八卦“离”",
"color":"紫",
"exp":320,
"add_type":"evasion",
"add_value":"1",
"info":"逍遥提炼自身灵气所凝聚的八卦牌，有大量提升防御力的效果。"
},
{
"id":8218,
"name":"逍遥云霄八卦“兑”",
"color":"紫",
"exp":320,
"add_type":"adf",
"add_value":"16",
"info":"逍遥提炼自身灵气所凝聚的八卦牌，有大量提升防御力的效果。"
},
{
"id":8901,
"name":"灵气牌-回魂",
"color":"蓝",
"exp":100,
"add_type":"0",
"add_value":"0",
"info":"凝聚了少量灵气的灵气牌，被吞噬时会增加其他八卦牌100灵气。"
},
{
"id":8902,
"name":"灵气牌-茂盛",
"color":"紫",
"exp":300,
"add_type":"0",
"add_value":"0",
"info":"凝聚了大量灵气的灵气牌，被吞噬时会增加其他八卦牌300灵气。"
},
{
"id":8903,
"name":"灵气牌-繁华",
"color":"橙",
"exp":1000,
"add_type":"0",
"add_value":"0",
"info":"凝聚了海量灵气的灵气牌，被吞噬时会增加其他八卦牌1000灵气。（十分珍贵的灵气牌）"
}
]
}