{
"RECORDS":[
{
"id":1001,
"name":"乞丐",
"hp_rate":400,
"atk_rate":9,
"def_rate":1,
"ats_rate":9,
"adf_rate":1
},
{
"id":1002,
"name":"酒鬼",
"hp_rate":400,
"atk_rate":9,
"def_rate":1,
"ats_rate":9,
"adf_rate":1
},
{
"id":1004,
"name":"强盗",
"hp_rate":350,
"atk_rate":9,
"def_rate":1,
"ats_rate":9,
"adf_rate":1
},
{
"id":1005,
"name":"蛤蟆怪",
"hp_rate":300,
"atk_rate":9,
"def_rate":1,
"ats_rate":9,
"adf_rate":1
},
{
"id":1007,
"name":"斗笠剑客",
"hp_rate":300,
"atk_rate":9,
"def_rate":1,
"ats_rate":9,
"adf_rate":1
},
{
"id":1008,
"name":"黑衣刺客",
"hp_rate":300,
"atk_rate":9,
"def_rate":1,
"ats_rate":9,
"adf_rate":1
},
{
"id":1101,
"name":"斗笠剑客",
"hp_rate":400,
"atk_rate":10,
"def_rate":2,
"ats_rate":10,
"adf_rate":2
},
{
"id":1102,
"name":"小道姑",
"hp_rate":400,
"atk_rate":10,
"def_rate":2,
"ats_rate":10,
"adf_rate":2
},
{
"id":1104,
"name":"小树精",
"hp_rate":420,
"atk_rate":10,
"def_rate":2,
"ats_rate":10,
"adf_rate":2
},
{
"id":1105,
"name":"小道士",
"hp_rate":420,
"atk_rate":12,
"def_rate":3,
"ats_rate":12,
"adf_rate":3
},
{
"id":1107,
"name":"小乌鸦",
"hp_rate":440,
"atk_rate":12,
"def_rate":3,
"ats_rate":12,
"adf_rate":3
},
{
"id":1108,
"name":"黑衣刺客",
"hp_rate":440,
"atk_rate":12,
"def_rate":3,
"ats_rate":12,
"adf_rate":3
},
{
"id":2001,
"name":"乞丐老大",
"hp_rate":350,
"atk_rate":9,
"def_rate":2,
"ats_rate":9,
"adf_rate":2
},
{
"id":2002,
"name":"酒鬼老大",
"hp_rate":350,
"atk_rate":9,
"def_rate":2,
"ats_rate":9,
"adf_rate":2
},
{
"id":2003,
"name":"十方秀才",
"hp_rate":350,
"atk_rate":9,
"def_rate":2,
"ats_rate":9,
"adf_rate":2
},
{
"id":2004,
"name":"强盗老大",
"hp_rate":300,
"atk_rate":10,
"def_rate":2,
"ats_rate":10,
"adf_rate":2
},
{
"id":2005,
"name":"蛤蟆王",
"hp_rate":300,
"atk_rate":10,
"def_rate":2,
"ats_rate":10,
"adf_rate":2
},
{
"id":2006,
"name":"碧池夫人",
"hp_rate":300,
"atk_rate":10,
"def_rate":2,
"ats_rate":10,
"adf_rate":2
},
{
"id":2007,
"name":"斗笠剑狂",
"hp_rate":320,
"atk_rate":10,
"def_rate":2,
"ats_rate":10,
"adf_rate":2
},
{
"id":2008,
"name":"黑衣队长",
"hp_rate":320,
"atk_rate":10,
"def_rate":2,
"ats_rate":10,
"adf_rate":2
},
{
"id":2009,
"name":"不通老人",
"hp_rate":340,
"atk_rate":10,
"def_rate":3,
"ats_rate":10,
"adf_rate":3
},
{
"id":2101,
"name":"斗笠剑狂",
"hp_rate":450,
"atk_rate":12,
"def_rate":3,
"ats_rate":12,
"adf_rate":3
},
{
"id":2102,
"name":"道姑",
"hp_rate":450,
"atk_rate":12,
"def_rate":4,
"ats_rate":12,
"adf_rate":4
},
{
"id":2103,
"name":"红莲散人",
"hp_rate":460,
"atk_rate":12,
"def_rate":4,
"ats_rate":12,
"adf_rate":4
},
{
"id":2104,
"name":"大树精",
"hp_rate":460,
"atk_rate":13,
"def_rate":4,
"ats_rate":13,
"adf_rate":4
},
{
"id":2105,
"name":"道士",
"hp_rate":470,
"atk_rate":13,
"def_rate":5,
"ats_rate":13,
"adf_rate":5
},
{
"id":2106,
"name":"风流道人",
"hp_rate":470,
"atk_rate":13,
"def_rate":5,
"ats_rate":13,
"adf_rate":5
},
{
"id":2107,
"name":"乌鸦王",
"hp_rate":480,
"atk_rate":14,
"def_rate":6,
"ats_rate":14,
"adf_rate":6
},
{
"id":2108,
"name":"黑衣队长",
"hp_rate":480,
"atk_rate":14,
"def_rate":6,
"ats_rate":14,
"adf_rate":6
},
{
"id":2109,
"name":"阴阳真人",
"hp_rate":490,
"atk_rate":14,
"def_rate":6,
"ats_rate":14,
"adf_rate":6
},
{
"id":3001,
"name":"精英乞丐",
"hp_rate":200,
"atk_rate":8,
"def_rate":2,
"ats_rate":8,
"adf_rate":2
},
{
"id":3002,
"name":"精英酒鬼",
"hp_rate":200,
"atk_rate":8,
"def_rate":2,
"ats_rate":8,
"adf_rate":2
},
{
"id":3004,
"name":"精英强盗",
"hp_rate":230,
"atk_rate":9,
"def_rate":2,
"ats_rate":9,
"adf_rate":2
},
{
"id":3005,
"name":"精英蛤蟆",
"hp_rate":230,
"atk_rate":9,
"def_rate":2,
"ats_rate":9,
"adf_rate":2
},
{
"id":3007,
"name":"精英斗笠",
"hp_rate":250,
"atk_rate":9,
"def_rate":2,
"ats_rate":9,
"adf_rate":2
},
{
"id":3008,
"name":"精英黑衣",
"hp_rate":250,
"atk_rate":9,
"def_rate":3,
"ats_rate":9,
"adf_rate":3
},
{
"id":3101,
"name":"精英斗笠",
"hp_rate":400,
"atk_rate":12,
"def_rate":3,
"ats_rate":12,
"adf_rate":3
},
{
"id":3102,
"name":"道姑",
"hp_rate":400,
"atk_rate":12,
"def_rate":3,
"ats_rate":12,
"adf_rate":3
},
{
"id":3104,
"name":"精英树精",
"hp_rate":420,
"atk_rate":13,
"def_rate":4,
"ats_rate":13,
"adf_rate":4
},
{
"id":3105,
"name":"精英道士",
"hp_rate":420,
"atk_rate":13,
"def_rate":4,
"ats_rate":13,
"adf_rate":4
},
{
"id":3107,
"name":"精英乌鸦",
"hp_rate":440,
"atk_rate":14,
"def_rate":5,
"ats_rate":14,
"adf_rate":5
},
{
"id":3108,
"name":"精英黑衣",
"hp_rate":440,
"atk_rate":14,
"def_rate":5,
"ats_rate":14,
"adf_rate":5
},
{
"id":4003,
"name":"十方秀才",
"hp_rate":300,
"atk_rate":9,
"def_rate":3,
"ats_rate":9,
"adf_rate":3
},
{
"id":4006,
"name":"碧池夫人",
"hp_rate":400,
"atk_rate":9,
"def_rate":3,
"ats_rate":9,
"adf_rate":3
},
{
"id":4009,
"name":"不通老人",
"hp_rate":450,
"atk_rate":10,
"def_rate":4,
"ats_rate":10,
"adf_rate":4
},
{
"id":4103,
"name":"红莲散人",
"hp_rate":1000,
"atk_rate":16,
"def_rate":8,
"ats_rate":16,
"adf_rate":8
},
{
"id":4106,
"name":"风流道人",
"hp_rate":1200,
"atk_rate":20,
"def_rate":10,
"ats_rate":20,
"adf_rate":10
},
{
"id":4109,
"name":"阴阳真人",
"hp_rate":1500,
"atk_rate":25,
"def_rate":12,
"ats_rate":25,
"adf_rate":12
},
{
"id":1121,
"name":"乞丐",
"hp_rate":450,
"atk_rate":10,
"def_rate":3,
"ats_rate":10,
"adf_rate":3
},
{
"id":1122,
"name":"酒鬼",
"hp_rate":450,
"atk_rate":10,
"def_rate":3,
"ats_rate":10,
"adf_rate":3
},
{
"id":1011,
"name":"索命孤魂",
"hp_rate":440,
"atk_rate":12,
"def_rate":3,
"ats_rate":12,
"adf_rate":3
},
{
"id":2010,
"name":"黑衣队长",
"hp_rate":460,
"atk_rate":13,
"def_rate":4,
"ats_rate":13,
"adf_rate":4
},
{
"id":2011,
"name":"狂暴孤魂",
"hp_rate":470,
"atk_rate":13,
"def_rate":5,
"ats_rate":13,
"adf_rate":5
},
{
"id":2012,
"name":"剑魔亡魂",
"hp_rate":470,
"atk_rate":13,
"def_rate":5,
"ats_rate":13,
"adf_rate":5
},
{
"id":3011,
"name":"精英孤魂",
"hp_rate":440,
"atk_rate":14,
"def_rate":5,
"ats_rate":14,
"adf_rate":5
},
{
"id":4012,
"name":"剑魔亡魂",
"hp_rate":1200,
"atk_rate":20,
"def_rate":10,
"ats_rate":20,
"adf_rate":10
},
{
"id":1020,
"name":"僵尸",
"hp_rate":1000,
"atk_rate":12,
"def_rate":4,
"ats_rate":12,
"adf_rate":4
},
{
"id":2020,
"name":"僵尸王",
"hp_rate":3000,
"atk_rate":24,
"def_rate":16,
"ats_rate":24,
"adf_rate":16
},
{
"id":1111,
"name":"小火魔",
"hp_rate":440,
"atk_rate":12,
"def_rate":5,
"ats_rate":12,
"adf_rate":5
},
{
"id":2110,
"name":"黑衣队长",
"hp_rate":500,
"atk_rate":13,
"def_rate":7,
"ats_rate":13,
"adf_rate":7
},
{
"id":2111,
"name":"火魔",
"hp_rate":550,
"atk_rate":13,
"def_rate":7,
"ats_rate":13,
"adf_rate":7
},
{
"id":2112,
"name":"冥火焚身",
"hp_rate":550,
"atk_rate":13,
"def_rate":7,
"ats_rate":13,
"adf_rate":7
},
{
"id":3111,
"name":"精英火魔",
"hp_rate":470,
"atk_rate":14,
"def_rate":7,
"ats_rate":14,
"adf_rate":7
},
{
"id":4112,
"name":"冥火焚身",
"hp_rate":1200,
"atk_rate":20,
"def_rate":10,
"ats_rate":20,
"adf_rate":10
},
{
"id":1201,
"name":"强盗",
"hp_rate":1000,
"atk_rate":15,
"def_rate":8,
"ats_rate":15,
"adf_rate":8
},
{
"id":1202,
"name":"骷髅野鬼",
"hp_rate":1000,
"atk_rate":15,
"def_rate":8,
"ats_rate":15,
"adf_rate":8
},
{
"id":2201,
"name":"强盗老大",
"hp_rate":1500,
"atk_rate":17,
"def_rate":10,
"ats_rate":17,
"adf_rate":10
},
{
"id":2202,
"name":"骷髅恶鬼",
"hp_rate":1700,
"atk_rate":17,
"def_rate":10,
"ats_rate":17,
"adf_rate":10
},
{
"id":2203,
"name":"色中饿鬼",
"hp_rate":1900,
"atk_rate":18,
"def_rate":10,
"ats_rate":18,
"adf_rate":10
},
{
"id":3201,
"name":"精英强盗",
"hp_rate":1000,
"atk_rate":17,
"def_rate":10,
"ats_rate":17,
"adf_rate":10
},
{
"id":3202,
"name":"精英野鬼",
"hp_rate":1000,
"atk_rate":17,
"def_rate":10,
"ats_rate":17,
"adf_rate":10
},
{
"id":4203,
"name":"色中饿鬼",
"hp_rate":2200,
"atk_rate":24,
"def_rate":15,
"ats_rate":24,
"adf_rate":15
},
{
"id":1221,
"name":"酒鬼",
"hp_rate":1000,
"atk_rate":15,
"def_rate":8,
"ats_rate":15,
"adf_rate":8
},
{
"id":1222,
"name":"小乌鸦",
"hp_rate":1000,
"atk_rate":15,
"def_rate":8,
"ats_rate":15,
"adf_rate":8
},
{
"id":1204,
"name":"蛤蟆怪",
"hp_rate":1000,
"atk_rate":20,
"def_rate":12,
"ats_rate":20,
"adf_rate":12
},
{
"id":1205,
"name":"恶魔犬",
"hp_rate":1000,
"atk_rate":20,
"def_rate":12,
"ats_rate":20,
"adf_rate":12
},
{
"id":2204,
"name":"蛤蟆王",
"hp_rate":1500,
"atk_rate":23,
"def_rate":14,
"ats_rate":23,
"adf_rate":14
},
{
"id":2205,
"name":"魔犬王",
"hp_rate":1700,
"atk_rate":23,
"def_rate":14,
"ats_rate":23,
"adf_rate":14
},
{
"id":2206,
"name":"雷嗔电怒",
"hp_rate":1900,
"atk_rate":25,
"def_rate":16,
"ats_rate":25,
"adf_rate":16
},
{
"id":3204,
"name":"精英蛤蟆",
"hp_rate":1000,
"atk_rate":22,
"def_rate":14,
"ats_rate":22,
"adf_rate":14
},
{
"id":3205,
"name":"精英恶犬",
"hp_rate":1000,
"atk_rate":22,
"def_rate":14,
"ats_rate":22,
"adf_rate":14
},
{
"id":4206,
"name":"雷嗔电怒",
"hp_rate":2200,
"atk_rate":30,
"def_rate":23,
"ats_rate":30,
"adf_rate":23
},
{
"id":1207,
"name":"屠夫",
"hp_rate":1000,
"atk_rate":22,
"def_rate":14,
"ats_rate":22,
"adf_rate":14
},
{
"id":1208,
"name":"黑衣刺客",
"hp_rate":1000,
"atk_rate":22,
"def_rate":14,
"ats_rate":22,
"adf_rate":14
},
{
"id":2207,
"name":"屠夫总长",
"hp_rate":1500,
"atk_rate":25,
"def_rate":16,
"ats_rate":25,
"adf_rate":16
},
{
"id":2208,
"name":"黑衣队长",
"hp_rate":1700,
"atk_rate":25,
"def_rate":16,
"ats_rate":25,
"adf_rate":16
},
{
"id":2209,
"name":"痴男",
"hp_rate":1900,
"atk_rate":25,
"def_rate":16,
"ats_rate":25,
"adf_rate":16
},
{
"id":2219,
"name":"怨女",
"hp_rate":1900,
"atk_rate":25,
"def_rate":16,
"ats_rate":25,
"adf_rate":16
},
{
"id":3207,
"name":"精英屠夫",
"hp_rate":1000,
"atk_rate":24,
"def_rate":16,
"ats_rate":24,
"adf_rate":16
},
{
"id":3208,
"name":"精英黑衣",
"hp_rate":1000,
"atk_rate":24,
"def_rate":16,
"ats_rate":24,
"adf_rate":16
},
{
"id":4209,
"name":"痴男",
"hp_rate":2200,
"atk_rate":30,
"def_rate":23,
"ats_rate":30,
"adf_rate":23
},
{
"id":4219,
"name":"怨女",
"hp_rate":2200,
"atk_rate":30,
"def_rate":23,
"ats_rate":30,
"adf_rate":23
},
{
"id":5001,
"name":"乞丐",
"hp_rate":1100,
"atk_rate":20,
"def_rate":11,
"ats_rate":20,
"adf_rate":11
},
{
"id":5002,
"name":"酒鬼",
"hp_rate":1100,
"atk_rate":20,
"def_rate":11,
"ats_rate":20,
"adf_rate":11
},
{
"id":5003,
"name":"强盗",
"hp_rate":1100,
"atk_rate":20,
"def_rate":11,
"ats_rate":20,
"adf_rate":11
},
{
"id":5004,
"name":"蛤蟆怪",
"hp_rate":1100,
"atk_rate":20,
"def_rate":11,
"ats_rate":20,
"adf_rate":11
},
{
"id":5005,
"name":"斗笠剑客",
"hp_rate":1100,
"atk_rate":20,
"def_rate":11,
"ats_rate":20,
"adf_rate":11
},
{
"id":5006,
"name":"黑衣刺客",
"hp_rate":1100,
"atk_rate":20,
"def_rate":11,
"ats_rate":20,
"adf_rate":11
},
{
"id":5007,
"name":"索命孤魂",
"hp_rate":1100,
"atk_rate":20,
"def_rate":11,
"ats_rate":20,
"adf_rate":11
},
{
"id":5011,
"name":"斗笠剑客",
"hp_rate":1100,
"atk_rate":20,
"def_rate":11,
"ats_rate":20,
"adf_rate":11
},
{
"id":5012,
"name":"小道姑",
"hp_rate":1100,
"atk_rate":20,
"def_rate":11,
"ats_rate":20,
"adf_rate":11
},
{
"id":5013,
"name":"酒鬼",
"hp_rate":1100,
"atk_rate":20,
"def_rate":11,
"ats_rate":20,
"adf_rate":11
},
{
"id":5014,
"name":"小道士",
"hp_rate":1100,
"atk_rate":20,
"def_rate":11,
"ats_rate":20,
"adf_rate":11
},
{
"id":5015,
"name":"小乌鸦",
"hp_rate":1100,
"atk_rate":20,
"def_rate":11,
"ats_rate":20,
"adf_rate":11
},
{
"id":5016,
"name":"黑衣刺客",
"hp_rate":1100,
"atk_rate":20,
"def_rate":11,
"ats_rate":20,
"adf_rate":11
},
{
"id":5017,
"name":"小火魔",
"hp_rate":1100,
"atk_rate":20,
"def_rate":11,
"ats_rate":20,
"adf_rate":11
},
{
"id":5021,
"name":"强盗",
"hp_rate":1100,
"atk_rate":20,
"def_rate":11,
"ats_rate":20,
"adf_rate":11
},
{
"id":5022,
"name":"骷髅野鬼",
"hp_rate":1100,
"atk_rate":20,
"def_rate":11,
"ats_rate":20,
"adf_rate":11
},
{
"id":5023,
"name":"蛤蟆怪",
"hp_rate":1100,
"atk_rate":20,
"def_rate":11,
"ats_rate":20,
"adf_rate":11
},
{
"id":5024,
"name":"恶魔犬",
"hp_rate":1100,
"atk_rate":20,
"def_rate":11,
"ats_rate":20,
"adf_rate":11
},
{
"id":5025,
"name":"屠夫",
"hp_rate":1100,
"atk_rate":20,
"def_rate":11,
"ats_rate":20,
"adf_rate":11
},
{
"id":5026,
"name":"黑衣刺客",
"hp_rate":1100,
"atk_rate":20,
"def_rate":11,
"ats_rate":20,
"adf_rate":11
},
{
"id":5101,
"name":"精英乞丐",
"hp_rate":1600,
"atk_rate":25,
"def_rate":16,
"ats_rate":25,
"adf_rate":16
},
{
"id":5102,
"name":"精英酒鬼",
"hp_rate":1600,
"atk_rate":25,
"def_rate":16,
"ats_rate":25,
"adf_rate":16
},
{
"id":5103,
"name":"精英强盗",
"hp_rate":1600,
"atk_rate":25,
"def_rate":16,
"ats_rate":25,
"adf_rate":16
},
{
"id":5104,
"name":"精英蛤蟆",
"hp_rate":1600,
"atk_rate":25,
"def_rate":16,
"ats_rate":25,
"adf_rate":16
},
{
"id":5105,
"name":"精英斗笠",
"hp_rate":1600,
"atk_rate":25,
"def_rate":16,
"ats_rate":25,
"adf_rate":16
},
{
"id":5106,
"name":"精英黑衣",
"hp_rate":1600,
"atk_rate":25,
"def_rate":16,
"ats_rate":25,
"adf_rate":16
},
{
"id":5107,
"name":"精英孤魂",
"hp_rate":1600,
"atk_rate":25,
"def_rate":16,
"ats_rate":25,
"adf_rate":16
},
{
"id":5111,
"name":"精英斗笠",
"hp_rate":1600,
"atk_rate":25,
"def_rate":16,
"ats_rate":25,
"adf_rate":16
},
{
"id":5112,
"name":"精英道姑",
"hp_rate":1600,
"atk_rate":25,
"def_rate":16,
"ats_rate":25,
"adf_rate":16
},
{
"id":5113,
"name":"精英酒鬼",
"hp_rate":1600,
"atk_rate":25,
"def_rate":16,
"ats_rate":25,
"adf_rate":16
},
{
"id":5114,
"name":"精英道士",
"hp_rate":1600,
"atk_rate":25,
"def_rate":16,
"ats_rate":25,
"adf_rate":16
},
{
"id":5115,
"name":"精英乌鸦",
"hp_rate":1600,
"atk_rate":25,
"def_rate":16,
"ats_rate":25,
"adf_rate":16
},
{
"id":5116,
"name":"精英黑衣",
"hp_rate":1600,
"atk_rate":25,
"def_rate":16,
"ats_rate":25,
"adf_rate":16
},
{
"id":5117,
"name":"精英乞丐",
"hp_rate":1600,
"atk_rate":25,
"def_rate":16,
"ats_rate":25,
"adf_rate":16
},
{
"id":5121,
"name":"精英强盗",
"hp_rate":1600,
"atk_rate":25,
"def_rate":16,
"ats_rate":25,
"adf_rate":16
},
{
"id":5122,
"name":"精英野鬼",
"hp_rate":1600,
"atk_rate":25,
"def_rate":16,
"ats_rate":25,
"adf_rate":16
},
{
"id":5123,
"name":"精英蛤蟆",
"hp_rate":1600,
"atk_rate":25,
"def_rate":16,
"ats_rate":25,
"adf_rate":16
},
{
"id":5124,
"name":"精英恶犬",
"hp_rate":1600,
"atk_rate":25,
"def_rate":16,
"ats_rate":25,
"adf_rate":16
},
{
"id":5125,
"name":"精英屠夫",
"hp_rate":1600,
"atk_rate":25,
"def_rate":16,
"ats_rate":25,
"adf_rate":16
},
{
"id":5126,
"name":"精英黑衣",
"hp_rate":1600,
"atk_rate":25,
"def_rate":16,
"ats_rate":25,
"adf_rate":16
},
{
"id":5901,
"name":"镖车-木牛1",
"hp_rate":12000,
"atk_rate":0,
"def_rate":8,
"ats_rate":0,
"adf_rate":8
},
{
"id":5902,
"name":"镖车-木牛2",
"hp_rate":12000,
"atk_rate":0,
"def_rate":8,
"ats_rate":0,
"adf_rate":8
},
{
"id":5911,
"name":"镖车-流马1",
"hp_rate":15000,
"atk_rate":0,
"def_rate":8,
"ats_rate":0,
"adf_rate":8
},
{
"id":5912,
"name":"镖车-流马1",
"hp_rate":15000,
"atk_rate":0,
"def_rate":8,
"ats_rate":0,
"adf_rate":8
},
{
"id":5913,
"name":"镖车-流马1",
"hp_rate":15000,
"atk_rate":0,
"def_rate":8,
"ats_rate":0,
"adf_rate":8
},
{
"id":5921,
"name":"镖车-金车1",
"hp_rate":30000,
"atk_rate":0,
"def_rate":12,
"ats_rate":0,
"adf_rate":12
},
{
"id":5922,
"name":"镖车-金车1",
"hp_rate":30000,
"atk_rate":0,
"def_rate":12,
"ats_rate":0,
"adf_rate":12
},
{
"id":5923,
"name":"镖车-金车1",
"hp_rate":30000,
"atk_rate":0,
"def_rate":12,
"ats_rate":0,
"adf_rate":12
},
{
"id":1211,
"name":"小恶魔",
"hp_rate":1500,
"atk_rate":26,
"def_rate":20,
"ats_rate":26,
"adf_rate":20
},
{
"id":2210,
"name":"黑衣队长",
"hp_rate":2200,
"atk_rate":30,
"def_rate":25,
"ats_rate":30,
"adf_rate":25
},
{
"id":2211,
"name":"大恶魔",
"hp_rate":2500,
"atk_rate":30,
"def_rate":25,
"ats_rate":30,
"adf_rate":25
},
{
"id":2212,
"name":"贪得无厌",
"hp_rate":2800,
"atk_rate":30,
"def_rate":25,
"ats_rate":30,
"adf_rate":25
},
{
"id":3211,
"name":"精英恶魔",
"hp_rate":2000,
"atk_rate":30,
"def_rate":25,
"ats_rate":30,
"adf_rate":25
},
{
"id":4212,
"name":"贪得无厌",
"hp_rate":3500,
"atk_rate":35,
"def_rate":34,
"ats_rate":35,
"adf_rate":34
},
{
"id":5027,
"name":"小恶魔",
"hp_rate":1100,
"atk_rate":20,
"def_rate":11,
"ats_rate":20,
"adf_rate":11
},
{
"id":5127,
"name":"精英恶魔",
"hp_rate":1600,
"atk_rate":25,
"def_rate":16,
"ats_rate":25,
"adf_rate":16
},
{
"id":6001,
"name":"十方秀才",
"hp_rate":4000,
"atk_rate":40,
"def_rate":32,
"ats_rate":40,
"adf_rate":32
},
{
"id":6002,
"name":"碧池夫人",
"hp_rate":4000,
"atk_rate":40,
"def_rate":32,
"ats_rate":40,
"adf_rate":32
},
{
"id":6003,
"name":"不通老人",
"hp_rate":4000,
"atk_rate":40,
"def_rate":32,
"ats_rate":40,
"adf_rate":32
},
{
"id":6004,
"name":"剑魔亡魂",
"hp_rate":4000,
"atk_rate":40,
"def_rate":32,
"ats_rate":40,
"adf_rate":32
},
{
"id":6011,
"name":"红莲散人",
"hp_rate":4000,
"atk_rate":40,
"def_rate":32,
"ats_rate":40,
"adf_rate":32
},
{
"id":6012,
"name":"风流道人",
"hp_rate":4000,
"atk_rate":40,
"def_rate":32,
"ats_rate":40,
"adf_rate":32
},
{
"id":6013,
"name":"阴阳真人",
"hp_rate":4000,
"atk_rate":40,
"def_rate":32,
"ats_rate":40,
"adf_rate":32
},
{
"id":6014,
"name":"冥火焚身",
"hp_rate":4000,
"atk_rate":40,
"def_rate":32,
"ats_rate":40,
"adf_rate":32
},
{
"id":6021,
"name":"色中饿鬼",
"hp_rate":4000,
"atk_rate":40,
"def_rate":32,
"ats_rate":40,
"adf_rate":32
},
{
"id":6022,
"name":"雷嗔电怒",
"hp_rate":4000,
"atk_rate":40,
"def_rate":32,
"ats_rate":40,
"adf_rate":32
},
{
"id":6023,
"name":"痴男",
"hp_rate":4000,
"atk_rate":40,
"def_rate":32,
"ats_rate":40,
"adf_rate":32
},
{
"id":6024,
"name":"贪得无厌",
"hp_rate":4000,
"atk_rate":40,
"def_rate":32,
"ats_rate":40,
"adf_rate":32
},
{
"id":6029,
"name":"怨女",
"hp_rate":4000,
"atk_rate":40,
"def_rate":32,
"ats_rate":40,
"adf_rate":32
},
{
"id":1301,
"name":"小道士",
"hp_rate":1800,
"atk_rate":31,
"def_rate":24,
"ats_rate":31,
"adf_rate":24
},
{
"id":1302,
"name":"小河童",
"hp_rate":1800,
"atk_rate":31,
"def_rate":24,
"ats_rate":31,
"adf_rate":24
},
{
"id":2301,
"name":"道士",
"hp_rate":2700,
"atk_rate":36,
"def_rate":30,
"ats_rate":36,
"adf_rate":30
},
{
"id":2302,
"name":"大河童",
"hp_rate":3000,
"atk_rate":36,
"def_rate":30,
"ats_rate":36,
"adf_rate":30
},
{
"id":2303,
"name":"铁桨摆渡",
"hp_rate":3300,
"atk_rate":36,
"def_rate":30,
"ats_rate":36,
"adf_rate":30
},
{
"id":3301,
"name":"精英道士",
"hp_rate":2500,
"atk_rate":36,
"def_rate":30,
"ats_rate":36,
"adf_rate":30
},
{
"id":3302,
"name":"精英河童",
"hp_rate":2500,
"atk_rate":36,
"def_rate":30,
"ats_rate":36,
"adf_rate":30
},
{
"id":4303,
"name":"铁桨摆渡",
"hp_rate":4200,
"atk_rate":45,
"def_rate":40,
"ats_rate":45,
"adf_rate":40
},
{
"id":1321,
"name":"蛤蟆怪",
"hp_rate":1800,
"atk_rate":31,
"def_rate":24,
"ats_rate":31,
"adf_rate":24
},
{
"id":1322,
"name":"斗笠剑客",
"hp_rate":1800,
"atk_rate":31,
"def_rate":24,
"ats_rate":31,
"adf_rate":24
},
{
"id":1304,
"name":"小乌鸦",
"hp_rate":1800,
"atk_rate":35,
"def_rate":27,
"ats_rate":35,
"adf_rate":27
},
{
"id":1305,
"name":"小刺龟",
"hp_rate":1800,
"atk_rate":35,
"def_rate":27,
"ats_rate":35,
"adf_rate":27
},
{
"id":2304,
"name":"乌鸦王",
"hp_rate":2700,
"atk_rate":40,
"def_rate":33,
"ats_rate":40,
"adf_rate":33
},
{
"id":2305,
"name":"老龟王",
"hp_rate":3000,
"atk_rate":40,
"def_rate":33,
"ats_rate":40,
"adf_rate":33
},
{
"id":2306,
"name":"绝秀娇俏",
"hp_rate":3300,
"atk_rate":40,
"def_rate":33,
"ats_rate":40,
"adf_rate":33
},
{
"id":3304,
"name":"精英乌鸦",
"hp_rate":2500,
"atk_rate":40,
"def_rate":33,
"ats_rate":40,
"adf_rate":33
},
{
"id":3305,
"name":"精英刺龟",
"hp_rate":2500,
"atk_rate":40,
"def_rate":33,
"ats_rate":40,
"adf_rate":33
},
{
"id":4306,
"name":"绝秀娇俏",
"hp_rate":4200,
"atk_rate":49,
"def_rate":43,
"ats_rate":49,
"adf_rate":43
},
{
"id":2326,
"name":"绝秀娇俏",
"hp_rate":1700,
"atk_rate":40,
"def_rate":33,
"ats_rate":40,
"adf_rate":33
},
{
"id":4326,
"name":"绝秀娇俏",
"hp_rate":2100,
"atk_rate":49,
"def_rate":43,
"ats_rate":49,
"adf_rate":43
},
{
"id":6031,
"name":"铁桨摆渡",
"hp_rate":4000,
"atk_rate":40,
"def_rate":32,
"ats_rate":40,
"adf_rate":32
},
{
"id":6032,
"name":"绝秀娇俏",
"hp_rate":4000,
"atk_rate":40,
"def_rate":32,
"ats_rate":40,
"adf_rate":32
},
{
"id":1307,
"name":"小歌姬",
"hp_rate":2200,
"atk_rate":40,
"def_rate":33,
"ats_rate":40,
"adf_rate":33
},
{
"id":1308,
"name":"黑衣杀手",
"hp_rate":2200,
"atk_rate":40,
"def_rate":33,
"ats_rate":40,
"adf_rate":33
},
{
"id":2307,
"name":"头牌歌姬",
"hp_rate":3300,
"atk_rate":47,
"def_rate":40,
"ats_rate":47,
"adf_rate":40
},
{
"id":2308,
"name":"杀手队长",
"hp_rate":3600,
"atk_rate":47,
"def_rate":40,
"ats_rate":47,
"adf_rate":40
},
{
"id":2309,
"name":"笑面君子",
"hp_rate":4000,
"atk_rate":49,
"def_rate":40,
"ats_rate":49,
"adf_rate":40
},
{
"id":3307,
"name":"精英歌姬",
"hp_rate":3200,
"atk_rate":47,
"def_rate":40,
"ats_rate":47,
"adf_rate":40
},
{
"id":3308,
"name":"精英杀手",
"hp_rate":3200,
"atk_rate":47,
"def_rate":40,
"ats_rate":47,
"adf_rate":40
},
{
"id":4309,
"name":"笑面君子",
"hp_rate":5000,
"atk_rate":55,
"def_rate":50,
"ats_rate":55,
"adf_rate":50
},
{
"id":6033,
"name":"笑面君子",
"hp_rate":4000,
"atk_rate":40,
"def_rate":32,
"ats_rate":40,
"adf_rate":32
},
{
"id":7001,
"name":"工作室Boss1",
"hp_rate":4000,
"atk_rate":40,
"def_rate":32,
"ats_rate":40,
"adf_rate":32
}
]
}