{
"RECORDS":[
{
"id":7001,
"name":"米国队长套装",
"message":"传说这是在遥远国度的一位英雄所穿的套装。这位英雄勇猛有力，意志坚强，是遥远国度的精神领袖！",
"type":"时装",
"add_type":"hp|mp|atk|ats|def|adf",
"add_value":"3000|300|140|140|40|40",
"time":30,
"next":7002,
"money":200000
},
{
"id":7101,
"name":"钢铁大侠套装",
"message":"传说这是在遥远国度的一位英雄所穿的套装。这位英雄英俊潇洒，智慧过人，是遥远国度的才华领袖！",
"type":"时装",
"add_type":"hp|mp|atk|ats|def|adf",
"add_value":"3000|300|140|140|40|40",
"time":30,
"next":7102,
"money":200000
},
{
"id":7002,
"name":"高级米国队长套装",
"message":"传说这是在遥远国度的一位英雄所穿的套装。这位英雄勇猛有力，意志坚强，是遥远国度的精神领袖！",
"type":"时装",
"add_type":"hp|mp|atk|ats|def|adf",
"add_value":"6000|600|280|280|80|80",
"time":90,
"next":7003,
"money":2000000
},
{
"id":7102,
"name":"高级钢铁大侠套装",
"message":"传说这是在遥远国度的一位英雄所穿的套装。这位英雄英俊潇洒，智慧过人，是遥远国度的才华领袖！",
"type":"时装",
"add_type":"hp|mp|atk|ats|def|adf",
"add_value":"6000|600|280|280|80|80",
"time":90,
"next":7103,
"money":2000000
},
{
"id":7003,
"name":"超级米国队长套装",
"message":"传说这是在遥远国度的一位英雄所穿的套装。这位英雄勇猛有力，意志坚强，是遥远国度的精神领袖！",
"type":"时装",
"add_type":"hp|mp|atk|ats|def|adf",
"add_value":"12000|1200|560|560|160|160",
"time":0,
"next":0,
"money":0
},
{
"id":7103,
"name":"超级钢铁大侠套装",
"message":"传说这是在遥远国度的一位英雄所穿的套装。这位英雄英俊潇洒，智慧过人，是遥远国度的才华领袖！",
"type":"时装",
"add_type":"hp|mp|atk|ats|def|adf",
"add_value":"12000|1200|560|560|160|160",
"time":0,
"next":0,
"money":0
},
{
"id":7004,
"name":"蝙蝠勇士套装",
"message":"传说这是在另一个在遥远国度的勇士所穿的套装。其行动敏捷，锄强扶弱，堪称我辈之楷模！",
"type":"时装",
"add_type":"hp|mp|atk|ats|def|adf",
"add_value":"3500|350|140|140|50|50",
"time":30,
"next":7005,
"money":200000
},
{
"id":7104,
"name":"绿灯战士套装",
"message":"传说这是在另一个在遥远国度的战士所穿的套装。其思维广阔，伸张正义，堪称我辈之楷模！",
"type":"时装",
"add_type":"hp|mp|atk|ats|def|adf",
"add_value":"3500|350|140|140|50|50",
"time":30,
"next":7105,
"money":200000
},
{
"id":7005,
"name":"高级蝙蝠勇士套装",
"message":"传说这是在另一个在遥远国度的勇士所穿的套装。其行动敏捷，锄强扶弱，堪称我辈之楷模！",
"type":"时装",
"add_type":"hp|mp|atk|ats|def|adf",
"add_value":"7000|700|280|280|100|100",
"time":90,
"next":7006,
"money":2000000
},
{
"id":7105,
"name":"高级绿灯战士套装",
"message":"传说这是在另一个在遥远国度的战士所穿的套装。其思维广阔，伸张正义，堪称我辈之楷模！",
"type":"时装",
"add_type":"hp|mp|atk|ats|def|adf",
"add_value":"7000|700|280|280|100|100",
"time":90,
"next":7106,
"money":2000000
},
{
"id":7006,
"name":"超级蝙蝠勇士套装",
"message":"传说这是在另一个在遥远国度的勇士所穿的套装。其行动敏捷，锄强扶弱，堪称我辈之楷模！",
"type":"时装",
"add_type":"hp|mp|atk|ats|def|adf",
"add_value":"14000|1400|560|560|200|200",
"time":0,
"next":0,
"money":0
},
{
"id":7106,
"name":"超级绿灯战士套装",
"message":"传说这是在另一个在遥远国度的战士所穿的套装。其思维广阔，伸张正义，堪称我辈之楷模！",
"type":"时装",
"add_type":"hp|mp|atk|ats|def|adf",
"add_value":"14000|1400|560|560|200|200",
"time":0,
"next":0,
"money":0
},
{
"id":7007,
"name":"金刚狂狼套装",
"message":"传说这是在另一个江湖的英雄所穿的套装。他骁勇善战，精力旺盛，成为了英雄中的英雄！",
"type":"时装",
"add_type":"hp|mp|atk|ats|def|adf",
"add_value":"3500|350|150|150|40|40",
"time":30,
"next":7008,
"money":200000
},
{
"id":7107,
"name":"蜘蛛侠客套装",
"message":"传说这是在另一个江湖的英雄所穿的套装。他身手矫健，宅心仁厚，成为了英雄中的英雄！",
"type":"时装",
"add_type":"hp|mp|atk|ats|def|adf",
"add_value":"3500|350|150|150|40|40",
"time":30,
"next":7108,
"money":200000
},
{
"id":7008,
"name":"高级金刚狂狼套装",
"message":"传说这是在另一个江湖的英雄所穿的套装。他骁勇善战，精力旺盛，成为了英雄中的英雄！",
"type":"时装",
"add_type":"hp|mp|atk|ats|def|adf",
"add_value":"7000|700|300|300|80|80",
"time":90,
"next":7009,
"money":2000000
},
{
"id":7108,
"name":"高级蜘蛛侠客套装",
"message":"传说这是在另一个江湖的英雄所穿的套装。他身手矫健，宅心仁厚，成为了英雄中的英雄！",
"type":"时装",
"add_type":"hp|mp|atk|ats|def|adf",
"add_value":"7000|700|300|300|80|80",
"time":90,
"next":7109,
"money":2000000
},
{
"id":7009,
"name":"超级金刚狂狼套装",
"message":"传说这是在另一个江湖的英雄所穿的套装。他骁勇善战，精力旺盛，成为了英雄中的英雄！",
"type":"时装",
"add_type":"hp|mp|atk|ats|def|adf",
"add_value":"14000|1400|600|600|160|160",
"time":0,
"next":0,
"money":0
},
{
"id":7109,
"name":"超级蜘蛛侠客套装",
"message":"传说这是在另一个江湖的英雄所穿的套装。他身手矫健，宅心仁厚，成为了英雄中的英雄！",
"type":"时装",
"add_type":"hp|mp|atk|ats|def|adf",
"add_value":"14000|1400|600|600|160|160",
"time":0,
"next":0,
"money":0
},
{
"id":7010,
"name":"赛亚王子套装",
"message":"传说这是一个强大的战斗民族的王子所穿的套装。他自信孤傲，强大无比，是最优秀的王子！",
"type":"时装",
"add_type":"hp|mp|atk|ats|def|adf",
"add_value":"3500|350|150|150|40|40",
"time":30,
"next":7011,
"money":200000
},
{
"id":7110,
"name":"赛亚勇者套装",
"message":"传说这是一个强大的战斗民族的勇者所穿的套装。他谦虚谨慎，无所畏惧，是最善战的勇者！",
"type":"时装",
"add_type":"hp|mp|atk|ats|def|adf",
"add_value":"3500|350|150|150|40|40",
"time":30,
"next":7111,
"money":200000
},
{
"id":7011,
"name":"高级赛亚王子套装",
"message":"传说这是一个强大的战斗民族的王子所穿的套装。他自信孤傲，强大无比，是最优秀的王子！",
"type":"时装",
"add_type":"hp|mp|atk|ats|def|adf",
"add_value":"7000|700|300|300|80|80",
"time":90,
"next":7012,
"money":2000000
},
{
"id":7111,
"name":"高级赛亚勇者套装",
"message":"传说这是一个强大的战斗民族的勇者所穿的套装。他谦虚谨慎，无所畏惧，是最善战的勇者！",
"type":"时装",
"add_type":"hp|mp|atk|ats|def|adf",
"add_value":"7000|700|300|300|80|80",
"time":90,
"next":7112,
"money":2000000
},
{
"id":7012,
"name":"超级赛亚王子套装",
"message":"传说这是一个强大的战斗民族的王子所穿的套装。他自信孤傲，强大无比，是最优秀的王子！",
"type":"时装",
"add_type":"hp|mp|atk|ats|def|adf",
"add_value":"14000|1400|600|600|160|160",
"time":0,
"next":0,
"money":0
},
{
"id":7112,
"name":"超级赛亚勇者套装",
"message":"传说这是一个强大的战斗民族的勇者所穿的套装。他谦虚谨慎，无所畏惧，是最善战的勇者！",
"type":"时装",
"add_type":"hp|mp|atk|ats|def|adf",
"add_value":"14000|1400|600|600|160|160",
"time":0,
"next":0,
"money":0
},
{
"id":7013,
"name":"铠甲红侠套装",
"message":"传说这是一个神秘的英雄侠士所穿的套装。他勇敢坚强，擅长面对远比自己强大的敌人。",
"type":"时装",
"add_type":"hp|mp|atk|ats|def|adf",
"add_value":"3500|350|150|150|40|40",
"time":30,
"next":7014,
"money":200000
},
{
"id":7113,
"name":"铠甲蓝侠套装",
"message":"传说这是一个神秘的英雄侠士所穿的套装。他聪明伶俐，擅长面对无比狡猾奸诈的敌人。",
"type":"时装",
"add_type":"hp|mp|atk|ats|def|adf",
"add_value":"3500|350|150|150|40|40",
"time":30,
"next":7114,
"money":200000
},
{
"id":7014,
"name":"高级铠甲红侠套装",
"message":"传说这是一个神秘的英雄侠士所穿的套装。他勇敢坚强，擅长面对远比自己强大的敌人。",
"type":"时装",
"add_type":"hp|mp|atk|ats|def|adf",
"add_value":"7000|700|300|300|80|80",
"time":90,
"next":7015,
"money":2000000
},
{
"id":7114,
"name":"高级铠甲蓝侠套装",
"message":"传说这是一个神秘的英雄侠士所穿的套装。他聪明伶俐，擅长面对无比狡猾奸诈的敌人。",
"type":"时装",
"add_type":"hp|mp|atk|ats|def|adf",
"add_value":"7000|700|300|300|80|80",
"time":90,
"next":7115,
"money":2000000
},
{
"id":7015,
"name":"超级铠甲红侠套装",
"message":"传说这是一个神秘的英雄侠士所穿的套装。他勇敢坚强，擅长面对远比自己强大的敌人。",
"type":"时装",
"add_type":"hp|mp|atk|ats|def|adf",
"add_value":"14000|1400|600|600|160|160",
"time":0,
"next":0,
"money":0
},
{
"id":7115,
"name":"超级铠甲蓝侠套装",
"message":"传说这是一个神秘的英雄侠士所穿的套装。他聪明伶俐，擅长面对无比狡猾奸诈的敌人。",
"type":"时装",
"add_type":"hp|mp|atk|ats|def|adf",
"add_value":"14000|1400|600|600|160|160",
"time":0,
"next":0,
"money":0
}
]
}