{
"RECORDS":[
{
"id":1,
"hp":3000,
"mp":300,
"atk":140,
"def":40,
"ats":140,
"adf":40
},
{
"id":2,
"hp":7500,
"mp":750,
"atk":350,
"def":100,
"ats":350,
"adf":100
},
{
"id":3,
"hp":13500,
"mp":1350,
"atk":630,
"def":180,
"ats":630,
"adf":180
},
{
"id":4,
"hp":21000,
"mp":2100,
"atk":980,
"def":280,
"ats":980,
"adf":280
},
{
"id":5,
"hp":30000,
"mp":3000,
"atk":1400,
"def":400,
"ats":1400,
"adf":400
},
{
"id":6,
"hp":40500,
"mp":4050,
"atk":1890,
"def":540,
"ats":1890,
"adf":540
},
{
"id":7,
"hp":52500,
"mp":5250,
"atk":2450,
"def":700,
"ats":2450,
"adf":700
},
{
"id":8,
"hp":66000,
"mp":6600,
"atk":3080,
"def":880,
"ats":3080,
"adf":880
},
{
"id":9,
"hp":81000,
"mp":8100,
"atk":3780,
"def":1080,
"ats":3780,
"adf":1080
},
{
"id":10,
"hp":97500,
"mp":9750,
"atk":4550,
"def":1300,
"ats":4550,
"adf":1300
}
]
}