{
"RECORDS":[
{
"id":1001,
"lv":1,
"mission_name":"初出江湖",
"mission_rules_level":"1_1",
"mission_rules":"通关墨竹林“竹林小径1”",
"mission_description":"当今武林，危机又起。无相使者以绝死印横扫武林，欲寻出十大至宝以解邪魔封印。昨日听闻南镇墨竹林有至宝下落，何不一探究竟？！",
"equipment":"1001|2001",
"item":"6201",
"item_number":"1",
"gold":1000,
"soul":1000,
"exp":1610,
"newFunction":"技能",
"evaluation":0
},
{
"id":1002,
"lv":3,
"mission_name":"竹林探秘",
"mission_rules_level":"1_2",
"mission_rules":"通关墨竹林“竹林小径2”",
"mission_description":"林中起剑舞，舞罢点山河。削得修竹入云劲，笔下墨飞透层林。但见怪乞持杖走，虬髯大汉抱春缪。哈哈，有趣的紧！看谁能阻我路乎？",
"equipment":"1201|2201",
"item":"4201",
"item_number":"20",
"gold":1020,
"soul":1020,
"exp":3700,
"newFunction":"强化",
"evaluation":0
},
{
"id":1003,
"lv":5,
"mission_name":"之乎者也",
"mission_rules_level":"1_3",
"mission_rules":"通关墨竹林“十方秀才”",
"mission_description":"十方秀才，数度不第，入草莽。自恃甚高，心胸狭窄，尖酸刻薄，擅下黑手。其仇敌多莫名惨死，死状可怖。哼，仗义每多屠狗辈，负心多是读书人，打他！",
"equipment":"1301|2301",
"item":"6201",
"item_number":"1",
"gold":1040,
"soul":1040,
"exp":5000,
"newFunction":"精英副本",
"evaluation":0
},
{
"id":1004,
"lv":7,
"mission_name":"真正实力",
"mission_rules_level":"1_1_1",
"mission_rules":"通关精英墨竹林“精英十方秀才”",
"mission_description":"某早惯收战帖，可这帖子...“我本一介书生，武艺冠绝而不轻易示外，故无人知晓。那日一战，见猎心喜，当此月黑风高夜，林中不战心难休，来战！”",
"equipment":"0",
"item":"9001|6001",
"item_number":"25|1",
"gold":1060,
"soul":1060,
"exp":6200,
"newFunction":"召唤，附体",
"evaluation":0
},
{
"id":1005,
"lv":8,
"mission_name":"收集锦囊",
"mission_rules_level":"1_3",
"mission_rules":"通关墨竹林“十方秀才”",
"mission_description":"十方秀才数度大放厥词，言语狂妄，并言若能再败其一阵，必有异宝奉上。武林至宝来得这么不费功夫么，天下哪有此等好事？这厮诳某做甚？且去瞧瞧。",
"equipment":"1101|2101",
"item":"6202",
"item_number":"1",
"gold":1080,
"soul":1080,
"exp":7600,
"newFunction":"BOSS升级",
"evaluation":0
},
{
"id":1006,
"lv":9,
"mission_name":"翠湖强盗",
"mission_rules_level":"1_4",
"mission_rules":"通关墨竹林“竹林翠湖1”",
"mission_description":"“大爷家父欧冶子，自小无他只胆豪。披甲挎刀寒光耀，见爷何人不求饶！”石碑上写的啥玩意？自传体？恩…这强盗原是铁匠的儿子？有点意思…",
"equipment":"1401|2401",
"item":"4101",
"item_number":"30",
"gold":1100,
"soul":1100,
"exp":9400,
"newFunction":"护镖",
"evaluation":0
},
{
"id":1007,
"lv":10,
"mission_name":"镖行天下",
"mission_rules_level":"100",
"mission_rules":"完成一次护镖",
"mission_description":"久闻少侠身怀绝技，心有仁义。今时江湖纷乱，故在下恳请少侠送某镖车，护其周全！还望少侠谨慎行事，早日送达。酬劳之事，在下绝不含糊！",
"equipment":"22|122",
"item":"4102",
"item_number":"30",
"gold":1100,
"soul":1100,
"exp":11400,
"newFunction":"打造",
"evaluation":0
},
{
"id":1008,
"lv":11,
"mission_name":"蛤蟆天鹅",
"mission_rules_level":"1_5",
"mission_rules":"通关墨竹林“竹林翠湖2”",
"mission_description":"翠湖多蟾蜍，夏夜处处蛙。此间人知某寻至宝，呼“敢打俺仙女姊姊主意，定要戮力屠之！”竟呱呱大叫而来！定睛观之，全不似人，为蟾蜍妖！",
"equipment":"1501|2501",
"item":"6201",
"item_number":"1",
"gold":1200,
"soul":1200,
"exp":13800,
"newFunction":"劫镖",
"evaluation":0
},
{
"id":1009,
"lv":12,
"mission_name":"劫富济贫",
"mission_rules_level":"101",
"mission_rules":"完成一次劫镖",
"mission_description":"唐星爷有云，人生大起大落之迅猛，刺激非凡，英雄也因一文钱为难。咦？前方有镖车？？嗯～某绝非贼人，据某所断，此镖为恶人镖车！不劫有违天道！",
"equipment":"0",
"item":"4102|4101",
"item_number":"10|10",
"gold":1200,
"soul":1200,
"exp":16400,
"newFunction":"自动战斗",
"evaluation":0
},
{
"id":1010,
"lv":13,
"mission_name":"碧池倩影",
"mission_rules_level":"1_6",
"mission_rules":"通关墨竹林“碧池夫人”",
"mission_description":"春雨春风春草绿，春日春游行。翠池畔，蛙长鸣。轻歌卷水袖，曼舞如莲行。只知碧池美如玉，婉转引得郎君戏。依稀嘘，谁家旧人掩面泣。",
"equipment":"0",
"item":"6201|4201",
"item_number":"1|10",
"gold":1300,
"soul":1300,
"exp":19200,
"newFunction":"签到",
"evaluation":0
},
{
"id":1011,
"lv":14,
"mission_name":"夜夜笙歌",
"mission_rules_level":"1_2_1",
"mission_rules":"通关精英墨竹林“精英碧池夫人”",
"mission_description":"“奴奴是良家女儿，长隔于世。见君方知世间竟有如此人物风流！故备墨竹淡酒两杯，若不弃粗陋，愿与君同醉碧池畔，听奴奴歌一曲水露杨花荫。”",
"equipment":"0",
"item":"9002|4201",
"item_number":"25|10",
"gold":1300,
"soul":1300,
"exp":24000,
"newFunction":"援护",
"evaluation":0
},
{
"id":1012,
"lv":15,
"mission_name":"墨竹剑客",
"mission_rules_level":"1_7",
"mission_rules":"通关墨竹林“竹林深处1”",
"mission_description":"总角勤学苦，弱冠有锋芒。狂妄拼意气，大祸而立年。妻子俱分散，无家问生死。常遮蓑笠面，无颜示人前。言罢长叹息，风入竹林间。",
"equipment":"0",
"item":"6201|4201",
"item_number":"1|10",
"gold":1400,
"soul":1400,
"exp":28000,
"newFunction":"奇遇",
"evaluation":0
},
{
"id":1013,
"lv":16,
"mission_name":"竹取物语",
"mission_rules_level":"1_7",
"mission_rules":"通关墨竹林“竹林深处1”\n\n并获得     或以上评价",
"mission_description":"不知谁家女，幼弃修墨篁。及笄绝代佳，幽居墨竹南。皓如皎辉涌，盈袖尽暖香。寒镜凝纤影，舒窈如孤光。才名动南镇，蜂蝶欲见狂。",
"equipment":"0",
"item":"4101|4201",
"item_number":"10|10",
"gold":1400,
"soul":1400,
"exp":34000,
"newFunction":"双倍",
"evaluation":1
},
{
"id":1014,
"lv":17,
"mission_name":"神秘黑影",
"mission_rules_level":"1_8",
"mission_rules":"通关墨竹林“竹林深处2”",
"mission_description":"近常感有人远缀于身后，灰衣覆面迤迤而行，冷眼窥伺，意有所图，似是无相魔使。寻宝之事本为某一时兴起，竟惹来魔使，莫非竹林内真藏异宝？",
"equipment":"0",
"item":"6201|4201",
"item_number":"1|10",
"gold":1500,
"soul":1500,
"exp":42000,
"newFunction":"黑市",
"evaluation":0
},
{
"id":1015,
"lv":18,
"mission_name":"降妖除恶",
"mission_rules_level":"1_8",
"mission_rules":"通关墨竹林“竹林深处2”\n\n并获得     或以上评价",
"mission_description":"绝死印，无相天尊绝技。平日无迹可循，然诡丝绕缚八脉，使人如傀儡。若丝线紧勒，则经脉齐爆！无相天尊魔使携绝死印驭法，再现江湖，豪杰悚然！",
"equipment":"0",
"item":"4102|4201",
"item_number":"10|10",
"gold":1500,
"soul":1500,
"exp":52000,
"newFunction":"0",
"evaluation":1
},
{
"id":1016,
"lv":19,
"mission_name":"此路不通",
"mission_rules_level":"1_9",
"mission_rules":"通关墨竹林“不通老人”",
"mission_description":"“什么狗屁不通至宝？没有。”“黄口小儿，狗屁不通，看掌！”“年事见长，处事糊涂？狗屁不通！至宝？打赢老子再告诉你！这老子说的算，谁也不能过！”",
"equipment":"0",
"item":"6201|4201",
"item_number":"1|10",
"gold":1600,
"soul":1600,
"exp":62000,
"newFunction":"PK",
"evaluation":0
},
{
"id":1017,
"lv":20,
"mission_name":"墨竹之谜",
"mission_rules_level":"1_3_1",
"mission_rules":"通关精英墨竹林“精英不通老人”",
"mission_description":"“贵庚？贵？狗屁不通！老子又不卖！太虚观那狗屁不通老道才贵！”“哟嗬，至宝？老子就是不告诉你，来练练，老子正好手痒！有本事再赢老子一场！”",
"equipment":"0",
"item":"9003|4201",
"item_number":"20|10",
"gold":1600,
"soul":1600,
"exp":63000,
"newFunction":"0",
"evaluation":0
},
{
"id":1018,
"lv":21,
"mission_name":"云游太虚",
"mission_rules_level":"2_1",
"mission_rules":"通关太虚观“环山小道1”",
"mission_description":"峰悬云过树，日斜映晴川。灵蕴松苔盛，信步太虚峰。一壶酒，两三棵松，四五闲鸟鸣。半倚老石赏兰草，雾断栈道听古钟。",
"equipment":"0",
"item":"6201|4201",
"item_number":"1|10",
"gold":1700,
"soul":1700,
"exp":64000,
"newFunction":"0",
"evaluation":0
},
{
"id":1019,
"lv":22,
"mission_name":"红尘滚滚",
"mission_rules_level":"2_2",
"mission_rules":"通关太虚观“环山小道2”",
"mission_description":"自小观内习修仙，师父上下讳红莲。木簪绾发年二八，贫道从来不戴花。旦扫山亭心自喜，暮随飞鸟归巢间。世事痴缠怨儿女，怎如清净小道姑。",
"equipment":"0",
"item":"6201|4201",
"item_number":"1|10",
"gold":1800,
"soul":1800,
"exp":65000,
"newFunction":"0",
"evaluation":0
},
{
"id":1020,
"lv":23,
"mission_name":"无情红莲",
"mission_rules_level":"2_3",
"mission_rules":"通关太虚观“红莲散人”",
"mission_description":"人亡如灯灭，心死仇始燃。遂将无限恨，尽焚无情郎。焰开如莲绽，烈光遍八方。东西与南北，看尔何躲藏！",
"equipment":"0",
"item":"6201|4201",
"item_number":"1|10",
"gold":1900,
"soul":1900,
"exp":66000,
"newFunction":"0",
"evaluation":0
},
{
"id":1021,
"lv":24,
"mission_name":"地灵树精",
"mission_rules_level":"2_4",
"mission_rules":"通关太虚观“道观外围1”",
"mission_description":"盘古神君开天地，混沌起峰名太虚。千载日月灵草木，云泽雾润出异禽。木有精怪藏中央，生性疲赖喜暖阳。若使无意轻动弹，莫怨此怪怒四方。",
"equipment":"0",
"item":"6201|4201",
"item_number":"1|10",
"gold":2000,
"soul":2000,
"exp":67000,
"newFunction":"0",
"evaluation":0
},
{
"id":1022,
"lv":25,
"mission_name":"非常之道",
"mission_rules_level":"2_5",
"mission_rules":"通关太虚观“道观外围2”",
"mission_description":"风流教我道德经，日日佩剑习太极。晨起诵罢清音毕，师兄唤吾打酒去。青钱一串藏布兜，叮当作响叫人愁。若被师父知晓去，一壶能剩半壶否?",
"equipment":"0",
"item":"6201|4201",
"item_number":"1|10",
"gold":2100,
"soul":2100,
"exp":68000,
"newFunction":"0",
"evaluation":0
},
{
"id":1023,
"lv":26,
"mission_name":"多情浪子",
"mission_rules_level":"2_6",
"mission_rules":"通关太虚观“风流道人”",
"mission_description":"最喜胭脂色，生在富贵家。红莲性如火，碧池眼横波。为避仇敌煞，披袍羽士家。惊知遇旧识，柔情变罗刹。失则再不回，仇目空相对。",
"equipment":"0",
"item":"6201|4201",
"item_number":"1|10",
"gold":2200,
"soul":2200,
"exp":69000,
"newFunction":"0",
"evaluation":0
},
{
"id":1024,
"lv":27,
"mission_name":"乌鹊南飞",
"mission_rules_level":"2_7",
"mission_rules":"通关太虚观“道观大门1”",
"mission_description":"天生黑翼羽，名唤乌鸦王。赤眼金嘴喙，乌爪银钩刚。一扇七八里，山中何猖狂。展翼五六尺，家居太虚观。呱呱每自夸，何烦，该打！",
"equipment":"0",
"item":"6201|4201",
"item_number":"1|10",
"gold":2300,
"soul":2300,
"exp":70000,
"newFunction":"0",
"evaluation":0
},
{
"id":1025,
"lv":28,
"mission_name":"太虚阴影",
"mission_rules_level":"2_8",
"mission_rules":"通关太虚观“道观大门2”",
"mission_description":"八卦盘何在？小道姑，一无所知；红莲道，缄口不言。乌鸦只乱叫，树妖终日眠。更有风流老道，好自夸；黑衣使者，又相随！何耶？来必只为八卦盘！",
"equipment":"0",
"item":"6201|4201",
"item_number":"1|10",
"gold":2400,
"soul":2400,
"exp":71000,
"newFunction":"0",
"evaluation":0
},
{
"id":1026,
"lv":29,
"mission_name":"混沌无极",
"mission_rules_level":"2_9",
"mission_rules":"通关太虚观“阴阳真人”",
"mission_description":"曾义江湖行，又因江湖去。此生过半载，万化见于心。大道寻怎易，苦悟不了情。遂入太虚观，身守八卦盘。常思断怨日，怕是西去时。",
"equipment":"0",
"item":"6201|4201",
"item_number":"1|10",
"gold":2500,
"soul":2500,
"exp":72000,
"newFunction":"0",
"evaluation":0
},
{
"id":1027,
"lv":30,
"mission_name":"重修之书",
"mission_rules_level":"2_3_1",
"mission_rules":"通关精英太虚观“精英阴阳真人”",
"mission_description":"“舌抵上腭自生津，神水三咽入丹田，气随心转九重天，百脉调匀息自平。心化血，肾生津，百骸调畅，可修新得。”\n               —重修之书，第一章",
"equipment":"0",
"item":"6203|4201",
"item_number":"1|10",
"gold":2600,
"soul":2600,
"exp":73000,
"newFunction":"0",
"evaluation":0
},
{
"id":1028,
"lv":31,
"mission_name":"万恶匪帮",
"mission_rules_level":"3_1",
"mission_rules":"通关万恶谷的“峡谷路口1”",
"mission_description":"万恶之谷，千里烽烟。四野炎火，万物灼灼。悍匪盘道，恶盗踞途。怪者隐之，妖鬼乱世。更有魍魉，食人血肉。愁云惨淡，闻者惊惧。擅闯必死！擅闯必死！",
"equipment":"0",
"item":"6201|4202",
"item_number":"1|10",
"gold":2700,
"soul":2700,
"exp":74000,
"newFunction":"0",
"evaluation":0
},
{
"id":1029,
"lv":32,
"mission_name":"荒尸遍地",
"mission_rules_level":"3_2",
"mission_rules":"通关万恶谷的“峡谷路口2”",
"mission_description":"恨。无限之恨！恨逢迎万人趋，恨良正世同嫌。怒，难扼之怒！怒不肯同污浊，怒遂焚我残躯。火烈何熊熊，吾自化恶鬼，噬血与肉，不肯入轮回！",
"equipment":"0",
"item":"6201|4202",
"item_number":"1|10",
"gold":2800,
"soul":2800,
"exp":75000,
"newFunction":"0",
"evaluation":0
},
{
"id":1030,
"lv":33,
"mission_name":"独行色魔",
"mission_rules_level":"3_3",
"mission_rules":"通关万恶谷的“色中饿鬼”",
"mission_description":"人生一妄世，奈何朝生暮死！都道女子水为骨，男儿臭浊泥。世人不解，无上喜乐！怎能错过迷眼繁花，花底娇莺，莺啼恰恰，恰似一江春水向东流！",
"equipment":"0",
"item":"6201|4202",
"item_number":"1|10",
"gold":2900,
"soul":2900,
"exp":76000,
"newFunction":"0",
"evaluation":0
},
{
"id":1031,
"lv":34,
"mission_name":"朽木难雕",
"mission_rules_level":"3_4",
"mission_rules":"通关万恶谷的“枯骨怪林1”",
"mission_description":"此谷虽名万恶，却非自古而来。数十年前此处不过是熔岩峡谷，渺无人烟，唯有一群蛤蟆成精，盘踞此地。可惜蛤蟆终究只是蛤蟆，难以成人，朽木不可雕也。",
"equipment":"0",
"item":"6201|4202",
"item_number":"1|10",
"gold":3000,
"soul":3000,
"exp":77000,
"newFunction":"0",
"evaluation":0
},
{
"id":1032,
"lv":35,
"mission_name":"食人魔犬",
"mission_rules_level":"3_5",
"mission_rules":"通关万恶谷的“枯骨怪林2”",
"mission_description":"江湖四处，遍布奇兽，万恶谷中，更有熔火恶魔巨犬，四处横行。青面獠牙，口吐烈焰。性情虽不暴躁，然极喜食人肉，过路之人需小心谨慎为好。",
"equipment":"0",
"item":"6201|4202",
"item_number":"1|10",
"gold":3100,
"soul":3100,
"exp":78000,
"newFunction":"0",
"evaluation":0
},
{
"id":1033,
"lv":36,
"mission_name":"雷霆之怒",
"mission_rules_level":"3_6",
"mission_rules":"通关万恶谷的“雷嗔电怒”",
"mission_description":"远古种族，江湖之传说，雷之一族便在其中。雷族中人，声如雷霆，气魄万钧，可催发雷电之力，发电之时犹如天神下凡。如今江湖，不知是否还有雷族。",
"equipment":"0",
"item":"6201|4202",
"item_number":"1|10",
"gold":3200,
"soul":3200,
"exp":79000,
"newFunction":"0",
"evaluation":0
},
{
"id":1034,
"lv":37,
"mission_name":"一刀一个",
"mission_rules_level":"3_7",
"mission_rules":"通关万恶谷的“无情断崖1”",
"mission_description":"形如鬼怪爹娘弃，天涯浪迹残喘息。路遇恶徒断四足，谷主怜我苟活命。无父无母无天地，大道不仁我无情。刀碎骨，钩断魂，自此血冷心如冰！",
"equipment":"0",
"item":"6201|4202",
"item_number":"1|10",
"gold":3300,
"soul":3300,
"exp":80000,
"newFunction":"0",
"evaluation":0
},
{
"id":1035,
"lv":38,
"mission_name":"万恶协议",
"mission_rules_level":"3_8",
"mission_rules":"通关万恶谷的“无情断崖2”",
"mission_description":"入万恶，见黑衣使。问而知黑衣来，与万恶谷主相商。有云万恶谷主，不羁正邪，喜怒无常。喜则能救人，怒则杀无辜。不知所商何事？令我心中隐忧。",
"equipment":"0",
"item":"6201|4202",
"item_number":"1|10",
"gold":3400,
"soul":3400,
"exp":81000,
"newFunction":"0",
"evaluation":0
},
{
"id":1036,
"lv":39,
"mission_name":"恩怨情仇",
"mission_rules_level":"3_9",
"mission_rules":"通关万恶谷的“痴男怨女”",
"mission_description":"两情相悦，奈何有户对门当。痴男怨女，可怜风月债难偿。相思尽成灰。生而无缘，则至阴曹赴死约。宁做孤魂，一生一世一双人。执手相垂泪。",
"equipment":"0",
"item":"6201|4202",
"item_number":"1|10",
"gold":3500,
"soul":3500,
"exp":82000,
"newFunction":"0",
"evaluation":0
},
{
"id":1037,
"lv":40,
"mission_name":"无怨无悔",
"mission_rules_level":"3_3_1",
"mission_rules":"通关精英万恶谷“精英痴男怨女”",
"mission_description":"新月曲如眉，未有团圆意。红豆不堪看，满眼相思泪。终日劈桃瓤，人儿在心里。两朵隔墙花，早晚成连理。",
"equipment":"0",
"item":"6201|4202",
"item_number":"1|10",
"gold":3600,
"soul":3600,
"exp":83000,
"newFunction":"0",
"evaluation":0
},
{
"id":1038,
"lv":41,
"mission_name":"问道风波",
"mission_rules_level":"4_1",
"mission_rules":"通关风波渡的“风波荷塘1”",
"mission_description":"途经风波渡，却见行人寥寥。问方知，月前太虚观主阴阳遣药童秘至风波渡。然药童一去竟音讯全无，不知所踪！阴阳怒，令众徒锁风波渡，一时风波渡肃杀！\r\n",
"equipment":"0",
"item":"6201|4202",
"item_number":"1|10",
"gold":3700,
"soul":3700,
"exp":84000,
"newFunction":"0",
"evaluation":0
},
{
"id":1039,
"lv":42,
"mission_name":"千年河童",
"mission_rules_level":"4_2",
"mission_rules":"通关风波渡的“风波荷塘2”",
"mission_description":"风波渡有物，如三岁童，鳞甲如鲤。七八月，好在碛上自曝。掌爪常没水中，出膝头。小儿不知，欲取弄戏，便杀人。或曰，人有生得者，摘其皋厌，可使之。",
"equipment":"0",
"item":"6201|4202",
"item_number":"1|10",
"gold":3800,
"soul":3800,
"exp":85000,
"newFunction":"0",
"evaluation":0
},
{
"id":1040,
"lv":43,
"mission_name":"何以渡江",
"mission_rules_level":"4_3",
"mission_rules":"通关风波渡的“铁桨摆渡”",
"mission_description":"青荷万里天，风波渺云烟。晴风动莲舞，雨蛙鸣水间。美景良辰好，花开花落闲。年少至此间，一守二十年。唉，江湖少年江湖老，风波渡口风波险！",
"equipment":"0",
"item":"6201|4202",
"item_number":"1|10",
"gold":3900,
"soul":3900,
"exp":86000,
"newFunction":"0",
"evaluation":0
},
{
"id":1041,
"lv":44,
"mission_name":"楚乌孝灵",
"mission_rules_level":"4_4",
"mission_rules":"通关风波渡的“风波澜桥1”",
"mission_description":"澜桥旁居群鸦。有道鸦有反哺之义，老鸦时年将尽，则众鸦相护，尽心赡养，安守其归天。今日误闯，为护老鸦，竟群起而攻之！方知世人多不如畜！",
"equipment":"0",
"item":"6201|4202",
"item_number":"1|10",
"gold":4000,
"soul":4000,
"exp":87000,
"newFunction":"0",
"evaluation":0
},
{
"id":1042,
"lv":45,
"mission_name":"万年老龟",
"mission_rules_level":"4_5",
"mission_rules":"通关风波渡的“风波澜桥2”",
"mission_description":"闻风波渡有龟万年生，壳圆纹方脖软、豆眼鞭尾柱足。本欲一探，却见此龟身带奇物，嘶嘶喷气，本应缓拙前行，然行如风！此乃何人所为耶？甚诡！",
"equipment":"0",
"item":"6201|4202",
"item_number":"1|10",
"gold":4100,
"soul":4100,
"exp":88000,
"newFunction":"0",
"evaluation":0
},
{
"id":1043,
"lv":46,
"mission_name":"情孝两难",
"mission_rules_level":"4_6",
"mission_rules":"通关风波渡的“绝秀娇俏”",
"mission_description":"娇怯素白衣，绝秀风中泣。自言居古渡，本无争强心。慕恋笑面君，为君守此地。郎情冷如冰，强掳家慈去。妾思千百转，唯待君转意。",
"equipment":"0",
"item":"6201|4202",
"item_number":"1|10",
"gold":4200,
"soul":4200,
"exp":89000,
"newFunction":"0",
"evaluation":0
},
{
"id":1044,
"lv":47,
"mission_name":"歌舞升平",
"mission_rules_level":"4_7",
"mission_rules":"通关风波渡的“花灯柳船1”",
"mission_description":"乱花艳色迷人眼，香船蔽日遮天来。东歌西子罗裙动，西舞飞燕胭脂红。一水幽幽荡波澜,丝竹靡靡凭好风。微启檀口唤客来，但住此间浮生白。",
"equipment":"0",
"item":"6201|4202",
"item_number":"1|10",
"gold":4300,
"soul":4300,
"exp":90000,
"newFunction":"0",
"evaluation":0
},
{
"id":1045,
"lv":48,
"mission_name":"新的杀手",
"mission_rules_level":"4_8",
"mission_rules":"通关风波渡的“花灯柳船2”",
"mission_description":"黑纱隐红颜，妙目凝寒光。怯怯娇女儿，柔夷执刃刀。龙鳞裁新月，锋冷欺秋霜。笑言须眉轻，无相使者到！劲装怒破出夜暗，佳人莲步踏疾风！",
"equipment":"0",
"item":"6201|4202",
"item_number":"1|10",
"gold":4400,
"soul":4400,
"exp":91000,
"newFunction":"0",
"evaluation":0
},
{
"id":1046,
"lv":49,
"mission_name":"笑里藏刀",
"mission_rules_level":"4_9",
"mission_rules":"通关风波渡的“笑面君子”",
"mission_description":"风波之主常挂义气于口，以笑面示人，众皆以其为忠义直正之士。诓铁桨摆渡，一守风波二十年；欺绝秀娇俏，家破人亡母被捉。噫吁嚱，其真君子也。",
"equipment":"0",
"item":"6201|4202",
"item_number":"1|10",
"gold":4500,
"soul":4500,
"exp":92000,
"newFunction":"0",
"evaluation":0
},
{
"id":1047,
"lv":50,
"mission_name":"功亏一篑",
"mission_rules_level":"4_3_1",
"mission_rules":"通关精英风波渡“精英笑面君子”",
"mission_description":"吾学艺不精败而无怨，然绝秀娇俏言，是日比武，诸君形貌甚诡，暗下黑手致某败！吾不信，将此贱婢制伏，锁于风波花船，望诸君来与其对质，还汝等清白！",
"equipment":"0",
"item":"6201|4202",
"item_number":"1|10",
"gold":4600,
"soul":4600,
"exp":93000,
"newFunction":"0",
"evaluation":0
},
{
"id":1048,
"lv":51,
"mission_name":"未完待续",
"mission_rules_level":"0",
"mission_rules":"无",
"mission_description":"青山不改，绿水长流，风波渡口，江湖恩仇。",
"equipment":"0",
"item":"6201|4202",
"item_number":"1|10",
"gold":4700,
"soul":4700,
"exp":94000,
"newFunction":"0",
"evaluation":0
}
]
}
