{
"RECORDS":[
{
"lv":1,
"exp":80,
"dailyexp":0,
"dailygold":60,
"dailysoul":60
},
{
"lv":2,
"exp":770,
"dailyexp":0,
"dailygold":70,
"dailysoul":70
},
{
"lv":3,
"exp":1832,
"dailyexp":0,
"dailygold":80,
"dailysoul":80
},
{
"lv":4,
"exp":3365,
"dailyexp":0,
"dailygold":90,
"dailysoul":90
},
{
"lv":5,
"exp":5741,
"dailyexp":0,
"dailygold":100,
"dailysoul":100
},
{
"lv":6,
"exp":9173,
"dailyexp":0,
"dailygold":110,
"dailysoul":110
},
{
"lv":7,
"exp":13892,
"dailyexp":0,
"dailygold":120,
"dailysoul":120
},
{
"lv":8,
"exp":20147,
"dailyexp":0,
"dailygold":130,
"dailysoul":130
},
{
"lv":9,
"exp":28679,
"dailyexp":0,
"dailygold":140,
"dailysoul":140
},
{
"lv":10,
"exp":39893,
"dailyexp":0,
"dailygold":150,
"dailysoul":150
},
{
"lv":11,
"exp":54221,
"dailyexp":0,
"dailygold":160,
"dailysoul":160
},
{
"lv":12,
"exp":72122,
"dailyexp":0,
"dailygold":170,
"dailysoul":170
},
{
"lv":13,
"exp":94082,
"dailyexp":0,
"dailygold":180,
"dailysoul":180
},
{
"lv":14,
"exp":120614,
"dailyexp":0,
"dailygold":190,
"dailysoul":190
},
{
"lv":15,
"exp":153137,
"dailyexp":1800,
"dailygold":200,
"dailysoul":200
},
{
"lv":16,
"exp":193331,
"dailyexp":2000,
"dailygold":215,
"dailysoul":215
},
{
"lv":17,
"exp":242117,
"dailyexp":2240,
"dailygold":250,
"dailysoul":250
},
{
"lv":18,
"exp":304949,
"dailyexp":2500,
"dailygold":280,
"dailysoul":280
},
{
"lv":19,
"exp":388370,
"dailyexp":2830,
"dailygold":370,
"dailysoul":370
},
{
"lv":20,
"exp":494888,
"dailyexp":3200,
"dailygold":440,
"dailysoul":440
},
{
"lv":21,
"exp":627128,
"dailyexp":3960,
"dailygold":500,
"dailysoul":500
},
{
"lv":22,
"exp":787832,
"dailyexp":4820,
"dailygold":630,
"dailysoul":630
},
{
"lv":23,
"exp":970337,
"dailyexp":5470,
"dailygold":787,
"dailysoul":787
},
{
"lv":24,
"exp":1173017,
"dailyexp":6080,
"dailygold":915,
"dailysoul":915
},
{
"lv":25,
"exp":1397267,
"dailyexp":6730,
"dailygold":1035,
"dailysoul":1035
},
{
"lv":26,
"exp":1644527,
"dailyexp":7400,
"dailygold":1170,
"dailysoul":1170
},
{
"lv":27,
"exp":1916282,
"dailyexp":8150,
"dailygold":1314,
"dailysoul":1314
},
{
"lv":28,
"exp":2214062,
"dailyexp":8900,
"dailygold":1470,
"dailysoul":1470
},
{
"lv":29,
"exp":2539442,
"dailyexp":9700,
"dailygold":1630,
"dailysoul":1630
},
{
"lv":30,
"exp":2917682,
"dailyexp":10630,
"dailygold":1818,
"dailysoul":1818
},
{
"lv":31,
"exp":3340472,
"dailyexp":11500,
"dailygold":2010,
"dailysoul":2010
},
{
"lv":32,
"exp":3810812,
"dailyexp":12300,
"dailygold":2195,
"dailysoul":2195
},
{
"lv":33,
"exp":4331792,
"dailyexp":13200,
"dailygold":2395,
"dailysoul":2395
},
{
"lv":34,
"exp":4906592,
"dailyexp":14300,
"dailygold":2610,
"dailysoul":2610
},
{
"lv":35,
"exp":5538482,
"dailyexp":15400,
"dailygold":2860,
"dailysoul":2860
},
{
"lv":36,
"exp":6230822,
"dailyexp":16600,
"dailygold":3120,
"dailysoul":3120
},
{
"lv":37,
"exp":6987062,
"dailyexp":17700,
"dailygold":3380,
"dailysoul":3380
},
{
"lv":38,
"exp":7810742,
"dailyexp":18800,
"dailygold":3660,
"dailysoul":3660
},
{
"lv":39,
"exp":8705492,
"dailyexp":20000,
"dailygold":3940,
"dailysoul":3940
},
{
"lv":40,
"exp":9675032,
"dailyexp":21300,
"dailygold":4230,
"dailysoul":4230
},
{
"lv":41,
"exp":10723172,
"dailyexp":22500,
"dailygold":4530,
"dailysoul":4530
},
{
"lv":42,
"exp":11853812,
"dailyexp":23700,
"dailygold":4820,
"dailysoul":4820
},
{
"lv":43,
"exp":13070942,
"dailyexp":24900,
"dailygold":5100,
"dailysoul":5100
},
{
"lv":44,
"exp":14378642,
"dailyexp":26100,
"dailygold":5430,
"dailysoul":5430
},
{
"lv":45,
"exp":15781082,
"dailyexp":27300,
"dailygold":5740,
"dailysoul":5740
},
{
"lv":46,
"exp":17282522,
"dailyexp":29200,
"dailygold":6210,
"dailysoul":6210
},
{
"lv":47,
"exp":18887312,
"dailyexp":30400,
"dailygold":6700,
"dailysoul":6700
},
{
"lv":48,
"exp":20599892,
"dailyexp":32500,
"dailygold":7210,
"dailysoul":7210
},
{
"lv":49,
"exp":22424792,
"dailyexp":33700,
"dailygold":7750,
"dailysoul":7750
},
{
"lv":50,
"exp":24366632,
"dailyexp":35900,
"dailygold":8310,
"dailysoul":8310
}
]
}