{
"RECORDS":[
{
"month":"2014-03",
"green":10302,
"blue":10603,
"purple":10901
},
{
"month":"2014-04",
"green":10302,
"blue":10603,
"purple":10901
},
{
"month":"2014-05",
"green":10312,
"blue":10613,
"purple":10911
},
{
"month":"2014-06",
"green":10312,
"blue":10613,
"purple":10911
},
{
"month":"2014-07",
"green":10322,
"blue":10623,
"purple":10921
},
{
"month":"2014-08",
"green":10321,
"blue":10623,
"purple":10922
},
{
"month":"2014-09",
"green":10331,
"blue":10633,
"purple":10932
},
{
"month":"2014-10",
"green":10332,
"blue":10633,
"purple":10931
}
]
}