{
"RECORDS":[
{
"id":4101,
"name":"铁竹",
"number":1,
"gold":3000,
"recommend":0
},
{
"id":4102,
"name":"翠藤",
"number":1,
"gold":3000,
"recommend":0
},
{
"id":4103,
"name":"玄钢",
"number":1,
"gold":6000,
"recommend":0
},
{
"id":4104,
"name":"云锭",
"number":1,
"gold":6000,
"recommend":0
},
{
"id":5004,
"name":"锄头",
"number":1,
"gold":200,
"recommend":0
},
{
"id":5001,
"name":"镰刀",
"number":1,
"gold":50,
"recommend":0
},
{
"id":5002,
"name":"矿镐",
"number":1,
"gold":100,
"recommend":0
},
{
"id":5003,
"name":"铁锹",
"number":1,
"gold":150,
"recommend":0
}
]
}