{
"RECORDS":[
{
"id":7501,
"name":"初出江湖",
"message":"通过“竹林小径1”获得。",
"type":"称号",
"add_type":"hp",
"add_value":"2000"
},
{
"id":7502,
"name":"初显锋芒",
"message":"通过“精英十方秀才”获得。",
"type":"称号",
"add_type":"hp|mp",
"add_value":"3000|300"
},
{
"id":7503,
"name":"锋芒毕露",
"message":"通关墨竹林所有关卡获得。",
"type":"称号",
"add_type":"atk|ats",
"add_value":"100|100"
},
{
"id":7504,
"name":"行侠仗义",
"message":"战力突破50000时获得。",
"type":"称号",
"add_type":"hp|mp|def|adf",
"add_value":"8000|800|120|120"
},
{
"id":7505,
"name":"德高望重",
"message":"拥有一张金色伙伴卡的时候获得。",
"type":"称号",
"add_type":"atk|ats|def|adf",
"add_value":"580|580|170|170"
},
{
"id":7506,
"name":"绝世高手",
"message":"达成50个“极”评价时获得。",
"type":"称号",
"add_type":"hp|mp|atk|ats|def|adf",
"add_value":"12000|1200|560|560|160|160"
},
{
"id":7507,
"name":"腰缠万贯",
"message":"成为VIP6时获得。",
"type":"称号",
"add_type":"hp|mp|atk|ats|def|adf",
"add_value":"16000|1600|620|620|200|200"
},
{
"id":7508,
"name":"花好月圆",
"message":"达成中秋活动获得。",
"type":"称号",
"add_type":"hp|mp|atk|ats|def|adf",
"add_value":"10000|1000|540|540|140|140"
},
{
"id":7509,
"name":"傲视天下",
"message":"武斗达成2000场胜利时获得。",
"type":"称号",
"add_type":"hp|mp|atk|ats|def|adf",
"add_value":"10000|1000|540|540|140|140"
},
{
"id":7510,
"name":"神之手",
"message":"获得“超神”评价并通关时获得。",
"type":"称号",
"add_type":"hp|mp|atk|ats|def|adf",
"add_value":"12000|1200|560|560|160|160"
}
]
}