{
"RECORDS":[
{
"lv":1,
"money":0,
"escortexp":0,
"escortgold":0,
"escortsoul":0,
"extra_money":"0",
"extra_soul":"0",
"extra_material":"0"
},
{
"lv":2,
"money":0,
"escortexp":0,
"escortgold":0,
"escortsoul":0,
"extra_money":"0",
"extra_soul":"0",
"extra_material":"0"
},
{
"lv":3,
"money":0,
"escortexp":0,
"escortgold":0,
"escortsoul":0,
"extra_money":"0",
"extra_soul":"0",
"extra_material":"0"
},
{
"lv":4,
"money":0,
"escortexp":0,
"escortgold":0,
"escortsoul":0,
"extra_money":"0",
"extra_soul":"0",
"extra_material":"0"
},
{
"lv":5,
"money":0,
"escortexp":0,
"escortgold":0,
"escortsoul":0,
"extra_money":"0",
"extra_soul":"0",
"extra_material":"0"
},
{
"lv":6,
"money":0,
"escortexp":0,
"escortgold":0,
"escortsoul":0,
"extra_money":"0",
"extra_soul":"0",
"extra_material":"0"
},
{
"lv":7,
"money":0,
"escortexp":0,
"escortgold":0,
"escortsoul":0,
"extra_money":"0",
"extra_soul":"0",
"extra_material":"0"
},
{
"lv":8,
"money":0,
"escortexp":0,
"escortgold":0,
"escortsoul":0,
"extra_money":"0",
"extra_soul":"0",
"extra_material":"0"
},
{
"lv":9,
"money":80,
"escortexp":1800,
"escortgold":240,
"escortsoul":240,
"extra_money":"16|4",
"extra_soul":"16|4",
"extra_material":"4201|4101|4102"
},
{
"lv":10,
"money":100,
"escortexp":2400,
"escortgold":300,
"escortsoul":300,
"extra_money":"20|5",
"extra_soul":"20|5",
"extra_material":"4201|4101|4102"
},
{
"lv":11,
"money":120,
"escortexp":3000,
"escortgold":360,
"escortsoul":360,
"extra_money":"24|6",
"extra_soul":"24|6",
"extra_material":"4201|4101|4102"
},
{
"lv":12,
"money":140,
"escortexp":3600,
"escortgold":420,
"escortsoul":420,
"extra_money":"28|7",
"extra_soul":"28|7",
"extra_material":"4201|4101|4102"
},
{
"lv":13,
"money":160,
"escortexp":4200,
"escortgold":480,
"escortsoul":480,
"extra_money":"32|8",
"extra_soul":"32|8",
"extra_material":"4201|4101|4102"
},
{
"lv":14,
"money":180,
"escortexp":4800,
"escortgold":540,
"escortsoul":540,
"extra_money":"36|9",
"extra_soul":"36|9",
"extra_material":"4201|4101|4102"
},
{
"lv":15,
"money":200,
"escortexp":5400,
"escortgold":600,
"escortsoul":600,
"extra_money":"40|10",
"extra_soul":"40|10",
"extra_material":"4201|4101|4102"
},
{
"lv":16,
"money":215,
"escortexp":6000,
"escortgold":645,
"escortsoul":645,
"extra_money":"43|11",
"extra_soul":"43|11",
"extra_material":"4201|4101|4102"
},
{
"lv":17,
"money":250,
"escortexp":6720,
"escortgold":750,
"escortsoul":750,
"extra_money":"50|12",
"extra_soul":"50|12",
"extra_material":"4201|4101|4102"
},
{
"lv":18,
"money":280,
"escortexp":7500,
"escortgold":840,
"escortsoul":840,
"extra_money":"56|14",
"extra_soul":"56|14",
"extra_material":"4201|4101|4102"
},
{
"lv":19,
"money":370,
"escortexp":8490,
"escortgold":1110,
"escortsoul":1110,
"extra_money":"74|18",
"extra_soul":"74|18",
"extra_material":"4201|4101|4102"
},
{
"lv":20,
"money":440,
"escortexp":9600,
"escortgold":1320,
"escortsoul":1320,
"extra_money":"88|22",
"extra_soul":"88|22",
"extra_material":"4201|4101|4102"
},
{
"lv":21,
"money":500,
"escortexp":11880,
"escortgold":1500,
"escortsoul":1500,
"extra_money":"100|25",
"extra_soul":"100|25",
"extra_material":"4201|4103|4104"
},
{
"lv":22,
"money":630,
"escortexp":14460,
"escortgold":1890,
"escortsoul":1890,
"extra_money":"126|31",
"extra_soul":"126|31",
"extra_material":"4201|4103|4104"
},
{
"lv":23,
"money":787,
"escortexp":16410,
"escortgold":2361,
"escortsoul":2361,
"extra_money":"157|39",
"extra_soul":"157|39",
"extra_material":"4201|4103|4104"
},
{
"lv":24,
"money":915,
"escortexp":18240,
"escortgold":2745,
"escortsoul":2745,
"extra_money":"183|45",
"extra_soul":"183|45",
"extra_material":"4201|4103|4104"
},
{
"lv":25,
"money":1035,
"escortexp":20190,
"escortgold":3105,
"escortsoul":3105,
"extra_money":"207|51",
"extra_soul":"207|51",
"extra_material":"4201|4103|4104"
},
{
"lv":26,
"money":1170,
"escortexp":22200,
"escortgold":3510,
"escortsoul":3510,
"extra_money":"234|58",
"extra_soul":"234|58",
"extra_material":"4201|4103|4104"
},
{
"lv":27,
"money":1314,
"escortexp":24450,
"escortgold":3942,
"escortsoul":3942,
"extra_money":"262|65",
"extra_soul":"262|65",
"extra_material":"4201|4103|4104"
},
{
"lv":28,
"money":1470,
"escortexp":26700,
"escortgold":4410,
"escortsoul":4410,
"extra_money":"294|73",
"extra_soul":"294|73",
"extra_material":"4201|4103|4104"
},
{
"lv":29,
"money":1630,
"escortexp":29100,
"escortgold":4890,
"escortsoul":4890,
"extra_money":"326|81",
"extra_soul":"326|81",
"extra_material":"4201|4103|4104"
},
{
"lv":30,
"money":1818,
"escortexp":31890,
"escortgold":5454,
"escortsoul":5454,
"extra_money":"363|90",
"extra_soul":"363|90",
"extra_material":"4201|4103|4104"
},
{
"lv":31,
"money":2010,
"escortexp":34500,
"escortgold":6030,
"escortsoul":6030,
"extra_money":"402|100",
"extra_soul":"402|100",
"extra_material":"4202|4105|4106"
},
{
"lv":32,
"money":2195,
"escortexp":36900,
"escortgold":6585,
"escortsoul":6585,
"extra_money":"439|109",
"extra_soul":"439|109",
"extra_material":"4202|4105|4106"
},
{
"lv":33,
"money":2395,
"escortexp":39600,
"escortgold":7185,
"escortsoul":7185,
"extra_money":"479|119",
"extra_soul":"479|119",
"extra_material":"4202|4105|4106"
},
{
"lv":34,
"money":2610,
"escortexp":42900,
"escortgold":7830,
"escortsoul":7830,
"extra_money":"522|130",
"extra_soul":"522|130",
"extra_material":"4202|4105|4106"
},
{
"lv":35,
"money":2860,
"escortexp":46200,
"escortgold":8580,
"escortsoul":8580,
"extra_money":"572|143",
"extra_soul":"572|143",
"extra_material":"4202|4105|4106"
},
{
"lv":36,
"money":3120,
"escortexp":49800,
"escortgold":9360,
"escortsoul":9360,
"extra_money":"624|156",
"extra_soul":"624|156",
"extra_material":"4202|4105|4106"
},
{
"lv":37,
"money":3380,
"escortexp":53100,
"escortgold":10140,
"escortsoul":10140,
"extra_money":"676|169",
"extra_soul":"676|169",
"extra_material":"4202|4105|4106"
},
{
"lv":38,
"money":3660,
"escortexp":56400,
"escortgold":10980,
"escortsoul":10980,
"extra_money":"732|183",
"extra_soul":"732|183",
"extra_material":"4202|4105|4106"
},
{
"lv":39,
"money":3940,
"escortexp":60000,
"escortgold":11820,
"escortsoul":11820,
"extra_money":"788|197",
"extra_soul":"788|197",
"extra_material":"4202|4105|4106"
},
{
"lv":40,
"money":4230,
"escortexp":63900,
"escortgold":12690,
"escortsoul":12690,
"extra_money":"846|211",
"extra_soul":"846|211",
"extra_material":"4202|4105|4106"
},
{
"lv":41,
"money":4530,
"escortexp":67500,
"escortgold":13590,
"escortsoul":13590,
"extra_money":"906|226",
"extra_soul":"906|226",
"extra_material":"4202|4107|4108"
},
{
"lv":42,
"money":4820,
"escortexp":71100,
"escortgold":14460,
"escortsoul":14460,
"extra_money":"964|241",
"extra_soul":"964|241",
"extra_material":"4202|4107|4108"
},
{
"lv":43,
"money":5100,
"escortexp":74700,
"escortgold":15300,
"escortsoul":15300,
"extra_money":"1020|255",
"extra_soul":"1020|255",
"extra_material":"4202|4107|4108"
},
{
"lv":44,
"money":5430,
"escortexp":78300,
"escortgold":16290,
"escortsoul":16290,
"extra_money":"1086|271",
"extra_soul":"1086|271",
"extra_material":"4202|4107|4108"
},
{
"lv":45,
"money":5740,
"escortexp":81900,
"escortgold":17220,
"escortsoul":17220,
"extra_money":"1148|287",
"extra_soul":"1148|287",
"extra_material":"4202|4107|4108"
},
{
"lv":46,
"money":6210,
"escortexp":87600,
"escortgold":18630,
"escortsoul":18630,
"extra_money":"1242|310",
"extra_soul":"1242|310",
"extra_material":"4202|4107|4108"
},
{
"lv":47,
"money":6700,
"escortexp":91200,
"escortgold":20100,
"escortsoul":20100,
"extra_money":"1340|335",
"extra_soul":"1340|335",
"extra_material":"4202|4107|4108"
},
{
"lv":48,
"money":7210,
"escortexp":97500,
"escortgold":21630,
"escortsoul":21630,
"extra_money":"1442|360",
"extra_soul":"1442|360",
"extra_material":"4202|4107|4108"
},
{
"lv":49,
"money":7750,
"escortexp":101100,
"escortgold":23250,
"escortsoul":23250,
"extra_money":"1550|387",
"extra_soul":"1550|387",
"extra_material":"4202|4107|4108"
},
{
"lv":50,
"money":8310,
"escortexp":107700,
"escortgold":24930,
"escortsoul":24930,
"extra_money":"1662|415",
"extra_soul":"1662|415",
"extra_material":"4202|4107|4108"
}
]
}