﻿{
"RECORDS":[
{
"id":3001,
"lv":20,
"mission_name":"墨竹谜题",
"mission_rules_level":"1_3",
"mission_rules":"大树乘凉|割绳取物|熄灯拔蜡|推门避雨|深夜鬼火",
"rules_number":5,
"mission_description":"小娃，老子出个谜题，你若能解了便与你说说至宝！酒鬼树，静乘凉；秀才剑，可取物。碧池春水夜熄灯，刺客避雨我推门。不通深夜遇鬼火，翠竹至宝祭亡魂！",
"item":"6201|6205",
"item_number":"1|1",
"gold":1000,
"soul":1000,
"exp":15000,
"newFunction":"墨竹林隐藏副本",
"evaluation":0
},
{
"id":3002,
"lv":20,
"mission_name":"剑魔亡魂",
"mission_rules_level":"1_10",
"mission_rules":"通关“竹林秘境1”|通关“竹林秘境2”|通关“剑魔亡魂”",
"rules_number":3,
"mission_description":"拳皇误伤剑魔，剑魔亡。遂以翠竹杖奠之，然难阻剑魔化煞。老子受友所托，阻人过往，以免亡魂伤人。那两人本惺惺相惜，不想如此！真是往事如狗屁，莫提也罢。",
"item":"6201|9000",
"item_number":"1|2",
"gold":1500,
"soul":1500,
"exp":20000,
"newFunction":"翠竹杖",
"evaluation":0
},
{
"id":3011,
"lv":30,
"mission_name":"太虚奇观",
"mission_rules_level":"2_3",
"mission_rules":"湿柴烈火|震树落书|蓄水结冰|混元宝珠|夜空摘星",
"rules_number":5,
"mission_description":"贫道无能，执掌太虚，江湖纷乱，无暇顾及。至宝下落，说来简单。湿柴烈火，震树落书，蓄水结冰，混元宝珠，夜空摘星。太虚奇观，见者分晓。",
"item":"6201|6205",
"item_number":"1|1",
"gold":2000,
"soul":2000,
"exp":30000,
"newFunction":"太虚观隐藏副本",
"evaluation":0
},
{
"id":3012,
"lv":30,
"mission_name":"冥火焚身",
"mission_rules_level":"2_10",
"mission_rules":"通关“太虚地牢1”|通关“太虚地牢2”|通关“冥火焚身”",
"rules_number":3,
"mission_description":"守护八卦，师兄冥火，若非变故，必成大器。冥火勤学，闭关修炼，不知何故，走火入魔。冥火焚身，伤及无辜，师兄悔恨，锁身于牢，固守八卦，免祸江湖。",
"item":"6201|6204",
"item_number":"1|2",
"gold":3000,
"soul":3000,
"exp":40000,
"newFunction":"八卦盘",
"evaluation":0
},
{
"id":3021,
"lv":40,
"mission_name":"未完待续",
"mission_rules_level":"1_3",
"mission_rules":"通关墨竹林“十方秀才”",
"rules_number":0,
"mission_description":"小娃，老子出个谜题，你若能猜到便与你说说翠竹至宝！酒鬼树下好乘凉，秀才割绳好取物。碧池春水好熄灯，刺客推门避雨迟。不通深夜遇鬼火，翠竹至宝祭亡魂！",
"item":"6202",
"item_number":"1",
"gold":1500,
"soul":1500,
"exp":20000,
"newFunction":"0",
"evaluation":0
},
{
"id":3022,
"lv":40,
"mission_name":"翠湖强盗",
"mission_rules_level":"1_4",
"mission_rules":"通关墨竹林“竹林翠湖1”",
"rules_number":0,
"mission_description":"“大爷家父欧冶子，自小无他只胆豪。披甲挎刀寒光耀，见爷何人不求饶！”石碑上写的啥玩意？自传体？恩…这强盗原是铁匠的儿子？有点意思…",
"item":"4201",
"item_number":"20",
"gold":1100,
"soul":1100,
"exp":9400,
"newFunction":"0",
"evaluation":0
},
{
"id":3031,
"lv":50,
"mission_name":"收集铁竹",
"mission_rules_level":"1_4",
"mission_rules":"通关墨竹林“竹林翠湖1”\n\n并获得     或以上评价",
"rules_number":0,
"mission_description":"千年墨竹林潇潇，唯此林方可育出铁竹。铁竹之名动天下，其质有竹之韧，而坚如钢！若以此为兵器，则坚韧无双。既有缘来此，当多寻觅，为我所用。",
"item":"4101",
"item_number":"30",
"gold":1100,
"soul":1100,
"exp":11400,
"newFunction":"0",
"evaluation":0
},
{
"id":3032,
"lv":50,
"mission_name":"蛤蟆天鹅",
"mission_rules_level":"1_5",
"mission_rules":"通关墨竹林“竹林翠湖2”",
"rules_number":0,
"mission_description":"翠湖多蟾蜍，夏夜处处蛙。此间人知某寻至宝，呼“敢打俺仙女姊姊主意，定要戮力屠之！”竟呱呱大叫而来！定睛观之，全不似人，为蟾蜍妖！",
"item":"4102",
"item_number":"30",
"gold":1200,
"soul":1200,
"exp":13600,
"newFunction":"0",
"evaluation":0
},
{
"id":3041,
"lv":60,
"mission_name":"收集翠藤",
"mission_rules_level":"1_5",
"mission_rules":"通关墨竹林“竹林翠湖2”\n\n并获得     或以上评价",
"rules_number":0,
"mission_description":"江湖前辈言，墨竹之翠藤，杀人只一瞬！虽细碎，而刀斩难断，不可小觑。又闻集此翠藤可制神兵，然江湖传言，不知真假。唯有一试，方辨真伪。",
"item":"4102|4101",
"item_number":"10|10",
"gold":1200,
"soul":1200,
"exp":16000,
"newFunction":"0",
"evaluation":0
},
{
"id":3042,
"lv":60,
"mission_name":"碧池倩影",
"mission_rules_level":"1_6",
"mission_rules":"通关墨竹林“碧池夫人”",
"rules_number":0,
"mission_description":"春雨春风春草绿，春日春游行。翠池畔，蛙长鸣。轻歌卷水袖，曼舞如莲行。只知碧池美如玉，婉转引得郎君戏。依稀嘘，谁家旧人掩面泣。",
"item":"6201|4201",
"item_number":"1|10",
"gold":1300,
"soul":1300,
"exp":18600,
"newFunction":"0",
"evaluation":0
}
]
}
