{
"RECORDS":[
{
"id":1,
"name":"1_1_1",
"monster1":"1001*1",
"monster2":"1001*1",
"monster3":"0|1001*1",
"monster4":"0|1001*1",
"monster5":"0|1001*1",
"monster6":"1001*1"
},
{
"id":2,
"name":"1_1_2",
"monster1":"1001*1",
"monster2":"1001*1",
"monster3":"1001*1",
"monster4":"0|1001*1",
"monster5":"0|1001*1",
"monster6":"0|1001*1"
},
{
"id":3,
"name":"1_1_3",
"monster1":"2001*1",
"monster2":"1001*1",
"monster3":"1001*1",
"monster4":"0",
"monster5":"0",
"monster6":"0"
},
{
"id":4,
"name":"1_2_1",
"monster1":"1001*1",
"monster2":"1001*1",
"monster3":"1001*1",
"monster4":"0|1002*1",
"monster5":"0|1001*1",
"monster6":"0|1001*1"
},
{
"id":5,
"name":"1_2_2",
"monster1":"1001*1",
"monster2":"1001*1",
"monster3":"1002*1|1001*1",
"monster4":"1002*1|1001*1",
"monster5":"0|1002*1",
"monster6":"0|1002*1"
},
{
"id":6,
"name":"1_2_3",
"monster1":"2002*1",
"monster2":"1001*1",
"monster3":"1001*1",
"monster4":"1002*1",
"monster5":"0",
"monster6":"0"
},
{
"id":7,
"name":"1_3_1",
"monster1":"1001*1",
"monster2":"1002*1|1001*1",
"monster3":"1001*1|1002*1",
"monster4":"1002*1|1001*1",
"monster5":"0|1002*1",
"monster6":"0|3001*1"
},
{
"id":8,
"name":"1_3_2",
"monster1":"1002*1|1001*1",
"monster2":"1001*1|1002*1",
"monster3":"1002*1|1001*1",
"monster4":"1001*1|1002*1",
"monster5":"1002*1|1001*1",
"monster6":"0|3002*1"
},
{
"id":9,
"name":"1_3_3",
"monster1":"2003*1",
"monster2":"1001*1",
"monster3":"1001*1",
"monster4":"1002*1",
"monster5":"1002*1",
"monster6":"0"
},
{
"id":10,
"name":"1_4_1",
"monster1":"1001*1",
"monster2":"1001*1|1001*1",
"monster3":"1002*1|1002*1",
"monster4":"1002*1|1004*1",
"monster5":"1004*1|1002*1",
"monster6":"0|1004*1"
},
{
"id":11,
"name":"1_4_2",
"monster1":"1004*1",
"monster2":"1001*1|1004*1",
"monster3":"1002*1|1004*1",
"monster4":"1004*1|1001*1",
"monster5":"1002*1|1004*1",
"monster6":"0|1002*1"
},
{
"id":12,
"name":"1_4_3",
"monster1":"2004*1",
"monster2":"1004*1",
"monster3":"1004*1",
"monster4":"1004*1",
"monster5":"0",
"monster6":"0"
},
{
"id":13,
"name":"1_5_1",
"monster1":"1004*1",
"monster2":"1004*1|1004*1",
"monster3":"1005*1|1004*1",
"monster4":"1004*1|1005*1",
"monster5":"1001*1|1005*1",
"monster6":"1002*1|1001*1"
},
{
"id":14,
"name":"1_5_2",
"monster1":"1004*1|1005*1",
"monster2":"1004*1|1005*1",
"monster3":"1005*1|1004*1",
"monster4":"1004*1|1005*1",
"monster5":"1005*1|1004*1",
"monster6":"1005*1|1004*1"
},
{
"id":15,
"name":"1_5_3",
"monster1":"2005*1",
"monster2":"1004*1",
"monster3":"1005*1",
"monster4":"1004*1",
"monster5":"1005*1",
"monster6":"0"
},
{
"id":16,
"name":"1_6_1",
"monster1":"1004*1|1002*1",
"monster2":"1004*1|1004*1",
"monster3":"1005*1|1004*1",
"monster4":"1004*1|1005*1",
"monster5":"1001*1|1005*1",
"monster6":"1002*1|3004*1"
},
{
"id":17,
"name":"1_6_2",
"monster1":"1004*1|1005*1",
"monster2":"1004*1|1005*1",
"monster3":"1005*1|1004*1",
"monster4":"1004*1|1004*1",
"monster5":"1005*1|1004*1",
"monster6":"1005*1|3005*1"
},
{
"id":18,
"name":"1_6_3",
"monster1":"2006*1",
"monster2":"1005*1",
"monster3":"1004*1",
"monster4":"1005*1",
"monster5":"1004*1",
"monster6":"0"
},
{
"id":19,
"name":"1_7_1",
"monster1":"1004*1|1005*2",
"monster2":"1005*1|1004*1",
"monster3":"1001*1|1005*1",
"monster4":"1002*1|1004*1",
"monster5":"1004*1|1007*1",
"monster6":"1007*1|1007*1"
},
{
"id":20,
"name":"1_7_2",
"monster1":"1004*1|1005*1",
"monster2":"1007*1|1007*1",
"monster3":"1005*1|1004*1",
"monster4":"1007*1|1007*1",
"monster5":"1005*1|1004*1",
"monster6":"1007*1|1007*1"
},
{
"id":21,
"name":"1_7_3",
"monster1":"2007*1",
"monster2":"1004*1",
"monster3":"1005*1",
"monster4":"1007*1",
"monster5":"0",
"monster6":"0"
},
{
"id":22,
"name":"1_8_1",
"monster1":"1007*1|1008*2",
"monster2":"1007*1|1004*1",
"monster3":"1004*1|1005*1",
"monster4":"1005*1|1007*1",
"monster5":"1007*1|1007*1",
"monster6":"1008*1|1007*1"
},
{
"id":23,
"name":"1_8_2",
"monster1":"1007*1|1008*1",
"monster2":"1007*1|1008*1",
"monster3":"1007*1|1008*1",
"monster4":"1008*1|1008*1",
"monster5":"1008*1|1008*1",
"monster6":"1008*1|1008*1"
},
{
"id":24,
"name":"1_8_3",
"monster1":"2008*1",
"monster2":"1008*1",
"monster3":"1008*1",
"monster4":"1008*1",
"monster5":"1008*1",
"monster6":"1008*1"
},
{
"id":25,
"name":"1_9_1",
"monster1":"1007*1|1008*1",
"monster2":"1007*1|1008*1",
"monster3":"1007*1|1007*1",
"monster4":"1008*1|1007*1",
"monster5":"1008*1|1007*1",
"monster6":"1008*1|3007*1"
},
{
"id":26,
"name":"1_9_2",
"monster1":"1007*1|1008*1",
"monster2":"1007*1|1008*1",
"monster3":"1007*1|1008*1",
"monster4":"1008*1|1007*1",
"monster5":"1008*1|1007*1",
"monster6":"1008*1|3008*1"
},
{
"id":27,
"name":"1_9_3",
"monster1":"2009*1",
"monster2":"1001*1",
"monster3":"1002*1",
"monster4":"3004*1",
"monster5":"3005*1",
"monster6":"1007*1"
},
{
"id":28,
"name":"1_10_1",
"monster1":"1007*1|1121*1",
"monster2":"1121*1|1122*1",
"monster3":"1005*1|1008*2",
"monster4":"1008*1|1005*1",
"monster5":"1005*1|1007*1",
"monster6":"1122*1|1011*1"
},
{
"id":29,
"name":"1_10_2",
"monster1":"1122*1|1011*1",
"monster2":"1011*1|1122*1",
"monster3":"1007*2|1008*1",
"monster4":"1008*1|1008*1",
"monster5":"1008*1|1007*1",
"monster6":"1005*1|3008*2"
},
{
"id":30,
"name":"1_10_3",
"monster1":"2010*1",
"monster2":"1008*1",
"monster3":"1011*1",
"monster4":"3008*1",
"monster5":"3008*1",
"monster6":"1011*1"
},
{
"id":31,
"name":"1_11_1",
"monster1":"1007*1|1005*1",
"monster2":"1005*1|1122*1",
"monster3":"1011*1|1011*1",
"monster4":"1008*1|1011*1",
"monster5":"1011*1|1008*2",
"monster6":"1122*1|1011*1"
},
{
"id":32,
"name":"1_11_2",
"monster1":"1011*1|1011*2|3008*1",
"monster2":"1011*2|1005*1|1011*2",
"monster3":"1005*2|1008*1|3005*1",
"monster4":"1008*1|3008*1|1011*1",
"monster5":"1008*1|1011*1|1011*1",
"monster6":"1011*1|1011*2|3011*2"
},
{
"id":33,
"name":"1_11_3",
"monster1":"2011*1",
"monster2":"1011*1",
"monster3":"1011*1",
"monster4":"3011*1",
"monster5":"3011*1",
"monster6":"1011*1"
},
{
"id":34,
"name":"1_12_1",
"monster1":"1008*1|1005*1",
"monster2":"1122*1|1008*2",
"monster3":"1011*1|1011*2",
"monster4":"1008*1|1011*1",
"monster5":"1011*1|1008*2",
"monster6":"1011*2|1011*1"
},
{
"id":35,
"name":"1_12_2",
"monster1":"1122*2|1011*2|1008*2",
"monster2":"1011*2|3005*1|1011*2",
"monster3":"1005*2|3008*2|1011*1",
"monster4":"1008*1|1008*1|3008*2",
"monster5":"1008*1|1011*1|1011*1",
"monster6":"1011*1|1011*2|3011*2"
},
{
"id":36,
"name":"1_12_3",
"monster1":"2012*1",
"monster2":"1011*1",
"monster3":"1011*1",
"monster4":"3011*1",
"monster5":"3011*2",
"monster6":"1011*1"
},
{
"id":37,
"name":"2_1_1",
"monster1":"1101*1|1121*1",
"monster2":"1101*1|1122*1",
"monster3":"1121*1|1101*1",
"monster4":"1122*1|1101*2",
"monster5":"1122*1|1121*1",
"monster6":"1122*1|1102*1"
},
{
"id":38,
"name":"2_1_2",
"monster1":"1121*1|1122*2",
"monster2":"1122*2|1121*1",
"monster3":"1101*1|1102*1",
"monster4":"1101*1|1102*1",
"monster5":"1121*1|1101*1",
"monster6":"1102*1|1101*2"
},
{
"id":39,
"name":"2_1_3",
"monster1":"2101*1",
"monster2":"1101*1",
"monster3":"1122*1",
"monster4":"1121*1",
"monster5":"1101*1",
"monster6":"0"
},
{
"id":40,
"name":"2_2_1",
"monster1":"1101*2|1121*1",
"monster2":"1101*1|1102*1",
"monster3":"1102*1|1101*2",
"monster4":"1102*1|1102*1",
"monster5":"1121*1|1122*1",
"monster6":"1122*1|1102*1"
},
{
"id":41,
"name":"2_2_2",
"monster1":"1102*1|1121*2",
"monster2":"1101*2|1102*1",
"monster3":"1121*1|1102*1",
"monster4":"1102*1|1102*1",
"monster5":"1102*1|1101*2",
"monster6":"1122*2|1102*1"
},
{
"id":42,
"name":"2_2_3",
"monster1":"2102*1",
"monster2":"1102*1",
"monster3":"1102*1",
"monster4":"1102*1",
"monster5":"1102*1",
"monster6":"1102*1"
},
{
"id":43,
"name":"2_3_1",
"monster1":"1121*1|1102*1",
"monster2":"1101*2|1121*1",
"monster3":"1102*1|1102*1",
"monster4":"1102*1|3101*2",
"monster5":"1101*1|1102*1",
"monster6":"1102*1|1101*1"
},
{
"id":44,
"name":"2_3_2",
"monster1":"1102*2|1121*1|1102*1",
"monster2":"1101*1|1102*2|1102*1",
"monster3":"1102*1|1102*1|1102*1",
"monster4":"1102*1|1102*1|3102*2",
"monster5":"1102*1|1101*2|1102*1",
"monster6":"1122*1|1102*1|1101*2"
},
{
"id":45,
"name":"2_3_3",
"monster1":"2103*1",
"monster2":"1102*1",
"monster3":"1102*1",
"monster4":"1102*1",
"monster5":"1102*1",
"monster6":"1102*1"
},
{
"id":46,
"name":"2_4_1",
"monster1":"1102*2|1121*1",
"monster2":"1101*1|1104*2",
"monster3":"1121*1|1102*1",
"monster4":"1102*1|1102*1",
"monster5":"1102*1|1101*2",
"monster6":"1122*2|1102*1"
},
{
"id":47,
"name":"2_4_2",
"monster1":"1104*2|1102*2|1104*2",
"monster2":"1101*1|1104*1|1104*1",
"monster3":"1102*1|1104*1|1102*1",
"monster4":"1104*1|1102*1|1104*1",
"monster5":"1102*1|1101*2|1104*1",
"monster6":"1121*2|1104*1|1101*2"
},
{
"id":48,
"name":"2_4_3",
"monster1":"2104*1",
"monster2":"1102*1",
"monster3":"1104*1",
"monster4":"1104*1",
"monster5":"1104*1",
"monster6":"1101*1"
},
{
"id":49,
"name":"2_5_1",
"monster1":"1102*1|1105*1",
"monster2":"1101*1|1104*1",
"monster3":"1104*1|1102*1",
"monster4":"1102*1|1102*1",
"monster5":"1104*1|1101*2",
"monster6":"1122*1|1104*2"
},
{
"id":50,
"name":"2_5_2",
"monster1":"1104*1|1102*2|1105*1",
"monster2":"1105*1|1105*1|1102*2",
"monster3":"1102*2|1105*1|1105*1",
"monster4":"1104*2|1102*1|1105*1",
"monster5":"1102*1|1105*1|1102*2",
"monster6":"1105*1|1104*2|1105*1"
},
{
"id":51,
"name":"2_5_3",
"monster1":"2105*1",
"monster2":"1105*1",
"monster3":"1105*1",
"monster4":"1105*1",
"monster5":"1102*1",
"monster6":"1102*1"
},
{
"id":52,
"name":"2_6_1",
"monster1":"1105*1|1104*2",
"monster2":"1104*2|1105*1",
"monster3":"1102*1|1102*2",
"monster4":"1102*1|1101*1",
"monster5":"1101*2|3104*2",
"monster6":"1105*1|1105*1"
},
{
"id":53,
"name":"2_6_2",
"monster1":"1104*2|1102*2|1105*1",
"monster2":"1104*1|1105*1|1102*2",
"monster3":"1102*1|1105*1|1104*2",
"monster4":"1105*1|1104*2|1105*1",
"monster5":"1102*2|1104*1|1104*2",
"monster6":"1105*1|1102*1|3105*1"
},
{
"id":54,
"name":"2_6_3",
"monster1":"2106*1",
"monster2":"1104*1",
"monster3":"1105*1",
"monster4":"1105*1",
"monster5":"1102*1",
"monster6":"1102*1"
},
{
"id":55,
"name":"2_7_1",
"monster1":"1102*2|1105*1",
"monster2":"1105*1|1104*2",
"monster3":"1104*2|1102*1",
"monster4":"1102*1|1102*1",
"monster5":"1104*1|1107*2",
"monster6":"1105*1|1105*1"
},
{
"id":56,
"name":"2_7_2",
"monster1":"1104*2|1102*2|1107*2",
"monster2":"1105*1|1105*1|1102*1",
"monster3":"1102*1|1107*2|1107*1",
"monster4":"1107*2|1104*1|1107*1",
"monster5":"1104*1|1107*1|1104*2",
"monster6":"1107*1|1107*1|1107*1"
},
{
"id":57,
"name":"2_7_3",
"monster1":"2107*1",
"monster2":"1107*1",
"monster3":"1107*1",
"monster4":"1107*1",
"monster5":"1107*1",
"monster6":"1107*2"
},
{
"id":58,
"name":"2_8_1",
"monster1":"1105*1|1104*1",
"monster2":"1104*1|1105*1",
"monster3":"1102*1|1102*1",
"monster4":"1101*1|1108*1",
"monster5":"1107*2|1108*2",
"monster6":"1108*2|1107*1"
},
{
"id":59,
"name":"2_8_2",
"monster1":"1108*2|1108*2|1108*1",
"monster2":"1105*1|1108*1|1108*2",
"monster3":"1108*1|1107*2|1107*2",
"monster4":"1107*2|1104*1|1108*1",
"monster5":"1104*1|1108*1|1108*2",
"monster6":"1108*1|1108*1|1108*1"
},
{
"id":60,
"name":"2_8_3",
"monster1":"2108*1",
"monster2":"1108*1",
"monster3":"1108*1",
"monster4":"1108*1",
"monster5":"1108*1",
"monster6":"1108*2"
},
{
"id":61,
"name":"2_9_1",
"monster1":"1102*2|1105*1|1104*1",
"monster2":"1105*1|1104*1|1105*1",
"monster3":"1104*1|1102*1|1102*1",
"monster4":"1101*1|1101*1|1101*1",
"monster5":"1107*2|1107*2|1107*2",
"monster6":"1108*1|1108*2|3108*2"
},
{
"id":62,
"name":"2_9_2",
"monster1":"1101*1|1102*2|1102*1",
"monster2":"1105*2|1105*1|1105*1",
"monster3":"1102*1|1104*2|1107*2",
"monster4":"1107*2|1107*2|1104*1",
"monster5":"1104*1|1102*1|1104*2",
"monster6":"1105*1|1105*1|3107*2"
},
{
"id":63,
"name":"2_9_3",
"monster1":"2109*1",
"monster2":"1105*1",
"monster3":"1102*2",
"monster4":"1104*2",
"monster5":"1107*2",
"monster6":"1107*2"
},
{
"id":64,
"name":"2_10_1",
"monster1":"1107*1|1107*1|1102*1",
"monster2":"1102*1|1102*1|1108*2",
"monster3":"1104*1|1108*2|3104*1",
"monster4":"1104*1|1104*1|1105*1",
"monster5":"1108*1|1105*1|1111*1",
"monster6":"1105*1|1111*1|1107*1"
},
{
"id":65,
"name":"2_10_2",
"monster1":"1108*1|1107*1|1107*1",
"monster2":"1111*1|1102*2|1108*2",
"monster3":"1107*2|1108*2|1108*2",
"monster4":"1108*2|1104*2|1104*1",
"monster5":"1102*1|1107*1|1111*1",
"monster6":"1105*1|1108*2|3108*2"
},
{
"id":66,
"name":"2_10_3",
"monster1":"2110*1",
"monster2":"1108*1",
"monster3":"1111*1",
"monster4":"3108*1",
"monster5":"3108*1",
"monster6":"1108*1"
},
{
"id":67,
"name":"2_11_1",
"monster1":"1107*1|1105*1|1111*1",
"monster2":"1105*1|3102*2|1111*2",
"monster3":"1111*1|1111*1|1107*1",
"monster4":"1108*1|1111*2|1108*1",
"monster5":"1111*1|1108*2|1107*1",
"monster6":"3102*1|1107*1|3105*2"
},
{
"id":68,
"name":"2_11_2",
"monster1":"1111*1|1111*2|3108*1",
"monster2":"1111*2|3107*2|1111*2",
"monster3":"1105*2|1108*2|3107*1",
"monster4":"1108*1|3108*1|1111*1",
"monster5":"1108*1|1111*1|1111*1",
"monster6":"1111*1|1111*2|3111*2"
},
{
"id":69,
"name":"2_11_3",
"monster1":"2111*1",
"monster2":"1111*1",
"monster3":"1111*1",
"monster4":"1111*1",
"monster5":"3111*1",
"monster6":"1111*1"
},
{
"id":70,
"name":"2_12_1",
"monster1":"1108*1|3104*2|1111*1",
"monster2":"3102*1|1108*2|1111*1",
"monster3":"1111*1|1111*2|3104*2",
"monster4":"1108*1|3111*1|1108*2",
"monster5":"1107*1|1107*2|3105*1",
"monster6":"1111*2|1111*1|3107*2"
},
{
"id":71,
"name":"2_12_2",
"monster1":"1111*1|1111*2|3107*2",
"monster2":"3111*1|3105*1|1111*2",
"monster3":"3105*2|3107*2|3105*1",
"monster4":"1108*2|1108*1|3108*2",
"monster5":"1107*2|3111*1|1111*1",
"monster6":"1111*1|1111*2|3111*2"
},
{
"id":72,
"name":"2_12_3",
"monster1":"2112*1",
"monster2":"1111*1",
"monster3":"1111*1",
"monster4":"3111*1",
"monster5":"1111*2",
"monster6":"3111*1"
}
]
}