{
"RECORDS":[
{
"id":6201,
"name":"复活币",
"number":1,
"gold_before":320000,
"gold":250000,
"coupon_before":79,
"coupon":71,
"recommend":1,
"type":1,
"propId":1550,
"vip_type":2
},
{
"id":6203,
"name":"重修之书",
"number":1,
"gold_before":2000000,
"gold":1600000,
"coupon_before":499,
"coupon":449,
"recommend":1,
"type":0,
"propId":1551,
"vip_type":2
},
{
"id":6204,
"name":"刷新卷",
"number":1,
"gold_before":280000,
"gold":220000,
"coupon_before":69,
"coupon":62,
"recommend":1,
"type":1,
"propId":1552,
"vip_type":2
},
{
"id":6205,
"name":"万能钥匙",
"number":1,
"gold_before":240000,
"gold":190000,
"coupon_before":59,
"coupon":53,
"recommend":1,
"type":1,
"propId":1553,
"vip_type":3
},
{
"id":4101,
"name":"铁竹",
"number":10,
"gold_before":30000,
"gold":20000,
"coupon_before":0,
"coupon":0,
"recommend":0,
"type":0,
"propId":0,
"vip_type":3
},
{
"id":4102,
"name":"翠藤",
"number":10,
"gold_before":30000,
"gold":20000,
"coupon_before":0,
"coupon":0,
"recommend":0,
"type":0,
"propId":0,
"vip_type":3
},
{
"id":4103,
"name":"玄钢",
"number":10,
"gold_before":60000,
"gold":40000,
"coupon_before":0,
"coupon":0,
"recommend":0,
"type":0,
"propId":0,
"vip_type":3
},
{
"id":4104,
"name":"云锭",
"number":10,
"gold_before":60000,
"gold":40000,
"coupon_before":0,
"coupon":0,
"recommend":0,
"type":0,
"propId":0,
"vip_type":3
},
{
"id":4105,
"name":"雷石",
"number":10,
"gold_before":120000,
"gold":80000,
"coupon_before":0,
"coupon":0,
"recommend":0,
"type":0,
"propId":0,
"vip_type":3
},
{
"id":4106,
"name":"赤火",
"number":10,
"gold_before":120000,
"gold":80000,
"coupon_before":0,
"coupon":0,
"recommend":0,
"type":0,
"propId":0,
"vip_type":3
},
{
"id":4201,
"name":"白色强化石",
"number":20,
"gold_before":60000,
"gold":40000,
"coupon_before":0,
"coupon":0,
"recommend":0,
"type":0,
"propId":0,
"vip_type":3
},
{
"id":4301,
"name":"白色锦囊“天”",
"number":10,
"gold_before":30000,
"gold":20000,
"coupon_before":0,
"coupon":0,
"recommend":0,
"type":0,
"propId":0,
"vip_type":3
},
{
"id":4302,
"name":"白色锦囊“地”",
"number":10,
"gold_before":30000,
"gold":20000,
"coupon_before":0,
"coupon":0,
"recommend":0,
"type":0,
"propId":0,
"vip_type":3
},
{
"id":4303,
"name":"白色锦囊“人”",
"number":10,
"gold_before":30000,
"gold":20000,
"coupon_before":0,
"coupon":0,
"recommend":0,
"type":0,
"propId":0,
"vip_type":4
},
{
"id":4311,
"name":"绿色锦囊“天”",
"number":10,
"gold_before":60000,
"gold":40000,
"coupon_before":0,
"coupon":0,
"recommend":0,
"type":0,
"propId":0,
"vip_type":4
},
{
"id":4312,
"name":"绿色锦囊“地”",
"number":10,
"gold_before":60000,
"gold":40000,
"coupon_before":0,
"coupon":0,
"recommend":0,
"type":0,
"propId":0,
"vip_type":4
},
{
"id":4313,
"name":"绿色锦囊“人”",
"number":10,
"gold_before":60000,
"gold":40000,
"coupon_before":0,
"coupon":0,
"recommend":0,
"type":0,
"propId":0,
"vip_type":4
},
{
"id":4321,
"name":"蓝色锦囊“天”",
"number":10,
"gold_before":120000,
"gold":80000,
"coupon_before":0,
"coupon":0,
"recommend":0,
"type":0,
"propId":0,
"vip_type":4
},
{
"id":4322,
"name":"蓝色锦囊“地”",
"number":10,
"gold_before":120000,
"gold":80000,
"coupon_before":0,
"coupon":0,
"recommend":0,
"type":0,
"propId":0,
"vip_type":4
},
{
"id":4323,
"name":"蓝色锦囊“人”",
"number":10,
"gold_before":120000,
"gold":80000,
"coupon_before":0,
"coupon":0,
"recommend":0,
"type":0,
"propId":0,
"vip_type":4
},
{
"id":4411,
"name":"绿色令牌",
"number":5,
"gold_before":400000,
"gold":320000,
"coupon_before":0,
"coupon":0,
"recommend":1,
"type":1,
"propId":0,
"vip_type":4
},
{
"id":4421,
"name":"蓝色令牌",
"number":5,
"gold_before":800000,
"gold":640000,
"coupon_before":0,
"coupon":0,
"recommend":1,
"type":1,
"propId":0,
"vip_type":4
},
{
"id":9000,
"name":"万能碎片",
"number":1,
"gold_before":400000,
"gold":320000,
"coupon_before":149,
"coupon":134,
"recommend":1,
"type":1,
"propId":1554,
"vip_type":5
}
]
}