{
"RECORDS":[
{
"id":1,
"name":"狂武",
"lv":1,
"hp":4000,
"mp":400,
"atk":250,
"def":150,
"ats":200,
"adf":125,
"spd":10,
"atk_spd":0,
"evasion":0.000,
"crit":0.000,
"hit":0.000,
"toughness":0.000,
"hp_regain":0,
"mp_regain":6,
"location":"狂拽酷霸叼炸天",
"info":"1",
"type":3,
"hurt_deepen":0.000,
"hurt_reduce":0.000
},
{
"id":2,
"name":"逍遥",
"lv":1,
"hp":3000,
"mp":600,
"atk":200,
"def":125,
"ats":250,
"adf":150,
"spd":9,
"atk_spd":0,
"evasion":0.000,
"crit":0.000,
"hit":0.000,
"toughness":0.000,
"hp_regain":0,
"mp_regain":6,
"location":"高端洋气上档次",
"info":"2…",
"type":3,
"hurt_deepen":0.000,
"hurt_reduce":0.000
},
{
"id":3,
"name":"摩柯",
"lv":1,
"hp":3000,
"mp":600,
"atk":250,
"def":125,
"ats":250,
"adf":125,
"spd":8,
"atk_spd":0,
"evasion":0.000,
"crit":0.000,
"hit":0.000,
"toughness":0.000,
"hp_regain":0,
"mp_regain":6,
"location":"低调奢华有内涵",
"info":"2",
"type":3,
"hurt_deepen":0.000,
"hurt_reduce":0.000
},
{
"id":4,
"name":"琅嬛",
"lv":1,
"hp":2000,
"mp":800,
"atk":300,
"def":100,
"ats":300,
"adf":100,
"spd":7,
"atk_spd":0,
"evasion":0.000,
"crit":0.000,
"hit":0.000,
"toughness":0.000,
"hp_regain":0,
"mp_regain":6,
"location":"时尚亮丽小清新",
"info":"3",
"type":3,
"hurt_deepen":0.000,
"hurt_reduce":0.000
}
]
}