﻿{
"RECORDS":[
{
"id":2001,
"mission_name":"[1]的障碍",
"mission_rules":"清除“[1]”中的障碍",
"mission_description":"不知道是谁在“[1]”中放了一个巨大的障碍，这已经严重妨碍了江湖居民们的日常生活。在此希望各位江湖好汉可以出手清除这个障碍，定当酬谢！",
"goldOrSoul":0,
"reward1":2,
"reward2":2
},
{
"id":2002,
"mission_name":"[1]的宝藏",
"mission_rules":"寻找“[1]”中的宝藏",
"mission_description":"江湖传言在“[1]”中埋藏着数不尽的宝藏，曾有无数人前去寻宝可惜无功而返，大概只有有缘人才能发现吧。",
"goldOrSoul":0,
"reward1":2,
"reward2":2
},
{
"id":2003,
"mission_name":"探秘[1]",
"mission_rules":"发现“[1]”中的秘密",
"mission_description":"江湖中有着说不尽的秘密，就算是在“[1]”也不例外。传说有人发现了秘密就会功力大增，不知是真是假。",
"goldOrSoul":1,
"reward1":2,
"reward2":2
},
{
"id":2004,
"mission_name":"悬赏[1]",
"mission_rules":"通关“[1]”",
"mission_description":"[1]实在太可恶了，招收了一大堆手下闹事，严重影响了江湖的长治久安！在此悬赏捉拿此人，定当重谢！",
"goldOrSoul":1,
"reward1":2,
"reward2":2
}
]
}