{
"RECORDS":[
{
"id":1,
"name":"1_1_1",
"monster1":"3001*1",
"monster2":"3002*1|3001*1",
"monster3":"3001*1|3002*1",
"monster4":"3002*1|3001*1",
"monster5":"0|3002*1",
"monster6":"0|3001*1"
},
{
"id":2,
"name":"1_1_2",
"monster1":"3002*1|3001*1",
"monster2":"3001*1|3002*1",
"monster3":"3002*1|3001*1",
"monster4":"3001*1|3002*1",
"monster5":"3002*1|3001*1",
"monster6":"0|3002*1"
},
{
"id":3,
"name":"1_1_3",
"monster1":"4003*1",
"monster2":"3001*1",
"monster3":"3001*1",
"monster4":"3002*1",
"monster5":"3002*1",
"monster6":"0"
},
{
"id":4,
"name":"1_2_1",
"monster1":"3001*1|3002*1",
"monster2":"3004*1|3001*1",
"monster3":"3005*1|3004*1",
"monster4":"3002*1|3002*1",
"monster5":"3001*1|3005*1",
"monster6":"3002*1|3004*1"
},
{
"id":5,
"name":"1_2_2",
"monster1":"3004*1|3001*1",
"monster2":"3001*1|3005*1",
"monster3":"3002*1|3004*1",
"monster4":"3004*1|3004*1",
"monster5":"3005*1|3004*1",
"monster6":"3005*1|3005*1"
},
{
"id":6,
"name":"1_2_3",
"monster1":"4006*1",
"monster2":"3001*1",
"monster3":"3002*1",
"monster4":"3005*1",
"monster5":"3004*1",
"monster6":"0"
},
{
"id":7,
"name":"1_3_1",
"monster1":"3007*1|3008*1",
"monster2":"3007*1|3008*1",
"monster3":"3007*1|3007*1",
"monster4":"3008*1|3007*1",
"monster5":"3008*1|3007*1",
"monster6":"3008*1|3007*1"
},
{
"id":8,
"name":"1_3_2",
"monster1":"3007*1|3008*1",
"monster2":"3007*1|3008*1",
"monster3":"3007*1|3008*1",
"monster4":"3008*1|3007*1",
"monster5":"3008*1|3007*1",
"monster6":"3008*1|3008*1"
},
{
"id":9,
"name":"1_3_3",
"monster1":"4009*1",
"monster2":"3001*1",
"monster3":"3002*1",
"monster4":"3004*1",
"monster5":"3005*1",
"monster6":"3007*1"
},
{
"id":10,
"name":"1_4_1",
"monster1":"3008*1|3005*1",
"monster2":"3005*1|3007*2",
"monster3":"3007*1|3011*2",
"monster4":"3008*1|3011*1",
"monster5":"3011*1|3008*2",
"monster6":"3011*2|3008*1"
},
{
"id":11,
"name":"1_4_2",
"monster1":"3008*2|3011*2|3008*2",
"monster2":"3011*2|3005*1|3011*2",
"monster3":"3005*2|3008*2|3005*1",
"monster4":"3008*1|3008*1|3008*2",
"monster5":"3008*1|3007*1|3007*1",
"monster6":"3011*1|3011*2|3011*2"
},
{
"id":12,
"name":"1_4_3",
"monster1":"4012*1",
"monster2":"3011*2",
"monster3":"3011*1",
"monster4":"3011*1",
"monster5":"3011*2",
"monster6":"3011*1"
},
{
"id":13,
"name":"2_1_1",
"monster1":"3102*1|3101*1",
"monster2":"3101*2|3101*1",
"monster3":"3101*1|3102*2",
"monster4":"3102*1|3102*1",
"monster5":"3102*1|3101*1",
"monster6":"3101*1|3102*1"
},
{
"id":14,
"name":"2_1_2",
"monster1":"3102*2|3101*1|3102*1",
"monster2":"3101*1|3102*1|3102*1",
"monster3":"3102*1|3102*1|3102*2",
"monster4":"3102*1|3102*1|3102*1",
"monster5":"3102*1|3101*2|3102*1",
"monster6":"3102*1|3102*1|3101*2"
},
{
"id":15,
"name":"2_1_3",
"monster1":"4103*1",
"monster2":"3102*1",
"monster3":"3102*1",
"monster4":"3102*1",
"monster5":"3102*1",
"monster6":"3102*1"
},
{
"id":16,
"name":"2_2_1",
"monster1":"3102*2|3105*1|3104*1",
"monster2":"3105*1|3104*2|3105*1",
"monster3":"3104*1|3102*1|3102*1",
"monster4":"3102*1|3102*2|3101*2",
"monster5":"3104*1|3101*1|3104*2",
"monster6":"3105*1|3105*1|3105*1"
},
{
"id":17,
"name":"2_2_2",
"monster1":"3104*2|3102*1|3105*1",
"monster2":"3105*1|3105*1|3102*2",
"monster3":"3102*2|3105*1|3105*1",
"monster4":"3105*1|3104*2|3105*1",
"monster5":"3102*1|3105*1|3104*2",
"monster6":"3105*1|3102*2|3105*1"
},
{
"id":18,
"name":"2_2_3",
"monster1":"4106*1",
"monster2":"3104*1",
"monster3":"3105*1",
"monster4":"3105*1",
"monster5":"3102*1",
"monster6":"3102*1"
},
{
"id":19,
"name":"2_3_1",
"monster1":"3102*1|3105*1|3104*1",
"monster2":"3105*1|3104*1|3105*1",
"monster3":"3104*1|3102*1|3102*2",
"monster4":"3101*2|3101*1|3101*1",
"monster5":"3107*1|3107*2|3107*2",
"monster6":"3108*2|3108*2|3108*2"
},
{
"id":20,
"name":"2_3_2",
"monster1":"3101*2|3102*1|3102*2",
"monster2":"3105*1|3105*1|3105*1",
"monster3":"3102*2|3104*2|3107*2",
"monster4":"3107*2|3107*2|3104*2",
"monster5":"3104*1|3102*2|3104*1",
"monster6":"3105*1|3105*1|3107*1"
},
{
"id":21,
"name":"2_3_3",
"monster1":"4109*1",
"monster2":"3105*1",
"monster3":"3102*2",
"monster4":"3104*2",
"monster5":"3107*2",
"monster6":"3107*2"
},
{
"id":22,
"name":"2_4_1",
"monster1":"3108*1|3105*1|3104*1",
"monster2":"3105*1|3107*2|3107*2",
"monster3":"3107*1|3111*2|3108*2",
"monster4":"3108*1|3111*1|3111*2",
"monster5":"3102*1|3108*2|3102*1",
"monster6":"3111*2|3102*1|3111*1"
},
{
"id":23,
"name":"2_4_2",
"monster1":"3108*2|3111*2|3108*2",
"monster2":"3111*2|3105*1|3111*2",
"monster3":"3105*2|3108*2|3111*1",
"monster4":"3111*1|3108*1|3107*2",
"monster5":"3108*1|3107*2|3107*1",
"monster6":"3111*1|3111*2|3111*2"
},
{
"id":24,
"name":"2_4_3",
"monster1":"4112*1",
"monster2":"3111*2",
"monster3":"3111*1",
"monster4":"3111*1",
"monster5":"3111*2",
"monster6":"3111*1"
}
]
}