{
"RECORDS":[
{
"id":101,
"sid":30181,
"name":"僵尸的普通攻击1",
"source":"JiangShiCommonHit1",
"hurt":100,
"durationFrame":9,
"attackIntervalFrame":3,
"unActionFrame":12,
"attackType":0,
"hurtMoveType":0,
"skillMoveType":0,
"skillProperty":0,
"hurtTime":0,
"fallDownHurt":0,
"collisionRange":60,
"isHurt":0,
"xPos":100,
"yPos":-50,
"zPos":1,
"skillMoveX":0,
"skillMoveY":0,
"skillMoveZ":0,
"hurtMoveX":0,
"hurtMoveY":8,
"hurtMoveZ":0,
"roleMoveX":0,
"roleMoveY":0,
"roleMoveZ":0,
"handX":0,
"handY":0,
"handZ":0,
"atk_hurt":100,
"atk_rate":1.500,
"ats_hurt":0,
"ats_rate":0.000,
"chaos_hurt":0,
"nid":3101,
"buff_type":"0",
"buff_value":"0",
"continue_skill":"0",
"continue_pos_x":"0",
"continue_pos_y":"0",
"isDouble":1,
"rotation":0.000,
"appoint_frame":"0",
"appoint_skill":"0",
"isRepeat":0
},
{
"id":102,
"sid":30182,
"name":"僵尸的技能攻击1",
"source":"JiangShiSkill1",
"hurt":100,
"durationFrame":20,
"attackIntervalFrame":10,
"unActionFrame":12,
"attackType":0,
"hurtMoveType":0,
"skillMoveType":1,
"skillProperty":0,
"hurtTime":0,
"fallDownHurt":0,
"collisionRange":60,
"isHurt":0,
"xPos":100,
"yPos":-25,
"zPos":1,
"skillMoveX":30,
"skillMoveY":0,
"skillMoveZ":0,
"hurtMoveX":0,
"hurtMoveY":0,
"hurtMoveZ":0,
"roleMoveX":0,
"roleMoveY":0,
"roleMoveZ":0,
"handX":0,
"handY":0,
"handZ":0,
"atk_hurt":200,
"atk_rate":1.700,
"ats_hurt":0,
"ats_rate":0.000,
"chaos_hurt":0,
"nid":3101,
"buff_type":"0",
"buff_value":"0",
"continue_skill":"0",
"continue_pos_x":"0",
"continue_pos_y":"0",
"isDouble":1,
"rotation":0.000,
"appoint_frame":"0",
"appoint_skill":"0",
"isRepeat":0
},
{
"id":103,
"sid":30182,
"name":"僵尸的技能攻击1",
"source":"JiangShiSkill1",
"hurt":100,
"durationFrame":20,
"attackIntervalFrame":10,
"unActionFrame":12,
"attackType":0,
"hurtMoveType":0,
"skillMoveType":5,
"skillProperty":0,
"hurtTime":0,
"fallDownHurt":0,
"collisionRange":60,
"isHurt":0,
"xPos":100,
"yPos":-25,
"zPos":1,
"skillMoveX":30,
"skillMoveY":0,
"skillMoveZ":-5,
"hurtMoveX":0,
"hurtMoveY":0,
"hurtMoveZ":0,
"roleMoveX":0,
"roleMoveY":0,
"roleMoveZ":0,
"handX":0,
"handY":0,
"handZ":0,
"atk_hurt":200,
"atk_rate":1.700,
"ats_hurt":0,
"ats_rate":0.000,
"chaos_hurt":0,
"nid":3101,
"buff_type":"0",
"buff_value":"0",
"continue_skill":"0",
"continue_pos_x":"0",
"continue_pos_y":"0",
"isDouble":1,
"rotation":-0.200,
"appoint_frame":"0",
"appoint_skill":"0",
"isRepeat":0
},
{
"id":104,
"sid":30182,
"name":"僵尸的技能攻击1",
"source":"JiangShiSkill1",
"hurt":100,
"durationFrame":20,
"attackIntervalFrame":10,
"unActionFrame":12,
"attackType":0,
"hurtMoveType":0,
"skillMoveType":5,
"skillProperty":0,
"hurtTime":0,
"fallDownHurt":0,
"collisionRange":60,
"isHurt":0,
"xPos":100,
"yPos":-25,
"zPos":1,
"skillMoveX":30,
"skillMoveY":0,
"skillMoveZ":5,
"hurtMoveX":0,
"hurtMoveY":0,
"hurtMoveZ":0,
"roleMoveX":0,
"roleMoveY":0,
"roleMoveZ":0,
"handX":0,
"handY":0,
"handZ":0,
"atk_hurt":200,
"atk_rate":1.700,
"ats_hurt":0,
"ats_rate":0.000,
"chaos_hurt":0,
"nid":3101,
"buff_type":"0",
"buff_value":"0",
"continue_skill":"0",
"continue_pos_x":"0",
"continue_pos_y":"0",
"isDouble":1,
"rotation":0.200,
"appoint_frame":"0",
"appoint_skill":"0",
"isRepeat":0
},
{
"id":10101,
"sid":30001,
"name":"乞丐的普通攻击1",
"source":"QiGaiCommonHit1",
"hurt":100,
"durationFrame":4,
"attackIntervalFrame":4,
"unActionFrame":6,
"attackType":0,
"hurtMoveType":0,
"skillMoveType":0,
"skillProperty":0,
"hurtTime":0,
"fallDownHurt":0,
"collisionRange":50,
"isHurt":0,
"xPos":20,
"yPos":-35,
"zPos":0,
"skillMoveX":0,
"skillMoveY":0,
"skillMoveZ":0,
"hurtMoveX":0,
"hurtMoveY":0,
"hurtMoveZ":0,
"roleMoveX":0,
"roleMoveY":0,
"roleMoveZ":0,
"handX":0,
"handY":0,
"handZ":0,
"atk_hurt":0,
"atk_rate":1.000,
"ats_hurt":0,
"ats_rate":0.000,
"chaos_hurt":0,
"nid":1001,
"buff_type":"0",
"buff_value":"0",
"continue_skill":"0",
"continue_pos_x":"0",
"continue_pos_y":"0",
"isDouble":1,
"rotation":0.000,
"appoint_frame":"0",
"appoint_skill":"0",
"isRepeat":0
},
{
"id":10102,
"sid":30002,
"name":"乞丐的技能攻击1",
"source":"QiGaiSkill1",
"hurt":100,
"durationFrame":6,
"attackIntervalFrame":6,
"unActionFrame":6,
"attackType":0,
"hurtMoveType":0,
"skillMoveType":0,
"skillProperty":0,
"hurtTime":0,
"fallDownHurt":0,
"collisionRange":50,
"isHurt":0,
"xPos":0,
"yPos":0,
"zPos":0,
"skillMoveX":0,
"skillMoveY":0,
"skillMoveZ":0,
"hurtMoveX":10,
"hurtMoveY":0,
"hurtMoveZ":0,
"roleMoveX":0,
"roleMoveY":0,
"roleMoveZ":0,
"handX":0,
"handY":0,
"handZ":0,
"atk_hurt":20,
"atk_rate":1.500,
"ats_hurt":0,
"ats_rate":0.000,
"chaos_hurt":0,
"nid":1101,
"buff_type":"0",
"buff_value":"0",
"continue_skill":"0",
"continue_pos_x":"0",
"continue_pos_y":"0",
"isDouble":1,
"rotation":0.000,
"appoint_frame":"0",
"appoint_skill":"0",
"isRepeat":0
},
{
"id":10201,
"sid":30011,
"name":"全冠清的普通攻击1",
"source":"ShiFangXiuCaiCommonHit1",
"hurt":100,
"durationFrame":6,
"attackIntervalFrame":6,
"unActionFrame":10,
"attackType":0,
"hurtMoveType":0,
"skillMoveType":0,
"skillProperty":0,
"hurtTime":0,
"fallDownHurt":0,
"collisionRange":50,
"isHurt":0,
"xPos":55,
"yPos":0,
"zPos":0,
"skillMoveX":0,
"skillMoveY":0,
"skillMoveZ":0,
"hurtMoveX":0,
"hurtMoveY":0,
"hurtMoveZ":0,
"roleMoveX":0,
"roleMoveY":0,
"roleMoveZ":0,
"handX":0,
"handY":0,
"handZ":0,
"atk_hurt":0,
"atk_rate":1.000,
"ats_hurt":0,
"ats_rate":0.000,
"chaos_hurt":0,
"nid":2001,
"buff_type":"0",
"buff_value":"0",
"continue_skill":"0",
"continue_pos_x":"0",
"continue_pos_y":"0",
"isDouble":1,
"rotation":0.000,
"appoint_frame":"0",
"appoint_skill":"0",
"isRepeat":0
},
{
"id":10202,
"sid":30012,
"name":"全冠清的技能攻击1",
"source":"ShiFangXiuCaiSkill1",
"hurt":100,
"durationFrame":12,
"attackIntervalFrame":4,
"unActionFrame":6,
"attackType":0,
"hurtMoveType":0,
"skillMoveType":1,
"skillProperty":0,
"hurtTime":0,
"fallDownHurt":0,
"collisionRange":50,
"isHurt":0,
"xPos":80,
"yPos":30,
"zPos":0,
"skillMoveX":32,
"skillMoveY":0,
"skillMoveZ":0,
"hurtMoveX":2,
"hurtMoveY":0,
"hurtMoveZ":0,
"roleMoveX":32,
"roleMoveY":0,
"roleMoveZ":0,
"handX":0,
"handY":0,
"handZ":0,
"atk_hurt":20,
"atk_rate":1.500,
"ats_hurt":0,
"ats_rate":0.000,
"chaos_hurt":0,
"nid":2101,
"buff_type":"0",
"buff_value":"0",
"continue_skill":"0",
"continue_pos_x":"0",
"continue_pos_y":"0",
"isDouble":1,
"rotation":0.000,
"appoint_frame":"0",
"appoint_skill":"0",
"isRepeat":0
},
{
"id":10301,
"sid":30021,
"name":"不通老人的普通攻击1",
"source":"BuTongLaoRenCommonHit1",
"hurt":100,
"durationFrame":10,
"attackIntervalFrame":5,
"unActionFrame":10,
"attackType":0,
"hurtMoveType":0,
"skillMoveType":1,
"skillProperty":0,
"hurtTime":0,
"fallDownHurt":0,
"collisionRange":50,
"isHurt":0,
"xPos":50,
"yPos":20,
"zPos":1,
"skillMoveX":7,
"skillMoveY":0,
"skillMoveZ":0,
"hurtMoveX":0,
"hurtMoveY":0,
"hurtMoveZ":0,
"roleMoveX":0,
"roleMoveY":0,
"roleMoveZ":0,
"handX":0,
"handY":0,
"handZ":0,
"atk_hurt":0,
"atk_rate":1.000,
"ats_hurt":0,
"ats_rate":0.000,
"chaos_hurt":0,
"nid":3001,
"buff_type":"0",
"buff_value":"0",
"continue_skill":"0",
"continue_pos_x":"0",
"continue_pos_y":"0",
"isDouble":1,
"rotation":0.000,
"appoint_frame":"0",
"appoint_skill":"0",
"isRepeat":0
},
{
"id":10302,
"sid":30022,
"name":"不通老人的技能攻击1",
"source":"BuTongLaoRenSkill1_1",
"hurt":100,
"durationFrame":30,
"attackIntervalFrame":6,
"unActionFrame":10,
"attackType":0,
"hurtMoveType":0,
"skillMoveType":1,
"skillProperty":5,
"hurtTime":0,
"fallDownHurt":0,
"collisionRange":50,
"isHurt":0,
"xPos":30,
"yPos":0,
"zPos":1,
"skillMoveX":10,
"skillMoveY":0,
"skillMoveZ":0,
"hurtMoveX":0,
"hurtMoveY":0,
"hurtMoveZ":0,
"roleMoveX":0,
"roleMoveY":0,
"roleMoveZ":0,
"handX":0,
"handY":0,
"handZ":0,
"atk_hurt":0,
"atk_rate":0.000,
"ats_hurt":30,
"ats_rate":1.200,
"chaos_hurt":0,
"nid":3101,
"buff_type":"0",
"buff_value":"0",
"continue_skill":"0",
"continue_pos_x":"0",
"continue_pos_y":"0",
"isDouble":1,
"rotation":0.000,
"appoint_frame":"0",
"appoint_skill":"0",
"isRepeat":0
},
{
"id":10303,
"sid":30023,
"name":"不通老人的技能攻击2",
"source":"BuTongLaoRenSkill1_2",
"hurt":100,
"durationFrame":14,
"attackIntervalFrame":14,
"unActionFrame":10,
"attackType":3,
"hurtMoveType":0,
"skillMoveType":0,
"skillProperty":0,
"hurtTime":0,
"fallDownHurt":0,
"collisionRange":50,
"isHurt":0,
"xPos":330,
"yPos":0,
"zPos":1,
"skillMoveX":0,
"skillMoveY":0,
"skillMoveZ":0,
"hurtMoveX":0,
"hurtMoveY":0,
"hurtMoveZ":0,
"roleMoveX":0,
"roleMoveY":0,
"roleMoveZ":0,
"handX":0,
"handY":0,
"handZ":0,
"atk_hurt":0,
"atk_rate":0.000,
"ats_hurt":0,
"ats_rate":0.000,
"chaos_hurt":0,
"nid":3102,
"buff_type":"0",
"buff_value":"0",
"continue_skill":"0",
"continue_pos_x":"0",
"continue_pos_y":"0",
"isDouble":1,
"rotation":0.000,
"appoint_frame":"0",
"appoint_skill":"0",
"isRepeat":0
},
{
"id":10401,
"sid":30031,
"name":"碧池夫人的普通攻击1",
"source":"BiChiFuRenCommonHit1",
"hurt":100,
"durationFrame":9,
"attackIntervalFrame":9,
"unActionFrame":10,
"attackType":0,
"hurtMoveType":0,
"skillMoveType":0,
"skillProperty":0,
"hurtTime":0,
"fallDownHurt":0,
"collisionRange":50,
"isHurt":0,
"xPos":100,
"yPos":20,
"zPos":0,
"skillMoveX":0,
"skillMoveY":0,
"skillMoveZ":0,
"hurtMoveX":0,
"hurtMoveY":0,
"hurtMoveZ":0,
"roleMoveX":0,
"roleMoveY":0,
"roleMoveZ":0,
"handX":0,
"handY":0,
"handZ":0,
"atk_hurt":30,
"atk_rate":1.000,
"ats_hurt":0,
"ats_rate":0.000,
"chaos_hurt":0,
"nid":4001,
"buff_type":"0",
"buff_value":"0",
"continue_skill":"0",
"continue_pos_x":"0",
"continue_pos_y":"0",
"isDouble":1,
"rotation":0.000,
"appoint_frame":"0",
"appoint_skill":"0",
"isRepeat":0
},
{
"id":10402,
"sid":30032,
"name":"碧池夫人的技能攻击1",
"source":"BiChiFuRenSkill1",
"hurt":100,
"durationFrame":20,
"attackIntervalFrame":5,
"unActionFrame":6,
"attackType":2,
"hurtMoveType":0,
"skillMoveType":1,
"skillProperty":2,
"hurtTime":0,
"fallDownHurt":0,
"collisionRange":50,
"isHurt":0,
"xPos":30,
"yPos":-20,
"zPos":0,
"skillMoveX":20,
"skillMoveY":0,
"skillMoveZ":0,
"hurtMoveX":5,
"hurtMoveY":6,
"hurtMoveZ":0,
"roleMoveX":0,
"roleMoveY":0,
"roleMoveZ":0,
"handX":0,
"handY":0,
"handZ":0,
"atk_hurt":0,
"atk_rate":0.000,
"ats_hurt":30,
"ats_rate":1.200,
"chaos_hurt":0,
"nid":3101,
"buff_type":"0",
"buff_value":"0",
"continue_skill":"0",
"continue_pos_x":"0",
"continue_pos_y":"0",
"isDouble":0,
"rotation":0.000,
"appoint_frame":"0",
"appoint_skill":"0",
"isRepeat":0
},
{
"id":10403,
"sid":30033,
"name":"碧池夫人的技能攻击2",
"source":"BiChiFuRenSkill1",
"hurt":100,
"durationFrame":20,
"attackIntervalFrame":5,
"unActionFrame":6,
"attackType":0,
"hurtMoveType":0,
"skillMoveType":1,
"skillProperty":0,
"hurtTime":0,
"fallDownHurt":0,
"collisionRange":50,
"isHurt":0,
"xPos":30,
"yPos":-20,
"zPos":0,
"skillMoveX":20,
"skillMoveY":0,
"skillMoveZ":0,
"hurtMoveX":8,
"hurtMoveY":0,
"hurtMoveZ":0,
"roleMoveX":20,
"roleMoveY":0,
"roleMoveZ":0,
"handX":0,
"handY":0,
"handZ":0,
"atk_hurt":30,
"atk_rate":1.200,
"ats_hurt":0,
"ats_rate":0.000,
"chaos_hurt":0,
"nid":3101,
"buff_type":"0",
"buff_value":"0",
"continue_skill":"0",
"continue_pos_x":"0",
"continue_pos_y":"0",
"isDouble":0,
"rotation":0.000,
"appoint_frame":"0",
"appoint_skill":"0",
"isRepeat":0
},
{
"id":10501,
"sid":30041,
"name":"持刀强盗的普通攻击1",
"source":"QiangDaoCommonHit1",
"hurt":100,
"durationFrame":7,
"attackIntervalFrame":4,
"unActionFrame":10,
"attackType":0,
"hurtMoveType":0,
"skillMoveType":0,
"skillProperty":0,
"hurtTime":0,
"fallDownHurt":0,
"collisionRange":50,
"isHurt":0,
"xPos":20,
"yPos":20,
"zPos":0,
"skillMoveX":0,
"skillMoveY":0,
"skillMoveZ":0,
"hurtMoveX":0,
"hurtMoveY":0,
"hurtMoveZ":0,
"roleMoveX":0,
"roleMoveY":0,
"roleMoveZ":0,
"handX":0,
"handY":0,
"handZ":0,
"atk_hurt":0,
"atk_rate":1.000,
"ats_hurt":0,
"ats_rate":0.000,
"chaos_hurt":0,
"nid":4001,
"buff_type":"0",
"buff_value":"0",
"continue_skill":"0",
"continue_pos_x":"0",
"continue_pos_y":"0",
"isDouble":1,
"rotation":0.000,
"appoint_frame":"0",
"appoint_skill":"0",
"isRepeat":0
},
{
"id":10502,
"sid":30042,
"name":"持刀强盗的技能攻击1",
"source":"QiangDaoSkill1",
"hurt":100,
"durationFrame":7,
"attackIntervalFrame":7,
"unActionFrame":5,
"attackType":0,
"hurtMoveType":0,
"skillMoveType":0,
"skillProperty":0,
"hurtTime":0,
"fallDownHurt":0,
"collisionRange":50,
"isHurt":0,
"xPos":90,
"yPos":-20,
"zPos":0,
"skillMoveX":0,
"skillMoveY":0,
"skillMoveZ":0,
"hurtMoveX":12,
"hurtMoveY":2,
"hurtMoveZ":0,
"roleMoveX":0,
"roleMoveY":0,
"roleMoveZ":0,
"handX":0,
"handY":0,
"handZ":0,
"atk_hurt":30,
"atk_rate":1.500,
"ats_hurt":0,
"ats_rate":0.000,
"chaos_hurt":0,
"nid":4001,
"buff_type":"0",
"buff_value":"0",
"continue_skill":"0",
"continue_pos_x":"0",
"continue_pos_y":"0",
"isDouble":1,
"rotation":0.000,
"appoint_frame":"0",
"appoint_skill":"0",
"isRepeat":0
},
{
"id":10601,
"sid":30051,
"name":"黑衣刺客的普通攻击1",
"source":"HeiYiCiKeCommonHit1",
"hurt":100,
"durationFrame":20,
"attackIntervalFrame":20,
"unActionFrame":6,
"attackType":0,
"hurtMoveType":0,
"skillMoveType":1,
"skillProperty":0,
"hurtTime":0,
"fallDownHurt":0,
"collisionRange":50,
"isHurt":0,
"xPos":20,
"yPos":0,
"zPos":0,
"skillMoveX":30,
"skillMoveY":0,
"skillMoveZ":0,
"hurtMoveX":2,
"hurtMoveY":0,
"hurtMoveZ":0,
"roleMoveX":0,
"roleMoveY":0,
"roleMoveZ":0,
"handX":0,
"handY":0,
"handZ":0,
"atk_hurt":0,
"atk_rate":1.000,
"ats_hurt":0,
"ats_rate":0.000,
"chaos_hurt":0,
"nid":3101,
"buff_type":"0",
"buff_value":"0",
"continue_skill":"0",
"continue_pos_x":"0",
"continue_pos_y":"0",
"isDouble":0,
"rotation":0.000,
"appoint_frame":"0",
"appoint_skill":"0",
"isRepeat":0
},
{
"id":10602,
"sid":30051,
"name":"黑衣刺客的普通攻击2",
"source":"HeiYiCiKeCommonHit1",
"hurt":100,
"durationFrame":20,
"attackIntervalFrame":20,
"unActionFrame":6,
"attackType":0,
"hurtMoveType":0,
"skillMoveType":1,
"skillProperty":0,
"hurtTime":0,
"fallDownHurt":0,
"collisionRange":50,
"isHurt":0,
"xPos":20,
"yPos":20,
"zPos":0,
"skillMoveX":30,
"skillMoveY":0,
"skillMoveZ":0,
"hurtMoveX":2,
"hurtMoveY":0,
"hurtMoveZ":0,
"roleMoveX":0,
"roleMoveY":0,
"roleMoveZ":0,
"handX":0,
"handY":0,
"handZ":0,
"atk_hurt":0,
"atk_rate":1.000,
"ats_hurt":0,
"ats_rate":0.000,
"chaos_hurt":0,
"nid":3101,
"buff_type":"0",
"buff_value":"0",
"continue_skill":"0",
"continue_pos_x":"0",
"continue_pos_y":"0",
"isDouble":0,
"rotation":0.000,
"appoint_frame":"0",
"appoint_skill":"0",
"isRepeat":0
},
{
"id":10603,
"sid":30051,
"name":"黑衣刺客的普通攻击3",
"source":"HeiYiCiKeCommonHit1",
"hurt":100,
"durationFrame":20,
"attackIntervalFrame":20,
"unActionFrame":6,
"attackType":0,
"hurtMoveType":0,
"skillMoveType":1,
"skillProperty":0,
"hurtTime":0,
"fallDownHurt":0,
"collisionRange":50,
"isHurt":0,
"xPos":620,
"yPos":0,
"zPos":0,
"skillMoveX":-30,
"skillMoveY":0,
"skillMoveZ":0,
"hurtMoveX":-2,
"hurtMoveY":0,
"hurtMoveZ":0,
"roleMoveX":0,
"roleMoveY":0,
"roleMoveZ":0,
"handX":0,
"handY":0,
"handZ":0,
"atk_hurt":0,
"atk_rate":1.000,
"ats_hurt":0,
"ats_rate":0.000,
"chaos_hurt":0,
"nid":3101,
"buff_type":"0",
"buff_value":"0",
"continue_skill":"0",
"continue_pos_x":"0",
"continue_pos_y":"0",
"isDouble":0,
"rotation":0.000,
"appoint_frame":"0",
"appoint_skill":"0",
"isRepeat":0
},
{
"id":10604,
"sid":30051,
"name":"黑衣刺客的普通攻击4",
"source":"HeiYiCiKeCommonHit1",
"hurt":100,
"durationFrame":20,
"attackIntervalFrame":20,
"unActionFrame":6,
"attackType":0,
"hurtMoveType":0,
"skillMoveType":1,
"skillProperty":0,
"hurtTime":0,
"fallDownHurt":0,
"collisionRange":50,
"isHurt":0,
"xPos":620,
"yPos":20,
"zPos":0,
"skillMoveX":-30,
"skillMoveY":0,
"skillMoveZ":0,
"hurtMoveX":-2,
"hurtMoveY":0,
"hurtMoveZ":0,
"roleMoveX":0,
"roleMoveY":0,
"roleMoveZ":0,
"handX":0,
"handY":0,
"handZ":0,
"atk_hurt":0,
"atk_rate":1.000,
"ats_hurt":0,
"ats_rate":0.000,
"chaos_hurt":0,
"nid":3101,
"buff_type":"0",
"buff_value":"0",
"continue_skill":"0",
"continue_pos_x":"0",
"continue_pos_y":"0",
"isDouble":0,
"rotation":0.000,
"appoint_frame":"0",
"appoint_skill":"0",
"isRepeat":0
},
{
"id":10605,
"sid":30052,
"name":"黑衣刺客的技能攻击1",
"source":"HeiYiCiKeSkill1",
"hurt":100,
"durationFrame":6,
"attackIntervalFrame":6,
"unActionFrame":22,
"attackType":0,
"hurtMoveType":0,
"skillMoveType":1,
"skillProperty":0,
"hurtTime":0,
"fallDownHurt":0,
"collisionRange":50,
"isHurt":0,
"xPos":220,
"yPos":20,
"zPos":0,
"skillMoveX":0,
"skillMoveY":0,
"skillMoveZ":0,
"hurtMoveX":0,
"hurtMoveY":0,
"hurtMoveZ":0,
"roleMoveX":50,
"roleMoveY":0,
"roleMoveZ":0,
"handX":0,
"handY":0,
"handZ":0,
"atk_hurt":0,
"atk_rate":0.000,
"ats_hurt":100,
"ats_rate":1.500,
"chaos_hurt":0,
"nid":4001,
"buff_type":"0",
"buff_value":"0",
"continue_skill":"0",
"continue_pos_x":"0",
"continue_pos_y":"0",
"isDouble":1,
"rotation":0.000,
"appoint_frame":"0",
"appoint_skill":"0",
"isRepeat":0
},
{
"id":10701,
"sid":30061,
"name":"斗笠剑客的普通攻击1",
"source":"DouLiJianKeCommonHit1",
"hurt":100,
"durationFrame":7,
"attackIntervalFrame":7,
"unActionFrame":7,
"attackType":0,
"hurtMoveType":0,
"skillMoveType":0,
"skillProperty":0,
"hurtTime":0,
"fallDownHurt":0,
"collisionRange":50,
"isHurt":0,
"xPos":100,
"yPos":25,
"zPos":0,
"skillMoveX":0,
"skillMoveY":0,
"skillMoveZ":0,
"hurtMoveX":0,
"hurtMoveY":0,
"hurtMoveZ":0,
"roleMoveX":0,
"roleMoveY":0,
"roleMoveZ":0,
"handX":0,
"handY":0,
"handZ":0,
"atk_hurt":30,
"atk_rate":1.000,
"ats_hurt":0,
"ats_rate":0.000,
"chaos_hurt":0,
"nid":4001,
"buff_type":"0",
"buff_value":"0",
"continue_skill":"0",
"continue_pos_x":"0",
"continue_pos_y":"0",
"isDouble":1,
"rotation":0.000,
"appoint_frame":"0",
"appoint_skill":"0",
"isRepeat":0
},
{
"id":10702,
"sid":30062,
"name":"斗笠剑客的技能攻击1",
"source":"DouLiJianKeSkill1",
"hurt":100,
"durationFrame":12,
"attackIntervalFrame":4,
"unActionFrame":5,
"attackType":0,
"hurtMoveType":0,
"skillMoveType":1,
"skillProperty":0,
"hurtTime":0,
"fallDownHurt":0,
"collisionRange":50,
"isHurt":0,
"xPos":100,
"yPos":15,
"zPos":0,
"skillMoveX":30,
"skillMoveY":0,
"skillMoveZ":0,
"hurtMoveX":5,
"hurtMoveY":5,
"hurtMoveZ":0,
"roleMoveX":30,
"roleMoveY":0,
"roleMoveZ":0,
"handX":0,
"handY":0,
"handZ":0,
"atk_hurt":30,
"atk_rate":1.200,
"ats_hurt":0,
"ats_rate":0.000,
"chaos_hurt":0,
"nid":4001,
"buff_type":"0",
"buff_value":"0",
"continue_skill":"0",
"continue_pos_x":"0",
"continue_pos_y":"0",
"isDouble":1,
"rotation":0.000,
"appoint_frame":"0",
"appoint_skill":"0",
"isRepeat":0
},
{
"id":10801,
"sid":30071,
"name":"酒鬼的普通攻击1",
"source":"JiuGuiCommonHit1",
"hurt":100,
"durationFrame":15,
"attackIntervalFrame":15,
"unActionFrame":5,
"attackType":3,
"hurtMoveType":0,
"skillMoveType":0,
"skillProperty":0,
"hurtTime":0,
"fallDownHurt":0,
"collisionRange":50,
"isHurt":0,
"xPos":20,
"yPos":15,
"zPos":0,
"skillMoveX":0,
"skillMoveY":0,
"skillMoveZ":0,
"hurtMoveX":0,
"hurtMoveY":0,
"hurtMoveZ":0,
"roleMoveX":0,
"roleMoveY":0,
"roleMoveZ":0,
"handX":0,
"handY":0,
"handZ":0,
"atk_hurt":0,
"atk_rate":1.000,
"ats_hurt":0,
"ats_rate":0.000,
"chaos_hurt":0,
"nid":4001,
"buff_type":"0",
"buff_value":"0",
"continue_skill":"10802",
"continue_pos_x":"280",
"continue_pos_y":"40",
"isDouble":1,
"rotation":0.000,
"appoint_frame":"0",
"appoint_skill":"0",
"isRepeat":0
},
{
"id":10802,
"sid":30072,
"name":"酒鬼的普通攻击2",
"source":"JiuGuiCommonHit2",
"hurt":100,
"durationFrame":12,
"attackIntervalFrame":12,
"unActionFrame":5,
"attackType":0,
"hurtMoveType":0,
"skillMoveType":0,
"skillProperty":0,
"hurtTime":0,
"fallDownHurt":0,
"collisionRange":50,
"isHurt":0,
"xPos":0,
"yPos":0,
"zPos":0,
"skillMoveX":0,
"skillMoveY":0,
"skillMoveZ":0,
"hurtMoveX":10,
"hurtMoveY":0,
"hurtMoveZ":0,
"roleMoveX":0,
"roleMoveY":0,
"roleMoveZ":0,
"handX":0,
"handY":0,
"handZ":0,
"atk_hurt":0,
"atk_rate":1.000,
"ats_hurt":0,
"ats_rate":0.000,
"chaos_hurt":0,
"nid":4001,
"buff_type":"0",
"buff_value":"0",
"continue_skill":"0",
"continue_pos_x":"0",
"continue_pos_y":"0",
"isDouble":0,
"rotation":0.000,
"appoint_frame":"0",
"appoint_skill":"0",
"isRepeat":0
},
{
"id":10803,
"sid":30073,
"name":"酒鬼的技能攻击1",
"source":"JiuGuiSkill1_1",
"hurt":100,
"durationFrame":5,
"attackIntervalFrame":5,
"unActionFrame":5,
"attackType":3,
"hurtMoveType":0,
"skillMoveType":0,
"skillProperty":0,
"hurtTime":0,
"fallDownHurt":0,
"collisionRange":50,
"isHurt":0,
"xPos":40,
"yPos":50,
"zPos":0,
"skillMoveX":0,
"skillMoveY":0,
"skillMoveZ":0,
"hurtMoveX":0,
"hurtMoveY":0,
"hurtMoveZ":0,
"roleMoveX":0,
"roleMoveY":0,
"roleMoveZ":0,
"handX":0,
"handY":0,
"handZ":0,
"atk_hurt":20,
"atk_rate":1.500,
"ats_hurt":0,
"ats_rate":0.000,
"chaos_hurt":0,
"nid":4001,
"buff_type":"0",
"buff_value":"0",
"continue_skill":"10802",
"continue_pos_x":"210",
"continue_pos_y":"40",
"isDouble":1,
"rotation":0.000,
"appoint_frame":"0",
"appoint_skill":"0",
"isRepeat":0
},
{
"id":10804,
"sid":30074,
"name":"酒鬼的技能攻击2",
"source":"JiuGuiSkill1_2",
"hurt":100,
"durationFrame":5,
"attackIntervalFrame":5,
"unActionFrame":5,
"attackType":3,
"hurtMoveType":0,
"skillMoveType":0,
"skillProperty":0,
"hurtTime":0,
"fallDownHurt":0,
"collisionRange":50,
"isHurt":0,
"xPos":40,
"yPos":50,
"zPos":0,
"skillMoveX":0,
"skillMoveY":0,
"skillMoveZ":0,
"hurtMoveX":0,
"hurtMoveY":0,
"hurtMoveZ":0,
"roleMoveX":0,
"roleMoveY":0,
"roleMoveZ":0,
"handX":0,
"handY":0,
"handZ":0,
"atk_hurt":20,
"atk_rate":1.500,
"ats_hurt":0,
"ats_rate":0.000,
"chaos_hurt":0,
"nid":4001,
"buff_type":"0",
"buff_value":"0",
"continue_skill":"10802",
"continue_pos_x":"260",
"continue_pos_y":"40",
"isDouble":1,
"rotation":0.000,
"appoint_frame":"0",
"appoint_skill":"0",
"isRepeat":0
},
{
"id":10805,
"sid":30075,
"name":"酒鬼的技能攻击3",
"source":"JiuGuiSkill1_3",
"hurt":100,
"durationFrame":16,
"attackIntervalFrame":16,
"unActionFrame":5,
"attackType":3,
"hurtMoveType":0,
"skillMoveType":0,
"skillProperty":0,
"hurtTime":0,
"fallDownHurt":0,
"collisionRange":50,
"isHurt":0,
"xPos":20,
"yPos":-20,
"zPos":0,
"skillMoveX":0,
"skillMoveY":0,
"skillMoveZ":0,
"hurtMoveX":0,
"hurtMoveY":0,
"hurtMoveZ":0,
"roleMoveX":0,
"roleMoveY":0,
"roleMoveZ":0,
"handX":0,
"handY":0,
"handZ":0,
"atk_hurt":20,
"atk_rate":1.500,
"ats_hurt":0,
"ats_rate":0.000,
"chaos_hurt":0,
"nid":4001,
"buff_type":"0",
"buff_value":"0",
"continue_skill":"0",
"continue_pos_x":"0",
"continue_pos_y":"0",
"isDouble":1,
"rotation":0.000,
"appoint_frame":"0",
"appoint_skill":"0",
"isRepeat":0
},
{
"id":10806,
"sid":30076,
"name":"酒鬼的技能攻击4",
"source":"JiuGuiSkill1_4",
"hurt":100,
"durationFrame":6,
"attackIntervalFrame":6,
"unActionFrame":5,
"attackType":3,
"hurtMoveType":0,
"skillMoveType":0,
"skillProperty":0,
"hurtTime":0,
"fallDownHurt":0,
"collisionRange":50,
"isHurt":0,
"xPos":40,
"yPos":15,
"zPos":0,
"skillMoveX":0,
"skillMoveY":0,
"skillMoveZ":0,
"hurtMoveX":0,
"hurtMoveY":0,
"hurtMoveZ":0,
"roleMoveX":0,
"roleMoveY":0,
"roleMoveZ":0,
"handX":0,
"handY":0,
"handZ":0,
"atk_hurt":20,
"atk_rate":1.500,
"ats_hurt":0,
"ats_rate":0.000,
"chaos_hurt":0,
"nid":4001,
"buff_type":"0",
"buff_value":"0",
"continue_skill":"10807",
"continue_pos_x":"310",
"continue_pos_y":"40",
"isDouble":1,
"rotation":0.000,
"appoint_frame":"0",
"appoint_skill":"0",
"isRepeat":0
},
{
"id":10807,
"sid":30077,
"name":"酒鬼的技能攻击5",
"source":"JiuGuiSkill1_5",
"hurt":100,
"durationFrame":12,
"attackIntervalFrame":12,
"unActionFrame":5,
"attackType":0,
"hurtMoveType":0,
"skillMoveType":0,
"skillProperty":0,
"hurtTime":0,
"fallDownHurt":0,
"collisionRange":50,
"isHurt":0,
"xPos":0,
"yPos":0,
"zPos":0,
"skillMoveX":0,
"skillMoveY":0,
"skillMoveZ":0,
"hurtMoveX":15,
"hurtMoveY":0,
"hurtMoveZ":0,
"roleMoveX":0,
"roleMoveY":0,
"roleMoveZ":0,
"handX":0,
"handY":0,
"handZ":0,
"atk_hurt":20,
"atk_rate":1.500,
"ats_hurt":0,
"ats_rate":0.000,
"chaos_hurt":0,
"nid":4001,
"buff_type":"0",
"buff_value":"0",
"continue_skill":"0",
"continue_pos_x":"0",
"continue_pos_y":"0",
"isDouble":1,
"rotation":0.000,
"appoint_frame":"0",
"appoint_skill":"0",
"isRepeat":0
},
{
"id":10901,
"sid":30081,
"name":"蛤蟆怪的普通攻击",
"source":"HaMaGuaiCommonHit1",
"hurt":100,
"durationFrame":16,
"attackIntervalFrame":16,
"unActionFrame":10,
"attackType":0,
"hurtMoveType":0,
"skillMoveType":1,
"skillProperty":0,
"hurtTime":0,
"fallDownHurt":0,
"collisionRange":50,
"isHurt":0,
"xPos":20,
"yPos":10,
"zPos":0,
"skillMoveX":30,
"skillMoveY":0,
"skillMoveZ":0,
"hurtMoveX":5,
"hurtMoveY":0,
"hurtMoveZ":0,
"roleMoveX":0,
"roleMoveY":0,
"roleMoveZ":0,
"handX":0,
"handY":0,
"handZ":0,
"atk_hurt":0,
"atk_rate":0.000,
"ats_hurt":0,
"ats_rate":1.000,
"chaos_hurt":0,
"nid":4001,
"buff_type":"0",
"buff_value":"0",
"continue_skill":"0",
"continue_pos_x":"0",
"continue_pos_y":"0",
"isDouble":1,
"rotation":0.000,
"appoint_frame":"0",
"appoint_skill":"0",
"isRepeat":0
},
{
"id":10902,
"sid":30082,
"name":"蛤蟆怪的技能攻击",
"source":"HaMaGuaiSkill1",
"hurt":100,
"durationFrame":8,
"attackIntervalFrame":4,
"unActionFrame":8,
"attackType":0,
"hurtMoveType":0,
"skillMoveType":0,
"skillProperty":0,
"hurtTime":0,
"fallDownHurt":0,
"collisionRange":50,
"isHurt":0,
"xPos":0,
"yPos":10,
"zPos":0,
"skillMoveX":0,
"skillMoveY":0,
"skillMoveZ":0,
"hurtMoveX":3,
"hurtMoveY":0,
"hurtMoveZ":0,
"roleMoveX":0,
"roleMoveY":0,
"roleMoveZ":0,
"handX":0,
"handY":0,
"handZ":0,
"atk_hurt":0,
"atk_rate":0.000,
"ats_hurt":30,
"ats_rate":1.200,
"chaos_hurt":0,
"nid":4001,
"buff_type":"0",
"buff_value":"0",
"continue_skill":"0",
"continue_pos_x":"0",
"continue_pos_y":"0",
"isDouble":1,
"rotation":0.000,
"appoint_frame":"0",
"appoint_skill":"0",
"isRepeat":0
},
{
"id":10903,
"sid":30083,
"name":"蛤蟆怪的技能攻击",
"source":"HaMaGuaiSkill1",
"hurt":100,
"durationFrame":12,
"attackIntervalFrame":4,
"unActionFrame":8,
"attackType":0,
"hurtMoveType":0,
"skillMoveType":1,
"skillProperty":0,
"hurtTime":0,
"fallDownHurt":0,
"collisionRange":50,
"isHurt":0,
"xPos":0,
"yPos":10,
"zPos":0,
"skillMoveX":40,
"skillMoveY":0,
"skillMoveZ":0,
"hurtMoveX":3,
"hurtMoveY":0,
"hurtMoveZ":0,
"roleMoveX":40,
"roleMoveY":0,
"roleMoveZ":0,
"handX":0,
"handY":0,
"handZ":0,
"atk_hurt":0,
"atk_rate":0.000,
"ats_hurt":30,
"ats_rate":1.200,
"chaos_hurt":0,
"nid":4001,
"buff_type":"0",
"buff_value":"0",
"continue_skill":"0",
"continue_pos_x":"0",
"continue_pos_y":"0",
"isDouble":1,
"rotation":0.000,
"appoint_frame":"0",
"appoint_skill":"0",
"isRepeat":0
},
{
"id":11001,
"sid":30161,
"name":"索命孤魂的普通攻击1",
"source":"SuoMingGuHunCommonHit1",
"hurt":100,
"durationFrame":12,
"attackIntervalFrame":6,
"unActionFrame":12,
"attackType":0,
"hurtMoveType":0,
"skillMoveType":0,
"skillProperty":0,
"hurtTime":0,
"fallDownHurt":0,
"collisionRange":50,
"isHurt":0,
"xPos":0,
"yPos":0,
"zPos":0,
"skillMoveX":0,
"skillMoveY":0,
"skillMoveZ":0,
"hurtMoveX":0,
"hurtMoveY":0,
"hurtMoveZ":0,
"roleMoveX":0,
"roleMoveY":0,
"roleMoveZ":0,
"handX":0,
"handY":0,
"handZ":0,
"atk_hurt":50,
"atk_rate":1.200,
"ats_hurt":0,
"ats_rate":0.000,
"chaos_hurt":0,
"nid":3101,
"buff_type":"0",
"buff_value":"0",
"continue_skill":"0",
"continue_pos_x":"0",
"continue_pos_y":"0",
"isDouble":1,
"rotation":0.000,
"appoint_frame":"0",
"appoint_skill":"0",
"isRepeat":0
},
{
"id":11002,
"sid":30162,
"name":"索命孤魂的技能攻击1_1",
"source":"NoSkill",
"hurt":100,
"durationFrame":5,
"attackIntervalFrame":5,
"unActionFrame":10,
"attackType":3,
"hurtMoveType":0,
"skillMoveType":0,
"skillProperty":0,
"hurtTime":0,
"fallDownHurt":0,
"collisionRange":50,
"isHurt":0,
"xPos":0,
"yPos":0,
"zPos":1,
"skillMoveX":0,
"skillMoveY":0,
"skillMoveZ":0,
"hurtMoveX":0,
"hurtMoveY":0,
"hurtMoveZ":0,
"roleMoveX":30,
"roleMoveY":0,
"roleMoveZ":0,
"handX":0,
"handY":0,
"handZ":0,
"atk_hurt":30,
"atk_rate":1.200,
"ats_hurt":0,
"ats_rate":0.000,
"chaos_hurt":0,
"nid":3101,
"buff_type":"0",
"buff_value":"0",
"continue_skill":"0",
"continue_pos_x":"0",
"continue_pos_y":"0",
"isDouble":1,
"rotation":0.000,
"appoint_frame":"0",
"appoint_skill":"0",
"isRepeat":0
},
{
"id":11003,
"sid":30163,
"name":"索命孤魂的技能攻击1_2",
"source":"SuoMingGuHunSkill1",
"hurt":100,
"durationFrame":8,
"attackIntervalFrame":4,
"unActionFrame":12,
"attackType":0,
"hurtMoveType":0,
"skillMoveType":0,
"skillProperty":0,
"hurtTime":0,
"fallDownHurt":0,
"collisionRange":50,
"isHurt":0,
"xPos":80,
"yPos":10,
"zPos":1,
"skillMoveX":0,
"skillMoveY":0,
"skillMoveZ":0,
"hurtMoveX":0,
"hurtMoveY":0,
"hurtMoveZ":0,
"roleMoveX":0,
"roleMoveY":0,
"roleMoveZ":0,
"handX":0,
"handY":0,
"handZ":0,
"atk_hurt":50,
"atk_rate":1.200,
"ats_hurt":0,
"ats_rate":0.000,
"chaos_hurt":0,
"nid":3101,
"buff_type":"0",
"buff_value":"0",
"continue_skill":"0",
"continue_pos_x":"0",
"continue_pos_y":"0",
"isDouble":1,
"rotation":0.000,
"appoint_frame":"0",
"appoint_skill":"0",
"isRepeat":0
},
{
"id":11101,
"sid":30171,
"name":"剑魔亡魂的普通攻击1",
"source":"JianMoWangHunCommonHit1",
"hurt":100,
"durationFrame":5,
"attackIntervalFrame":2,
"unActionFrame":10,
"attackType":0,
"hurtMoveType":0,
"skillMoveType":0,
"skillProperty":0,
"hurtTime":0,
"fallDownHurt":0,
"collisionRange":50,
"isHurt":0,
"xPos":215,
"yPos":-20,
"zPos":1,
"skillMoveX":0,
"skillMoveY":0,
"skillMoveZ":0,
"hurtMoveX":0,
"hurtMoveY":0,
"hurtMoveZ":0,
"roleMoveX":0,
"roleMoveY":0,
"roleMoveZ":0,
"handX":0,
"handY":0,
"handZ":0,
"atk_hurt":100,
"atk_rate":1.500,
"ats_hurt":0,
"ats_rate":0.000,
"chaos_hurt":0,
"nid":3101,
"buff_type":"0",
"buff_value":"0",
"continue_skill":"0",
"continue_pos_x":"0",
"continue_pos_y":"0",
"isDouble":1,
"rotation":0.000,
"appoint_frame":"0",
"appoint_skill":"0",
"isRepeat":0
},
{
"id":11102,
"sid":30172,
"name":"剑魔亡魂的技能攻击1_1",
"source":"JianMoWangHunSkill1",
"hurt":100,
"durationFrame":7,
"attackIntervalFrame":3,
"unActionFrame":10,
"attackType":0,
"hurtMoveType":0,
"skillMoveType":1,
"skillProperty":0,
"hurtTime":0,
"fallDownHurt":0,
"collisionRange":50,
"isHurt":0,
"xPos":30,
"yPos":35,
"zPos":1,
"skillMoveX":40,
"skillMoveY":0,
"skillMoveZ":0,
"hurtMoveX":3,
"hurtMoveY":7,
"hurtMoveZ":0,
"roleMoveX":40,
"roleMoveY":0,
"roleMoveZ":0,
"handX":0,
"handY":0,
"handZ":0,
"atk_hurt":100,
"atk_rate":1.500,
"ats_hurt":0,
"ats_rate":0.000,
"chaos_hurt":0,
"nid":3101,
"buff_type":"0",
"buff_value":"0",
"continue_skill":"0",
"continue_pos_x":"0",
"continue_pos_y":"0",
"isDouble":1,
"rotation":0.000,
"appoint_frame":"0",
"appoint_skill":"0",
"isRepeat":0
},
{
"id":11103,
"sid":30173,
"name":"剑魔亡魂的技能攻击2_1",
"source":"JianMoWangHunSkill2_1",
"hurt":100,
"durationFrame":3,
"attackIntervalFrame":3,
"unActionFrame":10,
"attackType":3,
"hurtMoveType":0,
"skillMoveType":2,
"skillProperty":0,
"hurtTime":0,
"fallDownHurt":0,
"collisionRange":50,
"isHurt":0,
"xPos":0,
"yPos":0,
"zPos":1,
"skillMoveX":0,
"skillMoveY":133,
"skillMoveZ":0,
"hurtMoveX":0,
"hurtMoveY":0,
"hurtMoveZ":0,
"roleMoveX":0,
"roleMoveY":0,
"roleMoveZ":0,
"handX":0,
"handY":0,
"handZ":0,
"atk_hurt":100,
"atk_rate":1.500,
"ats_hurt":0,
"ats_rate":0.000,
"chaos_hurt":0,
"nid":3101,
"buff_type":"0",
"buff_value":"0",
"continue_skill":"11104",
"continue_pos_x":"-1",
"continue_pos_y":"-1",
"isDouble":0,
"rotation":0.000,
"appoint_frame":"0",
"appoint_skill":"0",
"isRepeat":0
},
{
"id":11104,
"sid":30174,
"name":"剑魔亡魂的技能攻击2_2",
"source":"JianMoWangHunSkill2_2",
"hurt":100,
"durationFrame":29,
"attackIntervalFrame":15,
"unActionFrame":12,
"attackType":0,
"hurtMoveType":0,
"skillMoveType":0,
"skillProperty":0,
"hurtTime":0,
"fallDownHurt":1,
"collisionRange":60,
"isHurt":0,
"xPos":0,
"yPos":0,
"zPos":0,
"skillMoveX":0,
"skillMoveY":0,
"skillMoveZ":0,
"hurtMoveX":0,
"hurtMoveY":1,
"hurtMoveZ":0,
"roleMoveX":0,
"roleMoveY":0,
"roleMoveZ":0,
"handX":0,
"handY":0,
"handZ":0,
"atk_hurt":100,
"atk_rate":1.500,
"ats_hurt":0,
"ats_rate":0.000,
"chaos_hurt":0,
"nid":3101,
"buff_type":"0",
"buff_value":"0",
"continue_skill":"-1",
"continue_pos_x":"0",
"continue_pos_y":"0",
"isDouble":0,
"rotation":0.000,
"appoint_frame":"0",
"appoint_skill":"0",
"isRepeat":0
},
{
"id":20101,
"sid":30091,
"name":"阴阳真人的普通攻击1",
"source":"YinYangZhenRenCommonHit1",
"hurt":100,
"durationFrame":9,
"attackIntervalFrame":9,
"unActionFrame":10,
"attackType":0,
"hurtMoveType":0,
"skillMoveType":0,
"skillProperty":0,
"hurtTime":0,
"fallDownHurt":0,
"collisionRange":50,
"isHurt":0,
"xPos":40,
"yPos":-30,
"zPos":1,
"skillMoveX":0,
"skillMoveY":0,
"skillMoveZ":0,
"hurtMoveX":0,
"hurtMoveY":0,
"hurtMoveZ":0,
"roleMoveX":0,
"roleMoveY":0,
"roleMoveZ":0,
"handX":0,
"handY":0,
"handZ":0,
"atk_hurt":100,
"atk_rate":1.500,
"ats_hurt":0,
"ats_rate":0.000,
"chaos_hurt":0,
"nid":4001,
"buff_type":"0",
"buff_value":"0",
"continue_skill":"0",
"continue_pos_x":"0",
"continue_pos_y":"0",
"isDouble":1,
"rotation":0.000,
"appoint_frame":"0",
"appoint_skill":"0",
"isRepeat":0
},
{
"id":20102,
"sid":30092,
"name":"阴阳真人的技能攻击1",
"source":"YinYangZhenRenSkill1",
"hurt":100,
"durationFrame":8,
"attackIntervalFrame":8,
"unActionFrame":10,
"attackType":0,
"hurtMoveType":0,
"skillMoveType":1,
"skillProperty":0,
"hurtTime":0,
"fallDownHurt":0,
"collisionRange":50,
"isHurt":0,
"xPos":20,
"yPos":10,
"zPos":1,
"skillMoveX":30,
"skillMoveY":0,
"skillMoveZ":0,
"hurtMoveX":0,
"hurtMoveY":0,
"hurtMoveZ":0,
"roleMoveX":0,
"roleMoveY":0,
"roleMoveZ":0,
"handX":0,
"handY":0,
"handZ":0,
"atk_hurt":0,
"atk_rate":0.000,
"ats_hurt":100,
"ats_rate":1.500,
"chaos_hurt":0,
"nid":4001,
"buff_type":"0",
"buff_value":"0",
"continue_skill":"0",
"continue_pos_x":"0",
"continue_pos_y":"0",
"isDouble":1,
"rotation":0.000,
"appoint_frame":"0",
"appoint_skill":"0",
"isRepeat":0
},
{
"id":20103,
"sid":30093,
"name":"阴阳真人的技能攻击2",
"source":"YinYangZhenRenSkill2",
"hurt":100,
"durationFrame":9,
"attackIntervalFrame":9,
"unActionFrame":10,
"attackType":0,
"hurtMoveType":0,
"skillMoveType":0,
"skillProperty":0,
"hurtTime":0,
"fallDownHurt":0,
"collisionRange":50,
"isHurt":0,
"xPos":0,
"yPos":0,
"zPos":1,
"skillMoveX":0,
"skillMoveY":0,
"skillMoveZ":0,
"hurtMoveX":0,
"hurtMoveY":0,
"hurtMoveZ":0,
"roleMoveX":0,
"roleMoveY":0,
"roleMoveZ":0,
"handX":0,
"handY":0,
"handZ":0,
"atk_hurt":0,
"atk_rate":0.000,
"ats_hurt":0,
"ats_rate":0.000,
"chaos_hurt":6000,
"nid":4001,
"buff_type":"0",
"buff_value":"0",
"continue_skill":"0",
"continue_pos_x":"0",
"continue_pos_y":"0",
"isDouble":0,
"rotation":0.000,
"appoint_frame":"0",
"appoint_skill":"0",
"isRepeat":0
},
{
"id":20201,
"sid":30101,
"name":"风流道人的普通攻击1",
"source":"FengLiuDaoRenCommonHit1",
"hurt":100,
"durationFrame":9,
"attackIntervalFrame":5,
"unActionFrame":5,
"attackType":0,
"hurtMoveType":0,
"skillMoveType":0,
"skillProperty":0,
"hurtTime":0,
"fallDownHurt":0,
"collisionRange":50,
"isHurt":0,
"xPos":80,
"yPos":0,
"zPos":1,
"skillMoveX":0,
"skillMoveY":0,
"skillMoveZ":0,
"hurtMoveX":2,
"hurtMoveY":10,
"hurtMoveZ":0,
"roleMoveX":0,
"roleMoveY":0,
"roleMoveZ":0,
"handX":0,
"handY":0,
"handZ":0,
"atk_hurt":50,
"atk_rate":1.000,
"ats_hurt":0,
"ats_rate":0.000,
"chaos_hurt":0,
"nid":4001,
"buff_type":"0",
"buff_value":"0",
"continue_skill":"0",
"continue_pos_x":"0",
"continue_pos_y":"0",
"isDouble":1,
"rotation":0.000,
"appoint_frame":"0",
"appoint_skill":"0",
"isRepeat":0
},
{
"id":20202,
"sid":30102,
"name":"风流道人的技能攻击1",
"source":"FengLiuDaoRenSkill1",
"hurt":100,
"durationFrame":150,
"attackIntervalFrame":30,
"unActionFrame":5,
"attackType":2,
"hurtMoveType":0,
"skillMoveType":8,
"skillProperty":4,
"hurtTime":0,
"fallDownHurt":0,
"collisionRange":50,
"isHurt":0,
"xPos":0,
"yPos":0,
"zPos":20,
"skillMoveX":0,
"skillMoveY":0,
"skillMoveZ":0,
"hurtMoveX":2,
"hurtMoveY":0,
"hurtMoveZ":0,
"roleMoveX":0,
"roleMoveY":0,
"roleMoveZ":0,
"handX":0,
"handY":0,
"handZ":0,
"atk_hurt":0,
"atk_rate":0.000,
"ats_hurt":100,
"ats_rate":1.500,
"chaos_hurt":0,
"nid":4001,
"buff_type":"9|10|101",
"buff_value":"0.02|1|150",
"continue_skill":"0",
"continue_pos_x":"0",
"continue_pos_y":"0",
"isDouble":1,
"rotation":0.000,
"appoint_frame":"0",
"appoint_skill":"0",
"isRepeat":0
},
{
"id":20301,
"sid":30111,
"name":"红莲散人的普通攻击1",
"source":"HongLianSanRenCommonHit1",
"hurt":100,
"durationFrame":6,
"attackIntervalFrame":6,
"unActionFrame":10,
"attackType":3,
"hurtMoveType":0,
"skillMoveType":0,
"skillProperty":0,
"hurtTime":0,
"fallDownHurt":0,
"collisionRange":50,
"isHurt":0,
"xPos":40,
"yPos":-30,
"zPos":1,
"skillMoveX":0,
"skillMoveY":0,
"skillMoveZ":0,
"hurtMoveX":0,
"hurtMoveY":0,
"hurtMoveZ":0,
"roleMoveX":0,
"roleMoveY":0,
"roleMoveZ":0,
"handX":0,
"handY":0,
"handZ":0,
"atk_hurt":0,
"atk_rate":0.000,
"ats_hurt":0,
"ats_rate":0.000,
"chaos_hurt":0,
"nid":4001,
"buff_type":"0",
"buff_value":"0",
"continue_skill":"0",
"continue_pos_x":"0",
"continue_pos_y":"0",
"isDouble":1,
"rotation":0.000,
"appoint_frame":"0",
"appoint_skill":"0",
"isRepeat":0
},
{
"id":20302,
"sid":30112,
"name":"红莲散人的普通攻击2",
"source":"HongLianSanRenCommonHit2",
"hurt":100,
"durationFrame":14,
"attackIntervalFrame":14,
"unActionFrame":10,
"attackType":0,
"hurtMoveType":0,
"skillMoveType":1,
"skillProperty":0,
"hurtTime":0,
"fallDownHurt":0,
"collisionRange":50,
"isHurt":0,
"xPos":20,
"yPos":10,
"zPos":1,
"skillMoveX":30,
"skillMoveY":0,
"skillMoveZ":0,
"hurtMoveX":5,
"hurtMoveY":0,
"hurtMoveZ":0,
"roleMoveX":0,
"roleMoveY":0,
"roleMoveZ":0,
"handX":0,
"handY":0,
"handZ":0,
"atk_hurt":0,
"atk_rate":0.000,
"ats_hurt":50,
"ats_rate":1.000,
"chaos_hurt":0,
"nid":4001,
"buff_type":"0",
"buff_value":"0",
"continue_skill":"0",
"continue_pos_x":"0",
"continue_pos_y":"0",
"isDouble":1,
"rotation":0.000,
"appoint_frame":"0",
"appoint_skill":"0",
"isRepeat":0
},
{
"id":20303,
"sid":30113,
"name":"红莲散人的技能攻击1",
"source":"HongLianSanRenSkill1",
"hurt":100,
"durationFrame":900,
"attackIntervalFrame":30,
"unActionFrame":5,
"attackType":2,
"hurtMoveType":0,
"skillMoveType":0,
"skillProperty":3,
"hurtTime":0,
"fallDownHurt":0,
"collisionRange":50,
"isHurt":0,
"xPos":200,
"yPos":0,
"zPos":1,
"skillMoveX":0,
"skillMoveY":0,
"skillMoveZ":0,
"hurtMoveX":0,
"hurtMoveY":0,
"hurtMoveZ":0,
"roleMoveX":0,
"roleMoveY":0,
"roleMoveZ":0,
"handX":0,
"handY":0,
"handZ":0,
"atk_hurt":0,
"atk_rate":0.000,
"ats_hurt":30,
"ats_rate":1.000,
"chaos_hurt":0,
"nid":4001,
"buff_type":"0",
"buff_value":"0",
"continue_skill":"0",
"continue_pos_x":"0",
"continue_pos_y":"0",
"isDouble":1,
"rotation":0.000,
"appoint_frame":"0",
"appoint_skill":"0",
"isRepeat":0
},
{
"id":20401,
"sid":30121,
"name":"小道士的普通攻击1",
"source":"XiaoDaoShiCommonHit1",
"hurt":100,
"durationFrame":7,
"attackIntervalFrame":5,
"unActionFrame":10,
"attackType":0,
"hurtMoveType":0,
"skillMoveType":1,
"skillProperty":0,
"hurtTime":0,
"fallDownHurt":0,
"collisionRange":50,
"isHurt":0,
"xPos":60,
"yPos":15,
"zPos":1,
"skillMoveX":2,
"skillMoveY":0,
"skillMoveZ":0,
"hurtMoveX":3,
"hurtMoveY":0,
"hurtMoveZ":0,
"roleMoveX":2,
"roleMoveY":0,
"roleMoveZ":0,
"handX":0,
"handY":0,
"handZ":0,
"atk_hurt":50,
"atk_rate":1.000,
"ats_hurt":0,
"ats_rate":0.000,
"chaos_hurt":0,
"nid":4001,
"buff_type":"0",
"buff_value":"0",
"continue_skill":"0",
"continue_pos_x":"0",
"continue_pos_y":"0",
"isDouble":1,
"rotation":0.000,
"appoint_frame":"0",
"appoint_skill":"0",
"isRepeat":0
},
{
"id":20402,
"sid":30122,
"name":"小道士的技能攻击1_1",
"source":"XiaoDaoShiSkill1_1",
"hurt":100,
"durationFrame":16,
"attackIntervalFrame":16,
"unActionFrame":10,
"attackType":3,
"hurtMoveType":0,
"skillMoveType":0,
"skillProperty":0,
"hurtTime":0,
"fallDownHurt":0,
"collisionRange":50,
"isHurt":0,
"xPos":-50,
"yPos":50,
"zPos":1,
"skillMoveX":0,
"skillMoveY":0,
"skillMoveZ":0,
"hurtMoveX":0,
"hurtMoveY":0,
"hurtMoveZ":0,
"roleMoveX":0,
"roleMoveY":0,
"roleMoveZ":0,
"handX":0,
"handY":0,
"handZ":0,
"atk_hurt":0,
"atk_rate":0.000,
"ats_hurt":0,
"ats_rate":0.000,
"chaos_hurt":0,
"nid":4001,
"buff_type":"0",
"buff_value":"0",
"continue_skill":"0",
"continue_pos_x":"0",
"continue_pos_y":"0",
"isDouble":1,
"rotation":0.000,
"appoint_frame":"0",
"appoint_skill":"0",
"isRepeat":0
},
{
"id":20403,
"sid":30123,
"name":"小道士的技能攻击1_2",
"source":"XiaoDaoShiSkill1_2",
"hurt":100,
"durationFrame":10,
"attackIntervalFrame":4,
"unActionFrame":10,
"attackType":0,
"hurtMoveType":0,
"skillMoveType":1,
"skillProperty":0,
"hurtTime":0,
"fallDownHurt":0,
"collisionRange":50,
"isHurt":0,
"xPos":80,
"yPos":0,
"zPos":1,
"skillMoveX":30,
"skillMoveY":0,
"skillMoveZ":0,
"hurtMoveX":2,
"hurtMoveY":6,
"hurtMoveZ":0,
"roleMoveX":20,
"roleMoveY":0,
"roleMoveZ":0,
"handX":0,
"handY":0,
"handZ":0,
"atk_hurt":50,
"atk_rate":1.500,
"ats_hurt":0,
"ats_rate":0.000,
"chaos_hurt":0,
"nid":4001,
"buff_type":"0",
"buff_value":"0",
"continue_skill":"0",
"continue_pos_x":"0",
"continue_pos_y":"0",
"isDouble":1,
"rotation":0.000,
"appoint_frame":"0",
"appoint_skill":"0",
"isRepeat":0
},
{
"id":20501,
"sid":30131,
"name":"小道姑的普通攻击1",
"source":"XiaoDaoGuCommonHit1",
"hurt":100,
"durationFrame":24,
"attackIntervalFrame":24,
"unActionFrame":10,
"attackType":0,
"hurtMoveType":0,
"skillMoveType":1,
"skillProperty":0,
"hurtTime":0,
"fallDownHurt":0,
"collisionRange":50,
"isHurt":0,
"xPos":20,
"yPos":10,
"zPos":1,
"skillMoveX":25,
"skillMoveY":0,
"skillMoveZ":0,
"hurtMoveX":3,
"hurtMoveY":0,
"hurtMoveZ":0,
"roleMoveX":0,
"roleMoveY":0,
"roleMoveZ":0,
"handX":0,
"handY":0,
"handZ":0,
"atk_hurt":0,
"atk_rate":0.000,
"ats_hurt":50,
"ats_rate":1.000,
"chaos_hurt":0,
"nid":4001,
"buff_type":"0",
"buff_value":"0",
"continue_skill":"0",
"continue_pos_x":"0",
"continue_pos_y":"0",
"isDouble":1,
"rotation":0.000,
"appoint_frame":"0",
"appoint_skill":"0",
"isRepeat":0
},
{
"id":20502,
"sid":30132,
"name":"小道姑的技能攻击1_1",
"source":"XiaoDaoGuSkill1_1",
"hurt":100,
"durationFrame":16,
"attackIntervalFrame":16,
"unActionFrame":10,
"attackType":3,
"hurtMoveType":0,
"skillMoveType":0,
"skillProperty":0,
"hurtTime":0,
"fallDownHurt":0,
"collisionRange":50,
"isHurt":0,
"xPos":-35,
"yPos":-8,
"zPos":1,
"skillMoveX":0,
"skillMoveY":0,
"skillMoveZ":0,
"hurtMoveX":0,
"hurtMoveY":0,
"hurtMoveZ":0,
"roleMoveX":0,
"roleMoveY":0,
"roleMoveZ":0,
"handX":0,
"handY":0,
"handZ":0,
"atk_hurt":0,
"atk_rate":0.000,
"ats_hurt":0,
"ats_rate":0.000,
"chaos_hurt":0,
"nid":4001,
"buff_type":"0",
"buff_value":"0",
"continue_skill":"0",
"continue_pos_x":"0",
"continue_pos_y":"0",
"isDouble":1,
"rotation":0.000,
"appoint_frame":"0",
"appoint_skill":"0",
"isRepeat":0
},
{
"id":20503,
"sid":30133,
"name":"小道姑的技能攻击1_2",
"source":"XiaoDaoGuSkill1_2",
"hurt":100,
"durationFrame":32,
"attackIntervalFrame":8,
"unActionFrame":10,
"attackType":0,
"hurtMoveType":0,
"skillMoveType":1,
"skillProperty":0,
"hurtTime":0,
"fallDownHurt":0,
"collisionRange":50,
"isHurt":0,
"xPos":20,
"yPos":10,
"zPos":1,
"skillMoveX":22,
"skillMoveY":0,
"skillMoveZ":0,
"hurtMoveX":4,
"hurtMoveY":0,
"hurtMoveZ":0,
"roleMoveX":0,
"roleMoveY":0,
"roleMoveZ":0,
"handX":0,
"handY":0,
"handZ":0,
"atk_hurt":0,
"atk_rate":0.000,
"ats_hurt":50,
"ats_rate":1.500,
"chaos_hurt":0,
"nid":4001,
"buff_type":"0",
"buff_value":"0",
"continue_skill":"0",
"continue_pos_x":"0",
"continue_pos_y":"0",
"isDouble":1,
"rotation":0.000,
"appoint_frame":"0",
"appoint_skill":"0",
"isRepeat":0
},
{
"id":20601,
"sid":30141,
"name":"小乌鸦的普通攻击1_1",
"source":"XiaoWuYaCommonHit1",
"hurt":100,
"durationFrame":12,
"attackIntervalFrame":12,
"unActionFrame":10,
"attackType":0,
"hurtMoveType":0,
"skillMoveType":4,
"skillProperty":0,
"hurtTime":0,
"fallDownHurt":0,
"collisionRange":50,
"isHurt":0,
"xPos":0,
"yPos":0,
"zPos":1,
"skillMoveX":10,
"skillMoveY":10,
"skillMoveZ":0,
"hurtMoveX":0,
"hurtMoveY":0,
"hurtMoveZ":0,
"roleMoveX":10,
"roleMoveY":10,
"roleMoveZ":0,
"handX":0,
"handY":0,
"handZ":0,
"atk_hurt":50,
"atk_rate":1.000,
"ats_hurt":0,
"ats_rate":0.000,
"chaos_hurt":0,
"nid":4001,
"buff_type":"0",
"buff_value":"0",
"continue_skill":"0",
"continue_pos_x":"0",
"continue_pos_y":"0",
"isDouble":1,
"rotation":0.000,
"appoint_frame":"0",
"appoint_skill":"0",
"isRepeat":0
},
{
"id":20602,
"sid":30142,
"name":"小乌鸦的技能攻击1_1",
"source":"NoSkill",
"hurt":100,
"durationFrame":3,
"attackIntervalFrame":3,
"unActionFrame":7,
"attackType":0,
"hurtMoveType":0,
"skillMoveType":4,
"skillProperty":0,
"hurtTime":0,
"fallDownHurt":0,
"collisionRange":50,
"isHurt":0,
"xPos":0,
"yPos":0,
"zPos":1,
"skillMoveX":10,
"skillMoveY":-10,
"skillMoveZ":0,
"hurtMoveX":0,
"hurtMoveY":0,
"hurtMoveZ":0,
"roleMoveX":10,
"roleMoveY":-10,
"roleMoveZ":0,
"handX":0,
"handY":0,
"handZ":0,
"atk_hurt":0,
"atk_rate":0.000,
"ats_hurt":0,
"ats_rate":0.000,
"chaos_hurt":0,
"nid":4001,
"buff_type":"0",
"buff_value":"0",
"continue_skill":"0",
"continue_pos_x":"0",
"continue_pos_y":"0",
"isDouble":1,
"rotation":0.000,
"appoint_frame":"0",
"appoint_skill":"0",
"isRepeat":0
},
{
"id":20603,
"sid":30143,
"name":"小乌鸦的技能攻击1_2",
"source":"XiaoWuYaSkill1_1",
"hurt":100,
"durationFrame":8,
"attackIntervalFrame":4,
"unActionFrame":10,
"attackType":0,
"hurtMoveType":0,
"skillMoveType":4,
"skillProperty":0,
"hurtTime":0,
"fallDownHurt":0,
"collisionRange":50,
"isHurt":0,
"xPos":0,
"yPos":0,
"zPos":1,
"skillMoveX":20,
"skillMoveY":15,
"skillMoveZ":0,
"hurtMoveX":5,
"hurtMoveY":6,
"hurtMoveZ":0,
"roleMoveX":20,
"roleMoveY":15,
"roleMoveZ":0,
"handX":0,
"handY":0,
"handZ":0,
"atk_hurt":50,
"atk_rate":1.500,
"ats_hurt":0,
"ats_rate":0.000,
"chaos_hurt":0,
"nid":4001,
"buff_type":"0",
"buff_value":"0",
"continue_skill":"0",
"continue_pos_x":"0",
"continue_pos_y":"0",
"isDouble":1,
"rotation":0.000,
"appoint_frame":"0",
"appoint_skill":"0",
"isRepeat":0
},
{
"id":20604,
"sid":30144,
"name":"小乌鸦的技能攻击1_3",
"source":"XiaoWuYaSkill1_2",
"hurt":100,
"durationFrame":8,
"attackIntervalFrame":4,
"unActionFrame":10,
"attackType":0,
"hurtMoveType":0,
"skillMoveType":4,
"skillProperty":0,
"hurtTime":0,
"fallDownHurt":0,
"collisionRange":50,
"isHurt":0,
"xPos":0,
"yPos":0,
"zPos":1,
"skillMoveX":20,
"skillMoveY":-11,
"skillMoveZ":0,
"hurtMoveX":5,
"hurtMoveY":6,
"hurtMoveZ":0,
"roleMoveX":20,
"roleMoveY":-11,
"roleMoveZ":0,
"handX":0,
"handY":0,
"handZ":0,
"atk_hurt":50,
"atk_rate":1.500,
"ats_hurt":0,
"ats_rate":0.000,
"chaos_hurt":0,
"nid":4001,
"buff_type":"0",
"buff_value":"0",
"continue_skill":"0",
"continue_pos_x":"0",
"continue_pos_y":"0",
"isDouble":1,
"rotation":0.000,
"appoint_frame":"0",
"appoint_skill":"0",
"isRepeat":0
},
{
"id":20701,
"sid":30151,
"name":"小树精的普通攻击1",
"source":"XiaoShuJingCommonHit1",
"hurt":100,
"durationFrame":13,
"attackIntervalFrame":13,
"unActionFrame":10,
"attackType":0,
"hurtMoveType":0,
"skillMoveType":1,
"skillProperty":0,
"hurtTime":0,
"fallDownHurt":0,
"collisionRange":50,
"isHurt":0,
"xPos":30,
"yPos":-50,
"zPos":1,
"skillMoveX":30,
"skillMoveY":0,
"skillMoveZ":0,
"hurtMoveX":3,
"hurtMoveY":0,
"hurtMoveZ":0,
"roleMoveX":0,
"roleMoveY":0,
"roleMoveZ":0,
"handX":0,
"handY":0,
"handZ":0,
"atk_hurt":0,
"atk_rate":0.000,
"ats_hurt":50,
"ats_rate":1.000,
"chaos_hurt":0,
"nid":4001,
"buff_type":"0",
"buff_value":"0",
"continue_skill":"0",
"continue_pos_x":"0",
"continue_pos_y":"0",
"isDouble":1,
"rotation":0.000,
"appoint_frame":"0",
"appoint_skill":"0",
"isRepeat":0
},
{
"id":20702,
"sid":30152,
"name":"小树精的技能攻击1_1",
"source":"XiaoShuJingSkill1_1",
"hurt":100,
"durationFrame":17,
"attackIntervalFrame":17,
"unActionFrame":10,
"attackType":3,
"hurtMoveType":0,
"skillMoveType":0,
"skillProperty":0,
"hurtTime":0,
"fallDownHurt":0,
"collisionRange":50,
"isHurt":0,
"xPos":-50,
"yPos":-95,
"zPos":1,
"skillMoveX":0,
"skillMoveY":0,
"skillMoveZ":0,
"hurtMoveX":0,
"hurtMoveY":0,
"hurtMoveZ":0,
"roleMoveX":0,
"roleMoveY":0,
"roleMoveZ":0,
"handX":0,
"handY":0,
"handZ":0,
"atk_hurt":0,
"atk_rate":0.000,
"ats_hurt":0,
"ats_rate":0.000,
"chaos_hurt":0,
"nid":4001,
"buff_type":"0",
"buff_value":"0",
"continue_skill":"0",
"continue_pos_x":"0",
"continue_pos_y":"0",
"isDouble":1,
"rotation":0.000,
"appoint_frame":"0",
"appoint_skill":"0",
"isRepeat":0
},
{
"id":20703,
"sid":30153,
"name":"小树精的技能攻击1_2",
"source":"XiaoShuJingSkill1_2",
"hurt":100,
"durationFrame":10,
"attackIntervalFrame":10,
"unActionFrame":10,
"attackType":3,
"hurtMoveType":0,
"skillMoveType":0,
"skillProperty":0,
"hurtTime":0,
"fallDownHurt":0,
"collisionRange":50,
"isHurt":0,
"xPos":70,
"yPos":-80,
"zPos":1,
"skillMoveX":0,
"skillMoveY":0,
"skillMoveZ":0,
"hurtMoveX":0,
"hurtMoveY":0,
"hurtMoveZ":0,
"roleMoveX":0,
"roleMoveY":0,
"roleMoveZ":0,
"handX":0,
"handY":0,
"handZ":0,
"atk_hurt":0,
"atk_rate":0.000,
"ats_hurt":0,
"ats_rate":0.000,
"chaos_hurt":0,
"nid":4001,
"buff_type":"0",
"buff_value":"0",
"continue_skill":"20704",
"continue_pos_x":"150",
"continue_pos_y":"0",
"isDouble":1,
"rotation":0.000,
"appoint_frame":"0",
"appoint_skill":"0",
"isRepeat":0
},
{
"id":20704,
"sid":30154,
"name":"小树精的技能攻击1_3",
"source":"XiaoShuJingSkill1_3",
"hurt":100,
"durationFrame":15,
"attackIntervalFrame":5,
"unActionFrame":10,
"attackType":0,
"hurtMoveType":0,
"skillMoveType":0,
"skillProperty":0,
"hurtTime":0,
"fallDownHurt":0,
"collisionRange":50,
"isHurt":0,
"xPos":0,
"yPos":0,
"zPos":1,
"skillMoveX":0,
"skillMoveY":0,
"skillMoveZ":0,
"hurtMoveX":4,
"hurtMoveY":5,
"hurtMoveZ":0,
"roleMoveX":0,
"roleMoveY":0,
"roleMoveZ":0,
"handX":0,
"handY":0,
"handZ":0,
"atk_hurt":0,
"atk_rate":0.000,
"ats_hurt":50,
"ats_rate":1.500,
"chaos_hurt":0,
"nid":4001,
"buff_type":"0",
"buff_value":"0",
"continue_skill":"0",
"continue_pos_x":"0",
"continue_pos_y":"0",
"isDouble":1,
"rotation":0.000,
"appoint_frame":"0",
"appoint_skill":"0",
"isRepeat":0
},
{
"id":20801,
"sid":30191,
"name":"小火魔的普通攻击1",
"source":"XiaoHuoMoCommonHit1",
"hurt":100,
"durationFrame":20,
"attackIntervalFrame":10,
"unActionFrame":12,
"attackType":0,
"hurtMoveType":0,
"skillMoveType":1,
"skillProperty":0,
"hurtTime":0,
"fallDownHurt":0,
"collisionRange":60,
"isHurt":0,
"xPos":70,
"yPos":0,
"zPos":1,
"skillMoveX":30,
"skillMoveY":0,
"skillMoveZ":0,
"hurtMoveX":0,
"hurtMoveY":0,
"hurtMoveZ":0,
"roleMoveX":0,
"roleMoveY":0,
"roleMoveZ":0,
"handX":0,
"handY":0,
"handZ":0,
"atk_hurt":200,
"atk_rate":1.700,
"ats_hurt":0,
"ats_rate":0.000,
"chaos_hurt":0,
"nid":3101,
"buff_type":"0",
"buff_value":"0",
"continue_skill":"0",
"continue_pos_x":"0",
"continue_pos_y":"0",
"isDouble":1,
"rotation":0.000,
"appoint_frame":"0",
"appoint_skill":"0",
"isRepeat":0
},
{
"id":20802,
"sid":30192,
"name":"小火魔的技能攻击1_1",
"source":"XiaoHuoMoSkill1_1",
"hurt":100,
"durationFrame":36,
"attackIntervalFrame":36,
"unActionFrame":12,
"attackType":3,
"hurtMoveType":0,
"skillMoveType":1,
"skillProperty":0,
"hurtTime":0,
"fallDownHurt":0,
"collisionRange":60,
"isHurt":0,
"xPos":-50,
"yPos":25,
"zPos":1,
"skillMoveX":20,
"skillMoveY":0,
"skillMoveZ":0,
"hurtMoveX":0,
"hurtMoveY":0,
"hurtMoveZ":0,
"roleMoveX":20,
"roleMoveY":0,
"roleMoveZ":0,
"handX":0,
"handY":0,
"handZ":0,
"atk_hurt":200,
"atk_rate":1.700,
"ats_hurt":0,
"ats_rate":0.000,
"chaos_hurt":0,
"nid":3101,
"buff_type":"0",
"buff_value":"0",
"continue_skill":"0",
"continue_pos_x":"0",
"continue_pos_y":"0",
"isDouble":1,
"rotation":0.000,
"appoint_frame":"5|10|15|20|25|30",
"appoint_skill":"20803|20803|20803|20803|20803|20803",
"isRepeat":0
},
{
"id":20803,
"sid":30193,
"name":"小火魔的技能攻击1_2",
"source":"XiaoHuoMoSkill1_2",
"hurt":100,
"durationFrame":450,
"attackIntervalFrame":30,
"unActionFrame":5,
"attackType":0,
"hurtMoveType":0,
"skillMoveType":1,
"skillProperty":0,
"hurtTime":0,
"fallDownHurt":0,
"collisionRange":40,
"isHurt":0,
"xPos":-65,
"yPos":30,
"zPos":0,
"skillMoveX":0,
"skillMoveY":0,
"skillMoveZ":0,
"hurtMoveX":0,
"hurtMoveY":0,
"hurtMoveZ":0,
"roleMoveX":0,
"roleMoveY":0,
"roleMoveZ":0,
"handX":0,
"handY":0,
"handZ":0,
"atk_hurt":0,
"atk_rate":0.000,
"ats_hurt":50,
"ats_rate":1.000,
"chaos_hurt":0,
"nid":3101,
"buff_type":"0",
"buff_value":"0",
"continue_skill":"0",
"continue_pos_x":"0",
"continue_pos_y":"0",
"isDouble":1,
"rotation":0.000,
"appoint_frame":"0",
"appoint_skill":"0",
"isRepeat":0
},
{
"id":20901,
"sid":30201,
"name":"冥火焚身的普通攻击1",
"source":"MingHuoFenShenCommonHit1",
"hurt":100,
"durationFrame":20,
"attackIntervalFrame":10,
"unActionFrame":12,
"attackType":0,
"hurtMoveType":0,
"skillMoveType":1,
"skillProperty":0,
"hurtTime":0,
"fallDownHurt":0,
"collisionRange":60,
"isHurt":0,
"xPos":70,
"yPos":-5,
"zPos":1,
"skillMoveX":30,
"skillMoveY":0,
"skillMoveZ":0,
"hurtMoveX":0,
"hurtMoveY":0,
"hurtMoveZ":0,
"roleMoveX":0,
"roleMoveY":0,
"roleMoveZ":0,
"handX":0,
"handY":0,
"handZ":0,
"atk_hurt":100,
"atk_rate":1.500,
"ats_hurt":0,
"ats_rate":0.000,
"chaos_hurt":0,
"nid":3101,
"buff_type":"0",
"buff_value":"0",
"continue_skill":"0",
"continue_pos_x":"0",
"continue_pos_y":"0",
"isDouble":1,
"rotation":0.000,
"appoint_frame":"0",
"appoint_skill":"0",
"isRepeat":0
},
{
"id":20902,
"sid":30201,
"name":"冥火焚身的普通攻击1",
"source":"MingHuoFenShenCommonHit1",
"hurt":100,
"durationFrame":20,
"attackIntervalFrame":10,
"unActionFrame":12,
"attackType":0,
"hurtMoveType":0,
"skillMoveType":5,
"skillProperty":0,
"hurtTime":0,
"fallDownHurt":0,
"collisionRange":60,
"isHurt":0,
"xPos":70,
"yPos":-5,
"zPos":1,
"skillMoveX":30,
"skillMoveY":0,
"skillMoveZ":5,
"hurtMoveX":0,
"hurtMoveY":0,
"hurtMoveZ":0,
"roleMoveX":0,
"roleMoveY":0,
"roleMoveZ":0,
"handX":0,
"handY":0,
"handZ":0,
"atk_hurt":100,
"atk_rate":1.500,
"ats_hurt":0,
"ats_rate":0.000,
"chaos_hurt":0,
"nid":3101,
"buff_type":"0",
"buff_value":"0",
"continue_skill":"0",
"continue_pos_x":"0",
"continue_pos_y":"0",
"isDouble":1,
"rotation":0.150,
"appoint_frame":"0",
"appoint_skill":"0",
"isRepeat":0
},
{
"id":20903,
"sid":30201,
"name":"冥火焚身的普通攻击1",
"source":"MingHuoFenShenCommonHit1",
"hurt":100,
"durationFrame":20,
"attackIntervalFrame":10,
"unActionFrame":12,
"attackType":0,
"hurtMoveType":0,
"skillMoveType":5,
"skillProperty":0,
"hurtTime":0,
"fallDownHurt":0,
"collisionRange":60,
"isHurt":0,
"xPos":70,
"yPos":-5,
"zPos":1,
"skillMoveX":30,
"skillMoveY":0,
"skillMoveZ":-5,
"hurtMoveX":0,
"hurtMoveY":0,
"hurtMoveZ":0,
"roleMoveX":0,
"roleMoveY":0,
"roleMoveZ":0,
"handX":0,
"handY":0,
"handZ":0,
"atk_hurt":100,
"atk_rate":1.500,
"ats_hurt":0,
"ats_rate":0.000,
"chaos_hurt":0,
"nid":3101,
"buff_type":"0",
"buff_value":"0",
"continue_skill":"0",
"continue_pos_x":"0",
"continue_pos_y":"0",
"isDouble":1,
"rotation":-0.150,
"appoint_frame":"0",
"appoint_skill":"0",
"isRepeat":0
},
{
"id":20904,
"sid":30201,
"name":"冥火焚身的普通攻击1",
"source":"MingHuoFenShenCommonHit1",
"hurt":100,
"durationFrame":20,
"attackIntervalFrame":10,
"unActionFrame":12,
"attackType":0,
"hurtMoveType":0,
"skillMoveType":5,
"skillProperty":0,
"hurtTime":0,
"fallDownHurt":0,
"collisionRange":60,
"isHurt":0,
"xPos":70,
"yPos":-5,
"zPos":1,
"skillMoveX":30,
"skillMoveY":0,
"skillMoveZ":10,
"hurtMoveX":0,
"hurtMoveY":0,
"hurtMoveZ":0,
"roleMoveX":0,
"roleMoveY":0,
"roleMoveZ":0,
"handX":0,
"handY":0,
"handZ":0,
"atk_hurt":100,
"atk_rate":1.500,
"ats_hurt":0,
"ats_rate":0.000,
"chaos_hurt":0,
"nid":3101,
"buff_type":"0",
"buff_value":"0",
"continue_skill":"0",
"continue_pos_x":"0",
"continue_pos_y":"0",
"isDouble":1,
"rotation":0.250,
"appoint_frame":"0",
"appoint_skill":"0",
"isRepeat":0
},
{
"id":20905,
"sid":30201,
"name":"冥火焚身的普通攻击1",
"source":"MingHuoFenShenCommonHit1",
"hurt":100,
"durationFrame":20,
"attackIntervalFrame":10,
"unActionFrame":12,
"attackType":0,
"hurtMoveType":0,
"skillMoveType":5,
"skillProperty":0,
"hurtTime":0,
"fallDownHurt":0,
"collisionRange":60,
"isHurt":0,
"xPos":70,
"yPos":-5,
"zPos":1,
"skillMoveX":30,
"skillMoveY":0,
"skillMoveZ":-10,
"hurtMoveX":0,
"hurtMoveY":0,
"hurtMoveZ":0,
"roleMoveX":0,
"roleMoveY":0,
"roleMoveZ":0,
"handX":0,
"handY":0,
"handZ":0,
"atk_hurt":100,
"atk_rate":1.500,
"ats_hurt":0,
"ats_rate":0.000,
"chaos_hurt":0,
"nid":3101,
"buff_type":"0",
"buff_value":"0",
"continue_skill":"0",
"continue_pos_x":"0",
"continue_pos_y":"0",
"isDouble":1,
"rotation":-0.250,
"appoint_frame":"0",
"appoint_skill":"0",
"isRepeat":0
},
{
"id":20906,
"sid":30202,
"name":"冥火焚身的技能攻击1_1",
"source":"MingHuoFenShenSkill1_1",
"hurt":100,
"durationFrame":10,
"attackIntervalFrame":10,
"unActionFrame":12,
"attackType":3,
"hurtMoveType":0,
"skillMoveType":0,
"skillProperty":0,
"hurtTime":0,
"fallDownHurt":0,
"collisionRange":60,
"isHurt":0,
"xPos":-45,
"yPos":5,
"zPos":1,
"skillMoveX":0,
"skillMoveY":0,
"skillMoveZ":0,
"hurtMoveX":0,
"hurtMoveY":8,
"hurtMoveZ":0,
"roleMoveX":0,
"roleMoveY":0,
"roleMoveZ":0,
"handX":0,
"handY":0,
"handZ":0,
"atk_hurt":200,
"atk_rate":1.700,
"ats_hurt":0,
"ats_rate":0.000,
"chaos_hurt":0,
"nid":3101,
"buff_type":"0",
"buff_value":"0",
"continue_skill":"0",
"continue_pos_x":"0",
"continue_pos_y":"0",
"isDouble":1,
"rotation":0.000,
"appoint_frame":"0",
"appoint_skill":"0",
"isRepeat":0
},
{
"id":20907,
"sid":30203,
"name":"冥火焚身的技能攻击1_2",
"source":"MingHuoFenShenSkill1_2",
"hurt":100,
"durationFrame":30,
"attackIntervalFrame":8,
"unActionFrame":4,
"attackType":0,
"hurtMoveType":5,
"skillMoveType":0,
"skillProperty":0,
"hurtTime":0,
"fallDownHurt":0,
"collisionRange":50,
"isHurt":0,
"xPos":0,
"yPos":50,
"zPos":1,
"skillMoveX":0,
"skillMoveY":0,
"skillMoveZ":0,
"hurtMoveX":0,
"hurtMoveY":22,
"hurtMoveZ":0,
"roleMoveX":0,
"roleMoveY":0,
"roleMoveZ":0,
"handX":0,
"handY":0,
"handZ":0,
"atk_hurt":0,
"atk_rate":0.000,
"ats_hurt":200,
"ats_rate":1.700,
"chaos_hurt":0,
"nid":3101,
"buff_type":"0",
"buff_value":"0",
"continue_skill":"0",
"continue_pos_x":"0",
"continue_pos_y":"0",
"isDouble":1,
"rotation":0.000,
"appoint_frame":"0",
"appoint_skill":"0",
"isRepeat":0
},
{
"id":20908,
"sid":30204,
"name":"冥火焚身的技能攻击2_1",
"source":"MingHuoFenShenSkill2",
"hurt":100,
"durationFrame":32,
"attackIntervalFrame":16,
"unActionFrame":10,
"attackType":0,
"hurtMoveType":0,
"skillMoveType":1,
"skillProperty":0,
"hurtTime":0,
"fallDownHurt":0,
"collisionRange":60,
"isHurt":0,
"xPos":0,
"yPos":-20,
"zPos":1,
"skillMoveX":20,
"skillMoveY":0,
"skillMoveZ":0,
"hurtMoveX":10,
"hurtMoveY":0,
"hurtMoveZ":0,
"roleMoveX":20,
"roleMoveY":0,
"roleMoveZ":0,
"handX":0,
"handY":0,
"handZ":0,
"atk_hurt":0,
"atk_rate":0.000,
"ats_hurt":200,
"ats_rate":1.700,
"chaos_hurt":0,
"nid":3101,
"buff_type":"0",
"buff_value":"0",
"continue_skill":"0",
"continue_pos_x":"0",
"continue_pos_y":"0",
"isDouble":1,
"rotation":0.000,
"appoint_frame":"5|10|15|20|25|30",
"appoint_skill":"20909|20909|20909|20909|20909|20909",
"isRepeat":0
},
{
"id":20909,
"sid":30205,
"name":"冥火焚身的技能攻击2_2",
"source":"XiaoHuoMoSkill1_2",
"hurt":100,
"durationFrame":450,
"attackIntervalFrame":15,
"unActionFrame":5,
"attackType":0,
"hurtMoveType":0,
"skillMoveType":1,
"skillProperty":0,
"hurtTime":0,
"fallDownHurt":0,
"collisionRange":45,
"isHurt":0,
"xPos":0,
"yPos":30,
"zPos":1,
"skillMoveX":0,
"skillMoveY":0,
"skillMoveZ":0,
"hurtMoveX":0,
"hurtMoveY":0,
"hurtMoveZ":0,
"roleMoveX":0,
"roleMoveY":0,
"roleMoveZ":0,
"handX":0,
"handY":0,
"handZ":0,
"atk_hurt":0,
"atk_rate":0.000,
"ats_hurt":50,
"ats_rate":1.000,
"chaos_hurt":0,
"nid":3101,
"buff_type":"0",
"buff_value":"0",
"continue_skill":"0",
"continue_pos_x":"0",
"continue_pos_y":"0",
"isDouble":1,
"rotation":0.000,
"appoint_frame":"0",
"appoint_skill":"0",
"isRepeat":0
},
{
"id":20910,
"sid":30202,
"name":"冥火焚身的技能攻击3_1",
"source":"MingHuoFenShenSkill1_1",
"hurt":100,
"durationFrame":10,
"attackIntervalFrame":10,
"unActionFrame":12,
"attackType":3,
"hurtMoveType":0,
"skillMoveType":0,
"skillProperty":0,
"hurtTime":0,
"fallDownHurt":0,
"collisionRange":60,
"isHurt":0,
"xPos":-45,
"yPos":5,
"zPos":1,
"skillMoveX":0,
"skillMoveY":0,
"skillMoveZ":0,
"hurtMoveX":0,
"hurtMoveY":8,
"hurtMoveZ":0,
"roleMoveX":0,
"roleMoveY":0,
"roleMoveZ":0,
"handX":0,
"handY":0,
"handZ":0,
"atk_hurt":0,
"atk_rate":0.000,
"ats_hurt":200,
"ats_rate":1.700,
"chaos_hurt":0,
"nid":3101,
"buff_type":"0",
"buff_value":"0",
"continue_skill":"0",
"continue_pos_x":"0",
"continue_pos_y":"0",
"isDouble":1,
"rotation":0.000,
"appoint_frame":"0",
"appoint_skill":"0",
"isRepeat":0
},
{
"id":20911,
"sid":30203,
"name":"冥火焚身的技能攻击3_2",
"source":"MingHuoFenShenSkill1_2",
"hurt":100,
"durationFrame":90,
"attackIntervalFrame":8,
"unActionFrame":4,
"attackType":0,
"hurtMoveType":5,
"skillMoveType":0,
"skillProperty":0,
"hurtTime":0,
"fallDownHurt":0,
"collisionRange":50,
"isHurt":0,
"xPos":0,
"yPos":50,
"zPos":1,
"skillMoveX":0,
"skillMoveY":0,
"skillMoveZ":0,
"hurtMoveX":0,
"hurtMoveY":22,
"hurtMoveZ":0,
"roleMoveX":0,
"roleMoveY":0,
"roleMoveZ":0,
"handX":0,
"handY":0,
"handZ":0,
"atk_hurt":0,
"atk_rate":0.000,
"ats_hurt":300,
"ats_rate":2.000,
"chaos_hurt":0,
"nid":3101,
"buff_type":"0",
"buff_value":"0",
"continue_skill":"0",
"continue_pos_x":"0",
"continue_pos_y":"0",
"isDouble":1,
"rotation":0.000,
"appoint_frame":"0",
"appoint_skill":"0",
"isRepeat":1
},
{
"id":20912,
"sid":30206,
"name":"冥火焚身的技能攻击3",
"source":"MingHuoFenShenSkill3",
"hurt":100,
"durationFrame":15,
"attackIntervalFrame":5,
"unActionFrame":12,
"attackType":3,
"hurtMoveType":5,
"skillMoveType":0,
"skillProperty":0,
"hurtTime":0,
"fallDownHurt":0,
"collisionRange":60,
"isHurt":0,
"xPos":0,
"yPos":50,
"zPos":1,
"skillMoveX":0,
"skillMoveY":0,
"skillMoveZ":0,
"hurtMoveX":0,
"hurtMoveY":8,
"hurtMoveZ":0,
"roleMoveX":0,
"roleMoveY":0,
"roleMoveZ":0,
"handX":0,
"handY":0,
"handZ":0,
"atk_hurt":100,
"atk_rate":1.500,
"ats_hurt":0,
"ats_rate":0.000,
"chaos_hurt":0,
"nid":3101,
"buff_type":"0",
"buff_value":"0",
"continue_skill":"0",
"continue_pos_x":"0",
"continue_pos_y":"0",
"isDouble":1,
"rotation":0.000,
"appoint_frame":"0",
"appoint_skill":"0",
"isRepeat":0
},
{
"id":20913,
"sid":30203,
"name":"冥火焚身的技能攻击3",
"source":"MingHuoFenShenSkill4",
"hurt":100,
"durationFrame":88,
"attackIntervalFrame":5,
"unActionFrame":12,
"attackType":3,
"hurtMoveType":5,
"skillMoveType":0,
"skillProperty":0,
"hurtTime":0,
"fallDownHurt":0,
"collisionRange":60,
"isHurt":0,
"xPos":0,
"yPos":50,
"zPos":1,
"skillMoveX":0,
"skillMoveY":0,
"skillMoveZ":0,
"hurtMoveX":0,
"hurtMoveY":8,
"hurtMoveZ":0,
"roleMoveX":0,
"roleMoveY":0,
"roleMoveZ":0,
"handX":0,
"handY":0,
"handZ":0,
"atk_hurt":100,
"atk_rate":1.500,
"ats_hurt":0,
"ats_rate":0.000,
"chaos_hurt":0,
"nid":3101,
"buff_type":"0",
"buff_value":"0",
"continue_skill":"0",
"continue_pos_x":"0",
"continue_pos_y":"0",
"isDouble":1,
"rotation":0.000,
"appoint_frame":"0",
"appoint_skill":"0",
"isRepeat":1
}
]
}