{
"RECORDS":[
{
"ID":1001,
"fodder":"QiGai",
"name":"乞丐",
"type":0,
"sid":3000,
"ai":"processBaseAi",
"gender":"0",
"hp":1500,
"atk":150,
"def":70,
"ats":150,
"adf":70,
"spd":7,
"common_distance":110,
"skill_distance":"190",
"hue":0
},
{
"ID":1002,
"fodder":"JiuGui",
"name":"酒鬼",
"type":0,
"sid":3007,
"ai":"processBaseAi",
"gender":"0",
"hp":2500,
"atk":180,
"def":70,
"ats":180,
"adf":70,
"spd":7,
"common_distance":270,
"skill_distance":"290",
"hue":0
},
{
"ID":1004,
"fodder":"QiangDao",
"name":"强盗",
"type":0,
"sid":3004,
"ai":"processBaseAi",
"gender":"0",
"hp":3500,
"atk":270,
"def":85,
"ats":270,
"adf":85,
"spd":7,
"common_distance":150,
"skill_distance":"320",
"hue":0
},
{
"ID":1005,
"fodder":"HaMaGuai",
"name":"蛤蟆怪",
"type":0,
"sid":3008,
"ai":"processBaseAi",
"gender":"2",
"hp":4000,
"atk":270,
"def":85,
"ats":270,
"adf":85,
"spd":7,
"common_distance":240,
"skill_distance":"280",
"hue":0
},
{
"ID":1007,
"fodder":"DouLiJianKe",
"name":"斗笠剑客",
"type":0,
"sid":3006,
"ai":"processBaseAi",
"gender":"0",
"hp":5000,
"atk":290,
"def":85,
"ats":290,
"adf":85,
"spd":7,
"common_distance":110,
"skill_distance":"310",
"hue":0
},
{
"ID":1008,
"fodder":"HeiYiCiKe",
"name":"黑衣刺客",
"type":0,
"sid":3005,
"ai":"processBaseAi",
"gender":"0",
"hp":5000,
"atk":290,
"def":85,
"ats":290,
"adf":85,
"spd":7,
"common_distance":350,
"skill_distance":"250",
"hue":0
},
{
"ID":1101,
"fodder":"DouLiJianKe",
"name":"斗笠剑客",
"type":0,
"sid":3006,
"ai":"processBaseAi",
"gender":"0",
"hp":8000,
"atk":370,
"def":105,
"ats":370,
"adf":105,
"spd":7,
"common_distance":120,
"skill_distance":"270",
"hue":0
},
{
"ID":1102,
"fodder":"XiaoDaoGu",
"name":"小道姑",
"type":0,
"sid":3013,
"ai":"processBaseAi",
"gender":"1",
"hp":8000,
"atk":370,
"def":105,
"ats":370,
"adf":105,
"spd":7,
"common_distance":340,
"skill_distance":"300",
"hue":0
},
{
"ID":1104,
"fodder":"XiaoShuJing",
"name":"小树精",
"type":0,
"sid":3015,
"ai":"processBaseGroundAi",
"gender":"2",
"hp":9000,
"atk":390,
"def":105,
"ats":390,
"adf":105,
"spd":0,
"common_distance":440,
"skill_distance":"300",
"hue":0
},
{
"ID":1105,
"fodder":"XiaoDaoShi",
"name":"小道士",
"type":0,
"sid":3012,
"ai":"processBaseAi",
"gender":"0",
"hp":9000,
"atk":390,
"def":105,
"ats":390,
"adf":105,
"spd":7,
"common_distance":150,
"skill_distance":"210",
"hue":0
},
{
"ID":1107,
"fodder":"XiaoWuYa",
"name":"小乌鸦",
"type":0,
"sid":3014,
"ai":"processBaseAirAi",
"gender":"2",
"hp":10000,
"atk":420,
"def":105,
"ats":420,
"adf":105,
"spd":7,
"common_distance":170,
"skill_distance":"180",
"hue":0
},
{
"ID":1108,
"fodder":"HeiYiCiKe",
"name":"黑衣刺客",
"type":0,
"sid":3005,
"ai":"processBaseAi",
"gender":"0",
"hp":10000,
"atk":420,
"def":105,
"ats":420,
"adf":105,
"spd":7,
"common_distance":350,
"skill_distance":"250",
"hue":0
},
{
"ID":1121,
"fodder":"QiGai",
"name":"乞丐",
"type":0,
"sid":3000,
"ai":"processBaseAi",
"gender":"0",
"hp":8000,
"atk":390,
"def":105,
"ats":390,
"adf":105,
"spd":7,
"common_distance":110,
"skill_distance":"190",
"hue":0
},
{
"ID":1122,
"fodder":"JiuGui",
"name":"酒鬼",
"type":0,
"sid":3007,
"ai":"processBaseAi",
"gender":"0",
"hp":8000,
"atk":390,
"def":105,
"ats":390,
"adf":105,
"spd":7,
"common_distance":270,
"skill_distance":"290",
"hue":0
},
{
"ID":2001,
"fodder":"QiGai",
"name":"乞丐老大",
"type":1,
"sid":3000,
"ai":"processBaseBossAi",
"gender":"0",
"hp":3000,
"atk":180,
"def":125,
"ats":180,
"adf":125,
"spd":8,
"common_distance":110,
"skill_distance":"190",
"hue":0
},
{
"ID":2002,
"fodder":"JiuGui",
"name":"酒鬼老大",
"type":1,
"sid":3007,
"ai":"processBaseBossAi",
"gender":"0",
"hp":5000,
"atk":190,
"def":125,
"ats":190,
"adf":125,
"spd":8,
"common_distance":270,
"skill_distance":"290",
"hue":0
},
{
"ID":2003,
"fodder":"ShiFangXiuCai",
"name":"十方秀才",
"type":1,
"sid":3001,
"ai":"processBaseBossAi",
"gender":"0",
"hp":6000,
"atk":210,
"def":125,
"ats":210,
"adf":125,
"spd":8,
"common_distance":150,
"skill_distance":"200",
"hue":0
},
{
"ID":2004,
"fodder":"QiangDao",
"name":"强盗老大",
"type":1,
"sid":3004,
"ai":"processBaseBossAi",
"gender":"0",
"hp":6500,
"atk":280,
"def":125,
"ats":280,
"adf":125,
"spd":8,
"common_distance":150,
"skill_distance":"360",
"hue":0
},
{
"ID":2005,
"fodder":"HaMaGuai",
"name":"蛤蟆王",
"type":1,
"sid":3008,
"ai":"processBaseBossAi",
"gender":"2",
"hp":7000,
"atk":280,
"def":125,
"ats":280,
"adf":125,
"spd":8,
"common_distance":240,
"skill_distance":"280",
"hue":0
},
{
"ID":2006,
"fodder":"BiChiFuRen",
"name":"碧池夫人",
"type":1,
"sid":3003,
"ai":"processBaseBossAi",
"gender":"1",
"hp":7500,
"atk":320,
"def":125,
"ats":320,
"adf":125,
"spd":8,
"common_distance":200,
"skill_distance":"250|260",
"hue":0
},
{
"ID":2007,
"fodder":"DouLiJianKe",
"name":"斗笠剑狂",
"type":1,
"sid":3006,
"ai":"processBaseBossAi",
"gender":"0",
"hp":8000,
"atk":330,
"def":125,
"ats":330,
"adf":125,
"spd":8,
"common_distance":120,
"skill_distance":"310",
"hue":0
},
{
"ID":2008,
"fodder":"HeiYiCiKe",
"name":"黑衣队长",
"type":1,
"sid":3005,
"ai":"processBaseBossAi",
"gender":"0",
"hp":8000,
"atk":330,
"def":125,
"ats":330,
"adf":125,
"spd":8,
"common_distance":350,
"skill_distance":"250",
"hue":0
},
{
"ID":2009,
"fodder":"BuTongLaoRen",
"name":"不通老人",
"type":1,
"sid":3002,
"ai":"processBaseBossAi",
"gender":"0",
"hp":9000,
"atk":350,
"def":125,
"ats":350,
"adf":125,
"spd":8,
"common_distance":170,
"skill_distance":"240",
"hue":0
},
{
"ID":2101,
"fodder":"DouLiJianKe",
"name":"斗笠剑狂",
"type":1,
"sid":3006,
"ai":"processBaseBossAi",
"gender":"0",
"hp":12000,
"atk":410,
"def":145,
"ats":410,
"adf":145,
"spd":8,
"common_distance":120,
"skill_distance":"270",
"hue":0
},
{
"ID":2102,
"fodder":"XiaoDaoGu",
"name":"道姑",
"type":1,
"sid":3013,
"ai":"processBaseBossAi",
"gender":"1",
"hp":12000,
"atk":410,
"def":150,
"ats":410,
"adf":150,
"spd":8,
"common_distance":340,
"skill_distance":"300",
"hue":0
},
{
"ID":2103,
"fodder":"HongLianSanRen",
"name":"红莲散人",
"type":1,
"sid":3011,
"ai":"processBaseBossAi",
"gender":"1",
"hp":13000,
"atk":420,
"def":160,
"ats":420,
"adf":160,
"spd":8,
"common_distance":420,
"skill_distance":"1500",
"hue":0
},
{
"ID":2104,
"fodder":"XiaoShuJing",
"name":"大树精",
"type":1,
"sid":3015,
"ai":"processBaseGroundAi",
"gender":"2",
"hp":13000,
"atk":420,
"def":160,
"ats":420,
"adf":160,
"spd":0,
"common_distance":440,
"skill_distance":"350",
"hue":0
},
{
"ID":2105,
"fodder":"XiaoDaoShi",
"name":"道士",
"type":1,
"sid":3012,
"ai":"processBaseBossAi",
"gender":"0",
"hp":14000,
"atk":440,
"def":160,
"ats":440,
"adf":160,
"spd":8,
"common_distance":150,
"skill_distance":"210",
"hue":0
},
{
"ID":2106,
"fodder":"FengLiuDaoRen",
"name":"风流道人",
"type":1,
"sid":3010,
"ai":"processBaseBossFengLiuDaoRenAi",
"gender":"0",
"hp":14000,
"atk":440,
"def":160,
"ats":440,
"adf":160,
"spd":8,
"common_distance":180,
"skill_distance":"300",
"hue":0
},
{
"ID":2107,
"fodder":"XiaoWuYa",
"name":"乌鸦王",
"type":1,
"sid":3014,
"ai":"processBaseBossAirAi",
"gender":"2",
"hp":15000,
"atk":460,
"def":160,
"ats":460,
"adf":160,
"spd":8,
"common_distance":170,
"skill_distance":"180",
"hue":0
},
{
"ID":2108,
"fodder":"HeiYiCiKe",
"name":"黑衣队长",
"type":1,
"sid":3005,
"ai":"processBaseBossAi",
"gender":"0",
"hp":15000,
"atk":480,
"def":160,
"ats":480,
"adf":160,
"spd":8,
"common_distance":350,
"skill_distance":"250",
"hue":0
},
{
"ID":2109,
"fodder":"YinYangZhenRen",
"name":"阴阳真人",
"type":1,
"sid":3009,
"ai":"processBaseBossYinYangZhenRenAi",
"gender":"0",
"hp":16000,
"atk":480,
"def":160,
"ats":480,
"adf":160,
"spd":8,
"common_distance":160,
"skill_distance":"320|1500",
"hue":0
},
{
"ID":3001,
"fodder":"QiGai",
"name":"精英乞丐",
"type":2,
"sid":3000,
"ai":"processBaseEliteAi",
"gender":"0",
"hp":3000,
"atk":190,
"def":125,
"ats":190,
"adf":125,
"spd":8,
"common_distance":110,
"skill_distance":"190",
"hue":140
},
{
"ID":3002,
"fodder":"JiuGui",
"name":"精英酒鬼",
"type":2,
"sid":3007,
"ai":"processBaseEliteAi",
"gender":"0",
"hp":3000,
"atk":190,
"def":125,
"ats":190,
"adf":125,
"spd":8,
"common_distance":270,
"skill_distance":"290",
"hue":-180
},
{
"ID":3004,
"fodder":"QiangDao",
"name":"精英强盗",
"type":2,
"sid":3004,
"ai":"processBaseEliteAi",
"gender":"0",
"hp":4000,
"atk":280,
"def":125,
"ats":280,
"adf":125,
"spd":8,
"common_distance":150,
"skill_distance":"360",
"hue":180
},
{
"ID":3005,
"fodder":"HaMaGuai",
"name":"精英蛤蟆",
"type":2,
"sid":3008,
"ai":"processBaseEliteAi",
"gender":"2",
"hp":4000,
"atk":280,
"def":125,
"ats":280,
"adf":125,
"spd":8,
"common_distance":240,
"skill_distance":"280",
"hue":-130
},
{
"ID":3007,
"fodder":"DouLiJianKe",
"name":"精英斗笠",
"type":2,
"sid":3006,
"ai":"processBaseEliteAi",
"gender":"0",
"hp":5000,
"atk":280,
"def":125,
"ats":280,
"adf":125,
"spd":8,
"common_distance":110,
"skill_distance":"310",
"hue":-180
},
{
"ID":3008,
"fodder":"HeiYiCiKe",
"name":"精英黑衣",
"type":2,
"sid":3005,
"ai":"processBaseEliteAi",
"gender":"0",
"hp":5000,
"atk":280,
"def":125,
"ats":280,
"adf":125,
"spd":8,
"common_distance":350,
"skill_distance":"250",
"hue":-100
},
{
"ID":3101,
"fodder":"DouLiJianKe",
"name":"精英斗笠",
"type":2,
"sid":3006,
"ai":"processBaseEliteAi",
"gender":"0",
"hp":8000,
"atk":390,
"def":145,
"ats":390,
"adf":145,
"spd":8,
"common_distance":120,
"skill_distance":"270",
"hue":-180
},
{
"ID":3102,
"fodder":"XiaoDaoGu",
"name":"道姑",
"type":2,
"sid":3013,
"ai":"processBaseEliteAi",
"gender":"1",
"hp":8000,
"atk":390,
"def":145,
"ats":390,
"adf":145,
"spd":8,
"common_distance":340,
"skill_distance":"300",
"hue":-180
},
{
"ID":3104,
"fodder":"XiaoShuJing",
"name":"精英树精",
"type":2,
"sid":3015,
"ai":"processBaseGroundAi",
"gender":"2",
"hp":9000,
"atk":420,
"def":145,
"ats":420,
"adf":145,
"spd":0,
"common_distance":440,
"skill_distance":"350",
"hue":70
},
{
"ID":3105,
"fodder":"XiaoDaoShi",
"name":"精英道士",
"type":2,
"sid":3012,
"ai":"processBaseEliteAi",
"gender":"0",
"hp":9000,
"atk":420,
"def":145,
"ats":420,
"adf":145,
"spd":8,
"common_distance":150,
"skill_distance":"210",
"hue":-130
},
{
"ID":3107,
"fodder":"XiaoWuYa",
"name":"精英乌鸦",
"type":2,
"sid":3014,
"ai":"processBaseBossAirAi",
"gender":"2",
"hp":10000,
"atk":460,
"def":145,
"ats":460,
"adf":145,
"spd":8,
"common_distance":170,
"skill_distance":"180",
"hue":60
},
{
"ID":3108,
"fodder":"HeiYiCiKe",
"name":"精英黑衣",
"type":2,
"sid":3005,
"ai":"processBaseEliteAi",
"gender":"0",
"hp":10000,
"atk":460,
"def":145,
"ats":460,
"adf":145,
"spd":8,
"common_distance":350,
"skill_distance":"250",
"hue":-100
},
{
"ID":4003,
"fodder":"ShiFangXiuCai",
"name":"十方秀才",
"type":3,
"sid":3001,
"ai":"processBaseEliteShiFangXiuCaiAi",
"gender":"0",
"hp":7000,
"atk":250,
"def":130,
"ats":250,
"adf":130,
"spd":9,
"common_distance":150,
"skill_distance":"200",
"hue":0
},
{
"ID":4006,
"fodder":"BiChiFuRen",
"name":"碧池夫人",
"type":3,
"sid":3003,
"ai":"processBaseEliteBiChiFuRenAi",
"gender":"1",
"hp":8000,
"atk":300,
"def":140,
"ats":300,
"adf":140,
"spd":9,
"common_distance":200,
"skill_distance":"250|260",
"hue":0
},
{
"ID":4009,
"fodder":"BuTongLaoRen",
"name":"不通老人",
"type":3,
"sid":3002,
"ai":"processBaseEliteBuTongLaoRenAi",
"gender":"0",
"hp":10000,
"atk":350,
"def":150,
"ats":350,
"adf":150,
"spd":9,
"common_distance":170,
"skill_distance":"240",
"hue":0
},
{
"ID":4103,
"fodder":"HongLianSanRen",
"name":"红莲散人",
"type":3,
"sid":3011,
"ai":"processBaseEliteHongLianSanRenAi",
"gender":"1",
"hp":13000,
"atk":410,
"def":180,
"ats":410,
"adf":180,
"spd":9,
"common_distance":420,
"skill_distance":"1500",
"hue":0
},
{
"ID":4106,
"fodder":"FengLiuDaoRen",
"name":"风流道人",
"type":3,
"sid":3010,
"ai":"processBaseEliteFengLiuDaoRenAi",
"gender":"0",
"hp":14000,
"atk":450,
"def":190,
"ats":450,
"adf":190,
"spd":9,
"common_distance":180,
"skill_distance":"300",
"hue":0
},
{
"ID":4109,
"fodder":"YinYangZhenRen",
"name":"阴阳真人",
"type":3,
"sid":3009,
"ai":"processBaseEliteYinYangZhenRenAi",
"gender":"0",
"hp":16000,
"atk":500,
"def":200,
"ats":500,
"adf":200,
"spd":9,
"common_distance":160,
"skill_distance":"320|1500",
"hue":0
},
{
"ID":1011,
"fodder":"SuoMingGuHun",
"name":"索命孤魂",
"type":0,
"sid":3016,
"ai":"processBaseAi",
"gender":"0",
"hp":10000,
"atk":420,
"def":105,
"ats":420,
"adf":105,
"spd":9,
"common_distance":170,
"skill_distance":"400",
"hue":0
},
{
"ID":2010,
"fodder":"HeiYiCiKe",
"name":"黑衣队长",
"type":1,
"sid":3005,
"ai":"processBaseBossAi",
"gender":"0",
"hp":18000,
"atk":460,
"def":160,
"ats":460,
"adf":160,
"spd":8,
"common_distance":350,
"skill_distance":"250",
"hue":0
},
{
"ID":2011,
"fodder":"SuoMingGuHun",
"name":"狂暴孤魂",
"type":1,
"sid":3016,
"ai":"processBaseBossAi",
"gender":"0",
"hp":20000,
"atk":480,
"def":160,
"ats":480,
"adf":160,
"spd":9,
"common_distance":170,
"skill_distance":"400",
"hue":60
},
{
"ID":2012,
"fodder":"JianMoWangHun",
"name":"剑魔亡魂",
"type":1,
"sid":3017,
"ai":"processBaseBossJianMoWangHunAi",
"gender":"0",
"hp":23000,
"atk":480,
"def":160,
"ats":480,
"adf":160,
"spd":9,
"common_distance":160,
"skill_distance":"380|1500",
"hue":0
},
{
"ID":3011,
"fodder":"SuoMingGuHun",
"name":"精英孤魂",
"type":2,
"sid":3016,
"ai":"processBaseEliteAi",
"gender":"0",
"hp":14000,
"atk":460,
"def":145,
"ats":460,
"adf":145,
"spd":9,
"common_distance":170,
"skill_distance":"400",
"hue":60
},
{
"ID":4012,
"fodder":"JianMoWangHun",
"name":"剑魔亡魂",
"type":3,
"sid":3017,
"ai":"processBaseEliteJianMoWangHunAi",
"gender":"0",
"hp":24000,
"atk":480,
"def":190,
"ats":480,
"adf":190,
"spd":10,
"common_distance":160,
"skill_distance":"380|1500",
"hue":0
},
{
"ID":1020,
"fodder":"JiangShi",
"name":"僵尸",
"type":0,
"sid":3018,
"ai":"processBaseJiangShiAi",
"gender":"2",
"hp":5000,
"atk":280,
"def":125,
"ats":280,
"adf":125,
"spd":8,
"common_distance":160,
"skill_distance":"360",
"hue":0
},
{
"ID":2020,
"fodder":"JiangShi",
"name":"僵尸王",
"type":2,
"sid":3018,
"ai":"processBaseEliteJiangShiAi",
"gender":"2",
"hp":10000,
"atk":320,
"def":250,
"ats":320,
"adf":250,
"spd":10,
"common_distance":160,
"skill_distance":"360",
"hue":180
},
{
"ID":1111,
"fodder":"XiaoHuoMo",
"name":"小火魔",
"type":0,
"sid":3019,
"ai":"processBaseAi",
"gender":"0",
"hp":14000,
"atk":420,
"def":125,
"ats":420,
"adf":125,
"spd":9,
"common_distance":350,
"skill_distance":"400",
"hue":0
},
{
"ID":2110,
"fodder":"HeiYiCiKe",
"name":"黑衣队长",
"type":1,
"sid":3005,
"ai":"processBaseBossAi",
"gender":"0",
"hp":18000,
"atk":460,
"def":160,
"ats":460,
"adf":160,
"spd":8,
"common_distance":350,
"skill_distance":"250",
"hue":0
},
{
"ID":2111,
"fodder":"XiaoHuoMo",
"name":"火魔",
"type":1,
"sid":3019,
"ai":"processBaseBossAi",
"gender":"0",
"hp":20000,
"atk":480,
"def":160,
"ats":480,
"adf":160,
"spd":9,
"common_distance":350,
"skill_distance":"400",
"hue":60
},
{
"ID":2112,
"fodder":"MingHuoFenShen",
"name":"冥火焚身",
"type":1,
"sid":3020,
"ai":"processBaseBossMingHuoFenShenAi",
"gender":"0",
"hp":23000,
"atk":480,
"def":160,
"ats":480,
"adf":160,
"spd":9,
"common_distance":320,
"skill_distance":"500|1500|500",
"hue":0
},
{
"ID":3111,
"fodder":"XiaoHuoMo",
"name":"精英火魔",
"type":2,
"sid":3019,
"ai":"processBaseEliteAi",
"gender":"0",
"hp":18000,
"atk":460,
"def":145,
"ats":460,
"adf":145,
"spd":9,
"common_distance":350,
"skill_distance":"230",
"hue":60
},
{
"ID":4112,
"fodder":"MingHuoFenShen",
"name":"冥火焚身",
"type":3,
"sid":3020,
"ai":"processBaseEliteMingHuoFenShenAi",
"gender":"0",
"hp":24000,
"atk":480,
"def":190,
"ats":480,
"adf":190,
"spd":10,
"common_distance":320,
"skill_distance":"500|1500|500",
"hue":0
}
]
}