{
"RECORDS":[
{
"id":1001,
"name":"乞丐",
"hp_rate":280,
"atk_rate":8,
"def_rate":1,
"ats_rate":8,
"adf_rate":1
},
{
"id":1002,
"name":"酒鬼",
"hp_rate":280,
"atk_rate":8,
"def_rate":1,
"ats_rate":8,
"adf_rate":1
},
{
"id":1004,
"name":"强盗",
"hp_rate":290,
"atk_rate":8,
"def_rate":1,
"ats_rate":8,
"adf_rate":1
},
{
"id":1005,
"name":"蛤蟆怪",
"hp_rate":290,
"atk_rate":8,
"def_rate":1,
"ats_rate":8,
"adf_rate":1
},
{
"id":1007,
"name":"斗笠剑客",
"hp_rate":300,
"atk_rate":8,
"def_rate":1,
"ats_rate":8,
"adf_rate":1
},
{
"id":1008,
"name":"黑衣刺客",
"hp_rate":300,
"atk_rate":8,
"def_rate":1,
"ats_rate":8,
"adf_rate":1
},
{
"id":1101,
"name":"斗笠剑客",
"hp_rate":400,
"atk_rate":10,
"def_rate":2,
"ats_rate":10,
"adf_rate":2
},
{
"id":1102,
"name":"小道姑",
"hp_rate":400,
"atk_rate":10,
"def_rate":2,
"ats_rate":10,
"adf_rate":2
},
{
"id":1104,
"name":"小树精",
"hp_rate":420,
"atk_rate":10,
"def_rate":2,
"ats_rate":10,
"adf_rate":2
},
{
"id":1105,
"name":"小道士",
"hp_rate":420,
"atk_rate":12,
"def_rate":3,
"ats_rate":12,
"adf_rate":3
},
{
"id":1107,
"name":"小乌鸦",
"hp_rate":440,
"atk_rate":12,
"def_rate":3,
"ats_rate":12,
"adf_rate":3
},
{
"id":1108,
"name":"黑衣刺客",
"hp_rate":440,
"atk_rate":12,
"def_rate":3,
"ats_rate":12,
"adf_rate":3
},
{
"id":2001,
"name":"乞丐老大",
"hp_rate":350,
"atk_rate":9,
"def_rate":2,
"ats_rate":9,
"adf_rate":2
},
{
"id":2002,
"name":"酒鬼老大",
"hp_rate":350,
"atk_rate":9,
"def_rate":2,
"ats_rate":9,
"adf_rate":2
},
{
"id":2003,
"name":"十方秀才",
"hp_rate":350,
"atk_rate":9,
"def_rate":2,
"ats_rate":9,
"adf_rate":2
},
{
"id":2004,
"name":"强盗老大",
"hp_rate":300,
"atk_rate":10,
"def_rate":2,
"ats_rate":10,
"adf_rate":2
},
{
"id":2005,
"name":"蛤蟆王",
"hp_rate":300,
"atk_rate":10,
"def_rate":2,
"ats_rate":10,
"adf_rate":2
},
{
"id":2006,
"name":"碧池夫人",
"hp_rate":300,
"atk_rate":10,
"def_rate":2,
"ats_rate":10,
"adf_rate":2
},
{
"id":2007,
"name":"斗笠剑狂",
"hp_rate":320,
"atk_rate":10,
"def_rate":2,
"ats_rate":10,
"adf_rate":2
},
{
"id":2008,
"name":"黑衣队长",
"hp_rate":320,
"atk_rate":10,
"def_rate":2,
"ats_rate":10,
"adf_rate":2
},
{
"id":2009,
"name":"不通老人",
"hp_rate":340,
"atk_rate":10,
"def_rate":3,
"ats_rate":10,
"adf_rate":3
},
{
"id":2101,
"name":"斗笠剑狂",
"hp_rate":450,
"atk_rate":12,
"def_rate":3,
"ats_rate":12,
"adf_rate":3
},
{
"id":2102,
"name":"道姑",
"hp_rate":450,
"atk_rate":12,
"def_rate":4,
"ats_rate":12,
"adf_rate":4
},
{
"id":2103,
"name":"红莲散人",
"hp_rate":460,
"atk_rate":12,
"def_rate":4,
"ats_rate":12,
"adf_rate":4
},
{
"id":2104,
"name":"大树精",
"hp_rate":460,
"atk_rate":13,
"def_rate":4,
"ats_rate":13,
"adf_rate":4
},
{
"id":2105,
"name":"道士",
"hp_rate":470,
"atk_rate":13,
"def_rate":5,
"ats_rate":13,
"adf_rate":5
},
{
"id":2106,
"name":"风流道人",
"hp_rate":470,
"atk_rate":13,
"def_rate":5,
"ats_rate":13,
"adf_rate":5
},
{
"id":2107,
"name":"乌鸦王",
"hp_rate":480,
"atk_rate":14,
"def_rate":6,
"ats_rate":14,
"adf_rate":6
},
{
"id":2108,
"name":"黑衣队长",
"hp_rate":480,
"atk_rate":14,
"def_rate":6,
"ats_rate":14,
"adf_rate":6
},
{
"id":2109,
"name":"阴阳真人",
"hp_rate":490,
"atk_rate":14,
"def_rate":6,
"ats_rate":14,
"adf_rate":6
},
{
"id":3001,
"name":"精英乞丐",
"hp_rate":200,
"atk_rate":8,
"def_rate":2,
"ats_rate":8,
"adf_rate":2
},
{
"id":3002,
"name":"精英酒鬼",
"hp_rate":200,
"atk_rate":8,
"def_rate":2,
"ats_rate":8,
"adf_rate":2
},
{
"id":3004,
"name":"精英强盗",
"hp_rate":230,
"atk_rate":9,
"def_rate":2,
"ats_rate":9,
"adf_rate":2
},
{
"id":3005,
"name":"精英蛤蟆",
"hp_rate":230,
"atk_rate":9,
"def_rate":2,
"ats_rate":9,
"adf_rate":2
},
{
"id":3007,
"name":"精英斗笠",
"hp_rate":250,
"atk_rate":9,
"def_rate":2,
"ats_rate":9,
"adf_rate":2
},
{
"id":3008,
"name":"精英黑衣",
"hp_rate":250,
"atk_rate":9,
"def_rate":3,
"ats_rate":9,
"adf_rate":3
},
{
"id":3101,
"name":"精英斗笠",
"hp_rate":400,
"atk_rate":12,
"def_rate":3,
"ats_rate":12,
"adf_rate":3
},
{
"id":3102,
"name":"道姑",
"hp_rate":400,
"atk_rate":12,
"def_rate":3,
"ats_rate":12,
"adf_rate":3
},
{
"id":3104,
"name":"精英树精",
"hp_rate":420,
"atk_rate":13,
"def_rate":4,
"ats_rate":13,
"adf_rate":4
},
{
"id":3105,
"name":"精英道士",
"hp_rate":420,
"atk_rate":13,
"def_rate":4,
"ats_rate":13,
"adf_rate":4
},
{
"id":3107,
"name":"精英乌鸦",
"hp_rate":440,
"atk_rate":14,
"def_rate":5,
"ats_rate":14,
"adf_rate":5
},
{
"id":3108,
"name":"精英黑衣",
"hp_rate":440,
"atk_rate":14,
"def_rate":5,
"ats_rate":14,
"adf_rate":5
},
{
"id":4003,
"name":"十方秀才",
"hp_rate":300,
"atk_rate":9,
"def_rate":3,
"ats_rate":9,
"adf_rate":3
},
{
"id":4006,
"name":"碧池夫人",
"hp_rate":400,
"atk_rate":9,
"def_rate":3,
"ats_rate":9,
"adf_rate":3
},
{
"id":4009,
"name":"不通老人",
"hp_rate":450,
"atk_rate":10,
"def_rate":4,
"ats_rate":10,
"adf_rate":4
},
{
"id":4103,
"name":"红莲散人",
"hp_rate":1000,
"atk_rate":16,
"def_rate":8,
"ats_rate":16,
"adf_rate":8
},
{
"id":4106,
"name":"风流道人",
"hp_rate":1200,
"atk_rate":20,
"def_rate":10,
"ats_rate":20,
"adf_rate":10
},
{
"id":4109,
"name":"阴阳真人",
"hp_rate":1500,
"atk_rate":25,
"def_rate":12,
"ats_rate":25,
"adf_rate":12
},
{
"id":1121,
"name":"乞丐",
"hp_rate":450,
"atk_rate":10,
"def_rate":3,
"ats_rate":10,
"adf_rate":3
},
{
"id":1122,
"name":"酒鬼",
"hp_rate":450,
"atk_rate":10,
"def_rate":3,
"ats_rate":10,
"adf_rate":3
},
{
"id":1011,
"name":"索命孤魂",
"hp_rate":440,
"atk_rate":12,
"def_rate":3,
"ats_rate":12,
"adf_rate":3
},
{
"id":2010,
"name":"黑衣队长",
"hp_rate":460,
"atk_rate":13,
"def_rate":4,
"ats_rate":13,
"adf_rate":4
},
{
"id":2011,
"name":"狂暴孤魂",
"hp_rate":470,
"atk_rate":13,
"def_rate":5,
"ats_rate":13,
"adf_rate":5
},
{
"id":2012,
"name":"剑魔亡魂",
"hp_rate":470,
"atk_rate":13,
"def_rate":5,
"ats_rate":13,
"adf_rate":5
},
{
"id":3011,
"name":"精英孤魂",
"hp_rate":440,
"atk_rate":14,
"def_rate":5,
"ats_rate":14,
"adf_rate":5
},
{
"id":4012,
"name":"剑魔亡魂",
"hp_rate":1200,
"atk_rate":20,
"def_rate":10,
"ats_rate":20,
"adf_rate":10
},
{
"id":1020,
"name":"僵尸",
"hp_rate":1000,
"atk_rate":12,
"def_rate":4,
"ats_rate":12,
"adf_rate":4
},
{
"id":2020,
"name":"僵尸王",
"hp_rate":3000,
"atk_rate":24,
"def_rate":16,
"ats_rate":24,
"adf_rate":16
},
{
"id":1111,
"name":"小火魔",
"hp_rate":440,
"atk_rate":12,
"def_rate":5,
"ats_rate":12,
"adf_rate":5
},
{
"id":2110,
"name":"黑衣队长",
"hp_rate":500,
"atk_rate":13,
"def_rate":7,
"ats_rate":13,
"adf_rate":7
},
{
"id":2111,
"name":"火魔",
"hp_rate":550,
"atk_rate":13,
"def_rate":7,
"ats_rate":13,
"adf_rate":7
},
{
"id":2112,
"name":"冥火焚身",
"hp_rate":550,
"atk_rate":13,
"def_rate":7,
"ats_rate":13,
"adf_rate":7
},
{
"id":3111,
"name":"精英火魔",
"hp_rate":470,
"atk_rate":14,
"def_rate":7,
"ats_rate":14,
"adf_rate":7
},
{
"id":4112,
"name":"冥火焚身",
"hp_rate":1200,
"atk_rate":20,
"def_rate":10,
"ats_rate":20,
"adf_rate":10
}
]
}