{
"RECORDS":[
{
"id":0,
"enemy_id":1001,
"common_hit":"10101",
"skill1":"10102",
"skill2":"0",
"skill3":"0",
"skill4":"0",
"skill5":"0",
"common_frame":"3",
"frame1":"3",
"frame2":"0",
"frame3":"0",
"frame4":"0",
"frame5":"0",
"invincible":"0|0|0|0|0",
"only_hurt":"0|0|0|0|0",
"jump_skill":"0|0|0|0|0",
"roll_skill":"0|0|0|0|0",
"boss_id":0,
"common_only_hurt":"0"
},
{
"id":1,
"enemy_id":2003,
"common_hit":"10201",
"skill1":"10202",
"skill2":"0",
"skill3":"0",
"skill4":"0",
"skill5":"0",
"common_frame":"3",
"frame1":"2",
"frame2":"0",
"frame3":"0",
"frame4":"0",
"frame5":"0",
"invincible":"0|0|0|0|0",
"only_hurt":"0|0|0|0|0",
"jump_skill":"0|0|0|0|0",
"roll_skill":"0|0|0|0|0",
"boss_id":1001,
"common_only_hurt":"0"
},
{
"id":2,
"enemy_id":2009,
"common_hit":"10301",
"skill1":"10302|10303",
"skill2":"0",
"skill3":"0",
"skill4":"0",
"skill5":"0",
"common_frame":"3",
"frame1":"3|5",
"frame2":"0",
"frame3":"0",
"frame4":"0",
"frame5":"0",
"invincible":"0|0|0|0|0",
"only_hurt":"0|0|0|0|0",
"jump_skill":"0|0|0|0|0",
"roll_skill":"0|0|0|0|0",
"boss_id":1003,
"common_only_hurt":"0"
},
{
"id":3,
"enemy_id":2006,
"common_hit":"10401",
"skill1":"10402",
"skill2":"10403",
"skill3":"0",
"skill4":"0",
"skill5":"0",
"common_frame":"3",
"frame1":"4",
"frame2":"4",
"frame3":"0",
"frame4":"0",
"frame5":"0",
"invincible":"0|0|0|0|0",
"only_hurt":"0|0|0|0|0",
"jump_skill":"0|0|0|0|0",
"roll_skill":"0|0|0|0|0",
"boss_id":1002,
"common_only_hurt":"0"
},
{
"id":4,
"enemy_id":1004,
"common_hit":"10501",
"skill1":"10502",
"skill2":"0",
"skill3":"0",
"skill4":"0",
"skill5":"0",
"common_frame":"3",
"frame1":"10",
"frame2":"0",
"frame3":"0",
"frame4":"0",
"frame5":"0",
"invincible":"0|0|0|0|0",
"only_hurt":"0|0|0|0|0",
"jump_skill":"0|0|0|0|0",
"roll_skill":"18_25_20|0|0|0|0",
"boss_id":0,
"common_only_hurt":"0"
},
{
"id":5,
"enemy_id":1008,
"common_hit":"10601|10602|10603|10604",
"skill1":"10605",
"skill2":"0",
"skill3":"0",
"skill4":"0",
"skill5":"0",
"common_frame":"2|5|7|9",
"frame1":"2",
"frame2":"0",
"frame3":"0",
"frame4":"0",
"frame5":"0",
"invincible":"0|0|0|0|0",
"only_hurt":"0|0|0|0|0",
"jump_skill":"0|0|0|0|0",
"roll_skill":"0|0|0|0|0",
"boss_id":0,
"common_only_hurt":"0"
},
{
"id":6,
"enemy_id":1007,
"common_hit":"10701",
"skill1":"10702",
"skill2":"0",
"skill3":"0",
"skill4":"0",
"skill5":"0",
"common_frame":"3",
"frame1":"2",
"frame2":"0",
"frame3":"0",
"frame4":"0",
"frame5":"0",
"invincible":"0|0|0|0|0",
"only_hurt":"0|0|0|0|0",
"jump_skill":"0|0|0|0|0",
"roll_skill":"0|0|0|0|0",
"boss_id":0,
"common_only_hurt":"0"
},
{
"id":7,
"enemy_id":1002,
"common_hit":"10801",
"skill1":"10803|10804|10805|10806",
"skill2":"0",
"skill3":"0",
"skill4":"0",
"skill5":"0",
"common_frame":"3",
"frame1":"4|7|9|11",
"frame2":"0",
"frame3":"0",
"frame4":"0",
"frame5":"0",
"invincible":"0|0|0|0|0",
"only_hurt":"0|0|0|0|0",
"jump_skill":"150|0|0|0|0",
"roll_skill":"0|0|0|0|0",
"boss_id":0,
"common_only_hurt":"0"
},
{
"id":8,
"enemy_id":1005,
"common_hit":"10901",
"skill1":"10902|10903",
"skill2":"0",
"skill3":"0",
"skill4":"0",
"skill5":"0",
"common_frame":"3",
"frame1":"2|7",
"frame2":"0",
"frame3":"0",
"frame4":"0",
"frame5":"0",
"invincible":"0|0|0|0|0",
"only_hurt":"0|0|0|0|0",
"jump_skill":"0|0|0|0|0",
"roll_skill":"0|0|0|0|0",
"boss_id":0,
"common_only_hurt":"0"
},
{
"id":9,
"enemy_id":2001,
"common_hit":"10101",
"skill1":"10102",
"skill2":"0",
"skill3":"0",
"skill4":"0",
"skill5":"0",
"common_frame":"3",
"frame1":"3",
"frame2":"0",
"frame3":"0",
"frame4":"0",
"frame5":"0",
"invincible":"0|0|0|0|0",
"only_hurt":"0|0|0|0|0",
"jump_skill":"0|0|0|0|0",
"roll_skill":"0|0|0|0|0",
"boss_id":0,
"common_only_hurt":"0"
},
{
"id":10,
"enemy_id":2002,
"common_hit":"10801",
"skill1":"10803|10804|10805|10806",
"skill2":"0",
"skill3":"0",
"skill4":"0",
"skill5":"0",
"common_frame":"3",
"frame1":"4|7|9|11",
"frame2":"0",
"frame3":"0",
"frame4":"0",
"frame5":"0",
"invincible":"0|0|0|0|0",
"only_hurt":"0|0|0|0|0",
"jump_skill":"150|0|0|0|0",
"roll_skill":"0|0|0|0|0",
"boss_id":0,
"common_only_hurt":"0"
},
{
"id":11,
"enemy_id":2004,
"common_hit":"10501",
"skill1":"10502",
"skill2":"0",
"skill3":"0",
"skill4":"0",
"skill5":"0",
"common_frame":"3",
"frame1":"10",
"frame2":"0",
"frame3":"0",
"frame4":"0",
"frame5":"0",
"invincible":"0|0|0|0|0",
"only_hurt":"0|0|0|0|0",
"jump_skill":"0|0|0|0|0",
"roll_skill":"18_25_20|0|0|0|0",
"boss_id":0,
"common_only_hurt":"0"
},
{
"id":12,
"enemy_id":2005,
"common_hit":"10901",
"skill1":"10902|10903",
"skill2":"0",
"skill3":"0",
"skill4":"0",
"skill5":"0",
"common_frame":"3",
"frame1":"2|7",
"frame2":"0",
"frame3":"0",
"frame4":"0",
"frame5":"0",
"invincible":"0|0|0|0|0",
"only_hurt":"0|0|0|0|0",
"jump_skill":"0|0|0|0|0",
"roll_skill":"0|0|0|0|0",
"boss_id":0,
"common_only_hurt":"0"
},
{
"id":13,
"enemy_id":2007,
"common_hit":"10701",
"skill1":"10702",
"skill2":"0",
"skill3":"0",
"skill4":"0",
"skill5":"0",
"common_frame":"3",
"frame1":"2",
"frame2":"0",
"frame3":"0",
"frame4":"0",
"frame5":"0",
"invincible":"0|0|0|0|0",
"only_hurt":"0|0|0|0|0",
"jump_skill":"0|0|0|0|0",
"roll_skill":"0|0|0|0|0",
"boss_id":0,
"common_only_hurt":"0"
},
{
"id":14,
"enemy_id":2008,
"common_hit":"10601|10602|10603|10604",
"skill1":"10605",
"skill2":"0",
"skill3":"0",
"skill4":"0",
"skill5":"0",
"common_frame":"2|5|7|9",
"frame1":"2",
"frame2":"0",
"frame3":"0",
"frame4":"0",
"frame5":"0",
"invincible":"0|0|0|0|0",
"only_hurt":"0|0|0|0|0",
"jump_skill":"0|0|0|0|0",
"roll_skill":"0|0|0|0|0",
"boss_id":0,
"common_only_hurt":"0"
},
{
"id":15,
"enemy_id":3001,
"common_hit":"10101",
"skill1":"10102",
"skill2":"0",
"skill3":"0",
"skill4":"0",
"skill5":"0",
"common_frame":"3",
"frame1":"3",
"frame2":"0",
"frame3":"0",
"frame4":"0",
"frame5":"0",
"invincible":"0|0|0|0|0",
"only_hurt":"0|0|0|0|0",
"jump_skill":"0|0|0|0|0",
"roll_skill":"0|0|0|0|0",
"boss_id":0,
"common_only_hurt":"0"
},
{
"id":16,
"enemy_id":3002,
"common_hit":"10801",
"skill1":"10803|10804|10805|10806",
"skill2":"0",
"skill3":"0",
"skill4":"0",
"skill5":"0",
"common_frame":"3",
"frame1":"4|7|9|11",
"frame2":"0",
"frame3":"0",
"frame4":"0",
"frame5":"0",
"invincible":"0|0|0|0|0",
"only_hurt":"0|0|0|0|0",
"jump_skill":"150|0|0|0|0",
"roll_skill":"0|0|0|0|0",
"boss_id":0,
"common_only_hurt":"0"
},
{
"id":17,
"enemy_id":3004,
"common_hit":"10501",
"skill1":"10502",
"skill2":"0",
"skill3":"0",
"skill4":"0",
"skill5":"0",
"common_frame":"3",
"frame1":"10",
"frame2":"0",
"frame3":"0",
"frame4":"0",
"frame5":"0",
"invincible":"0|0|0|0|0",
"only_hurt":"0|0|0|0|0",
"jump_skill":"0|0|0|0|0",
"roll_skill":"18_25_20|0|0|0|0",
"boss_id":0,
"common_only_hurt":"0"
},
{
"id":18,
"enemy_id":3005,
"common_hit":"10901",
"skill1":"10902|10903",
"skill2":"0",
"skill3":"0",
"skill4":"0",
"skill5":"0",
"common_frame":"3",
"frame1":"2|7",
"frame2":"0",
"frame3":"0",
"frame4":"0",
"frame5":"0",
"invincible":"0|0|0|0|0",
"only_hurt":"0|0|0|0|0",
"jump_skill":"0|0|0|0|0",
"roll_skill":"0|0|0|0|0",
"boss_id":0,
"common_only_hurt":"0"
},
{
"id":19,
"enemy_id":3007,
"common_hit":"10701",
"skill1":"10702",
"skill2":"0",
"skill3":"0",
"skill4":"0",
"skill5":"0",
"common_frame":"3",
"frame1":"2",
"frame2":"0",
"frame3":"0",
"frame4":"0",
"frame5":"0",
"invincible":"0|0|0|0|0",
"only_hurt":"0|0|0|0|0",
"jump_skill":"0|0|0|0|0",
"roll_skill":"0|0|0|0|0",
"boss_id":0,
"common_only_hurt":"0"
},
{
"id":20,
"enemy_id":3008,
"common_hit":"10601|10602|10603|10604",
"skill1":"10605",
"skill2":"0",
"skill3":"0",
"skill4":"0",
"skill5":"0",
"common_frame":"2|5|7|9",
"frame1":"2",
"frame2":"0",
"frame3":"0",
"frame4":"0",
"frame5":"0",
"invincible":"0|0|0|0|0",
"only_hurt":"0|0|0|0|0",
"jump_skill":"0|0|0|0|0",
"roll_skill":"0|0|0|0|0",
"boss_id":0,
"common_only_hurt":"0"
},
{
"id":21,
"enemy_id":4003,
"common_hit":"10201",
"skill1":"10202",
"skill2":"0",
"skill3":"0",
"skill4":"0",
"skill5":"0",
"common_frame":"3",
"frame1":"2",
"frame2":"0",
"frame3":"0",
"frame4":"0",
"frame5":"0",
"invincible":"0|0|0|0|0",
"only_hurt":"0|0|0|0|0",
"jump_skill":"0|0|0|0|0",
"roll_skill":"0|0|0|0|0",
"boss_id":0,
"common_only_hurt":"0"
},
{
"id":22,
"enemy_id":2109,
"common_hit":"20101",
"skill1":"20102",
"skill2":"0",
"skill3":"0",
"skill4":"0",
"skill5":"0",
"common_frame":"3",
"frame1":"3",
"frame2":"0",
"frame3":"0",
"frame4":"0",
"frame5":"0",
"invincible":"0|65|0|0|0",
"only_hurt":"0|0|0|0|0",
"jump_skill":"0|0|0|0|0",
"roll_skill":"0|0|0|0|0",
"boss_id":0,
"common_only_hurt":"0"
},
{
"id":23,
"enemy_id":2106,
"common_hit":"20201",
"skill1":"20202",
"skill2":"0",
"skill3":"0",
"skill4":"0",
"skill5":"0",
"common_frame":"3",
"frame1":"3",
"frame2":"0",
"frame3":"0",
"frame4":"0",
"frame5":"0",
"invincible":"0|0|0|0|0",
"only_hurt":"0|0|0|0|0",
"jump_skill":"0|0|0|0|0",
"roll_skill":"0|0|0|0|0",
"boss_id":0,
"common_only_hurt":"0"
},
{
"id":24,
"enemy_id":2103,
"common_hit":"20301|20302",
"skill1":"20303",
"skill2":"0",
"skill3":"0",
"skill4":"0",
"skill5":"0",
"common_frame":"3|5",
"frame1":"3",
"frame2":"0",
"frame3":"0",
"frame4":"0",
"frame5":"0",
"invincible":"0|0|0|0|0",
"only_hurt":"0|0|0|0|0",
"jump_skill":"0|0|0|0|0",
"roll_skill":"0|0|0|0|0",
"boss_id":0,
"common_only_hurt":"0"
},
{
"id":25,
"enemy_id":1105,
"common_hit":"20401",
"skill1":"20402|20403",
"skill2":"0",
"skill3":"0",
"skill4":"0",
"skill5":"0",
"common_frame":"3",
"frame1":"2|4",
"frame2":"0",
"frame3":"0",
"frame4":"0",
"frame5":"0",
"invincible":"0|0|0|0|0",
"only_hurt":"26|0|0|0|0",
"jump_skill":"0|0|0|0|0",
"roll_skill":"0|0|0|0|0",
"boss_id":0,
"common_only_hurt":"0"
},
{
"id":26,
"enemy_id":2105,
"common_hit":"20401",
"skill1":"20402|20403",
"skill2":"0",
"skill3":"0",
"skill4":"0",
"skill5":"0",
"common_frame":"3",
"frame1":"2|4",
"frame2":"0",
"frame3":"0",
"frame4":"0",
"frame5":"0",
"invincible":"0|0|0|0|0",
"only_hurt":"26|0|0|0|0",
"jump_skill":"0|0|0|0|0",
"roll_skill":"0|0|0|0|0",
"boss_id":0,
"common_only_hurt":"0"
},
{
"id":27,
"enemy_id":3105,
"common_hit":"20401",
"skill1":"20402|20403",
"skill2":"0",
"skill3":"0",
"skill4":"0",
"skill5":"0",
"common_frame":"3",
"frame1":"2|4",
"frame2":"0",
"frame3":"0",
"frame4":"0",
"frame5":"0",
"invincible":"0|0|0|0|0",
"only_hurt":"26|0|0|0|0",
"jump_skill":"0|0|0|0|0",
"roll_skill":"0|0|0|0|0",
"boss_id":0,
"common_only_hurt":"0"
},
{
"id":28,
"enemy_id":1102,
"common_hit":"20501",
"skill1":"20502|20503",
"skill2":"0",
"skill3":"0",
"skill4":"0",
"skill5":"0",
"common_frame":"3",
"frame1":"2|4",
"frame2":"0",
"frame3":"0",
"frame4":"0",
"frame5":"0",
"invincible":"0|0|0|0|0",
"only_hurt":"0|0|0|0|0",
"jump_skill":"0|0|0|0|0",
"roll_skill":"0|0|0|0|0",
"boss_id":0,
"common_only_hurt":"0"
},
{
"id":29,
"enemy_id":2102,
"common_hit":"20501",
"skill1":"20502|20503",
"skill2":"0",
"skill3":"0",
"skill4":"0",
"skill5":"0",
"common_frame":"3",
"frame1":"2|4",
"frame2":"0",
"frame3":"0",
"frame4":"0",
"frame5":"0",
"invincible":"0|0|0|0|0",
"only_hurt":"0|0|0|0|0",
"jump_skill":"0|0|0|0|0",
"roll_skill":"0|0|0|0|0",
"boss_id":0,
"common_only_hurt":"0"
},
{
"id":30,
"enemy_id":3102,
"common_hit":"20501",
"skill1":"20502|20503",
"skill2":"0",
"skill3":"0",
"skill4":"0",
"skill5":"0",
"common_frame":"3",
"frame1":"2|4",
"frame2":"0",
"frame3":"0",
"frame4":"0",
"frame5":"0",
"invincible":"0|0|0|0|0",
"only_hurt":"0|0|0|0|0",
"jump_skill":"0|0|0|0|0",
"roll_skill":"0|0|0|0|0",
"boss_id":0,
"common_only_hurt":"0"
},
{
"id":31,
"enemy_id":1107,
"common_hit":"20601",
"skill1":"20602|20603|20604",
"skill2":"0",
"skill3":"0",
"skill4":"0",
"skill5":"0",
"common_frame":"2",
"frame1":"2|4|6",
"frame2":"0",
"frame3":"0",
"frame4":"0",
"frame5":"0",
"invincible":"0|0|0|0|0",
"only_hurt":"0|0|0|0|0",
"jump_skill":"0|0|0|0|0",
"roll_skill":"0|0|0|0|0",
"boss_id":0,
"common_only_hurt":"0"
},
{
"id":32,
"enemy_id":2107,
"common_hit":"20601",
"skill1":"20602|20603|20604",
"skill2":"0",
"skill3":"0",
"skill4":"0",
"skill5":"0",
"common_frame":"2",
"frame1":"2|4|6",
"frame2":"0",
"frame3":"0",
"frame4":"0",
"frame5":"0",
"invincible":"0|0|0|0|0",
"only_hurt":"0|0|0|0|0",
"jump_skill":"0|0|0|0|0",
"roll_skill":"0|0|0|0|0",
"boss_id":0,
"common_only_hurt":"0"
},
{
"id":33,
"enemy_id":3107,
"common_hit":"20601",
"skill1":"20602|20603|20604",
"skill2":"0",
"skill3":"0",
"skill4":"0",
"skill5":"0",
"common_frame":"2",
"frame1":"2|4|6",
"frame2":"0",
"frame3":"0",
"frame4":"0",
"frame5":"0",
"invincible":"0|0|0|0|0",
"only_hurt":"0|0|0|0|0",
"jump_skill":"0|0|0|0|0",
"roll_skill":"0|0|0|0|0",
"boss_id":0,
"common_only_hurt":"0"
},
{
"id":34,
"enemy_id":1104,
"common_hit":"20701",
"skill1":"20702|20703",
"skill2":"0",
"skill3":"0",
"skill4":"0",
"skill5":"0",
"common_frame":"7",
"frame1":"5|7",
"frame2":"0",
"frame3":"0",
"frame4":"0",
"frame5":"0",
"invincible":"0|0|0|0|0",
"only_hurt":"35|0|0|0|0",
"jump_skill":"0|0|0|0|0",
"roll_skill":"0|0|0|0|0",
"boss_id":0,
"common_only_hurt":"23"
},
{
"id":35,
"enemy_id":2104,
"common_hit":"20701",
"skill1":"20702|20703",
"skill2":"0",
"skill3":"0",
"skill4":"0",
"skill5":"0",
"common_frame":"7",
"frame1":"5|7",
"frame2":"0",
"frame3":"0",
"frame4":"0",
"frame5":"0",
"invincible":"0|0|0|0|0",
"only_hurt":"35|0|0|0|0",
"jump_skill":"0|0|0|0|0",
"roll_skill":"0|0|0|0|0",
"boss_id":0,
"common_only_hurt":"23"
},
{
"id":36,
"enemy_id":3104,
"common_hit":"20701",
"skill1":"20702|20703",
"skill2":"0",
"skill3":"0",
"skill4":"0",
"skill5":"0",
"common_frame":"7",
"frame1":"5|7",
"frame2":"0",
"frame3":"0",
"frame4":"0",
"frame5":"0",
"invincible":"0|0|0|0|0",
"only_hurt":"35|0|0|0|0",
"jump_skill":"0|0|0|0|0",
"roll_skill":"0|0|0|0|0",
"boss_id":0,
"common_only_hurt":"23"
},
{
"id":37,
"enemy_id":4103,
"common_hit":"20301|20302",
"skill1":"20303",
"skill2":"0",
"skill3":"0",
"skill4":"0",
"skill5":"0",
"common_frame":"3|5",
"frame1":"3",
"frame2":"0",
"frame3":"0",
"frame4":"0",
"frame5":"0",
"invincible":"0|0|0|0|0",
"only_hurt":"0|0|0|0|0",
"jump_skill":"0|0|0|0|0",
"roll_skill":"0|0|0|0|0",
"boss_id":0,
"common_only_hurt":"0"
},
{
"id":38,
"enemy_id":4009,
"common_hit":"10301",
"skill1":"10302|10303",
"skill2":"0",
"skill3":"0",
"skill4":"0",
"skill5":"0",
"common_frame":"3",
"frame1":"3|5",
"frame2":"0",
"frame3":"0",
"frame4":"0",
"frame5":"0",
"invincible":"0|0|0|0|0",
"only_hurt":"0|0|0|0|0",
"jump_skill":"0|0|0|0|0",
"roll_skill":"0|0|0|0|0",
"boss_id":1003,
"common_only_hurt":"0"
},
{
"id":39,
"enemy_id":4106,
"common_hit":"20201",
"skill1":"20202",
"skill2":"0",
"skill3":"0",
"skill4":"0",
"skill5":"0",
"common_frame":"3",
"frame1":"3",
"frame2":"0",
"frame3":"0",
"frame4":"0",
"frame5":"0",
"invincible":"0|0|0|0|0",
"only_hurt":"0|0|0|0|0",
"jump_skill":"0|0|0|0|0",
"roll_skill":"0|0|0|0|0",
"boss_id":0,
"common_only_hurt":"0"
},
{
"id":40,
"enemy_id":4109,
"common_hit":"20101",
"skill1":"20102",
"skill2":"0",
"skill3":"0",
"skill4":"0",
"skill5":"0",
"common_frame":"3",
"frame1":"3",
"frame2":"0",
"frame3":"0",
"frame4":"0",
"frame5":"0",
"invincible":"0|65|0|0|0",
"only_hurt":"0|0|0|0|0",
"jump_skill":"0|0|0|0|0",
"roll_skill":"0|0|0|0|0",
"boss_id":0,
"common_only_hurt":"0"
},
{
"id":41,
"enemy_id":4006,
"common_hit":"10401",
"skill1":"10402",
"skill2":"10403",
"skill3":"0",
"skill4":"0",
"skill5":"0",
"common_frame":"3",
"frame1":"4",
"frame2":"4",
"frame3":"0",
"frame4":"0",
"frame5":"0",
"invincible":"0|0|0|0|0",
"only_hurt":"0|0|0|0|0",
"jump_skill":"0|0|0|0|0",
"roll_skill":"0|0|0|0|0",
"boss_id":1002,
"common_only_hurt":"0"
},
{
"id":42,
"enemy_id":1101,
"common_hit":"10701",
"skill1":"10702",
"skill2":"0",
"skill3":"0",
"skill4":"0",
"skill5":"0",
"common_frame":"3",
"frame1":"2",
"frame2":"0",
"frame3":"0",
"frame4":"0",
"frame5":"0",
"invincible":"0|0|0|0|0",
"only_hurt":"0|0|0|0|0",
"jump_skill":"0|0|0|0|0",
"roll_skill":"0|0|0|0|0",
"boss_id":0,
"common_only_hurt":"0"
},
{
"id":43,
"enemy_id":1108,
"common_hit":"10601|10602|10603|10604",
"skill1":"10605",
"skill2":"0",
"skill3":"0",
"skill4":"0",
"skill5":"0",
"common_frame":"2|5|7|9",
"frame1":"2",
"frame2":"0",
"frame3":"0",
"frame4":"0",
"frame5":"0",
"invincible":"0|0|0|0|0",
"only_hurt":"0|0|0|0|0",
"jump_skill":"0|0|0|0|0",
"roll_skill":"0|0|0|0|0",
"boss_id":0,
"common_only_hurt":"0"
},
{
"id":44,
"enemy_id":2101,
"common_hit":"10701",
"skill1":"10702",
"skill2":"0",
"skill3":"0",
"skill4":"0",
"skill5":"0",
"common_frame":"3",
"frame1":"2",
"frame2":"0",
"frame3":"0",
"frame4":"0",
"frame5":"0",
"invincible":"0|0|0|0|0",
"only_hurt":"0|0|0|0|0",
"jump_skill":"0|0|0|0|0",
"roll_skill":"0|0|0|0|0",
"boss_id":0,
"common_only_hurt":"0"
},
{
"id":45,
"enemy_id":2108,
"common_hit":"10601|10602|10603|10604",
"skill1":"10605",
"skill2":"0",
"skill3":"0",
"skill4":"0",
"skill5":"0",
"common_frame":"2|5|7|9",
"frame1":"2",
"frame2":"0",
"frame3":"0",
"frame4":"0",
"frame5":"0",
"invincible":"0|0|0|0|0",
"only_hurt":"0|0|0|0|0",
"jump_skill":"0|0|0|0|0",
"roll_skill":"0|0|0|0|0",
"boss_id":0,
"common_only_hurt":"0"
},
{
"id":46,
"enemy_id":3101,
"common_hit":"10701",
"skill1":"10702",
"skill2":"0",
"skill3":"0",
"skill4":"0",
"skill5":"0",
"common_frame":"3",
"frame1":"2",
"frame2":"0",
"frame3":"0",
"frame4":"0",
"frame5":"0",
"invincible":"0|0|0|0|0",
"only_hurt":"0|0|0|0|0",
"jump_skill":"0|0|0|0|0",
"roll_skill":"0|0|0|0|0",
"boss_id":0,
"common_only_hurt":"0"
},
{
"id":47,
"enemy_id":3108,
"common_hit":"10601|10602|10603|10604",
"skill1":"10605",
"skill2":"0",
"skill3":"0",
"skill4":"0",
"skill5":"0",
"common_frame":"2|5|7|9",
"frame1":"2",
"frame2":"0",
"frame3":"0",
"frame4":"0",
"frame5":"0",
"invincible":"0|0|0|0|0",
"only_hurt":"0|0|0|0|0",
"jump_skill":"0|0|0|0|0",
"roll_skill":"0|0|0|0|0",
"boss_id":0,
"common_only_hurt":"0"
},
{
"id":48,
"enemy_id":1121,
"common_hit":"10101",
"skill1":"10102",
"skill2":"0",
"skill3":"0",
"skill4":"0",
"skill5":"0",
"common_frame":"3",
"frame1":"3",
"frame2":"0",
"frame3":"0",
"frame4":"0",
"frame5":"0",
"invincible":"0|0|0|0|0",
"only_hurt":"0|0|0|0|0",
"jump_skill":"0|0|0|0|0",
"roll_skill":"0|0|0|0|0",
"boss_id":0,
"common_only_hurt":"0"
},
{
"id":49,
"enemy_id":1122,
"common_hit":"10801",
"skill1":"10803|10804|10805|10806",
"skill2":"0",
"skill3":"0",
"skill4":"0",
"skill5":"0",
"common_frame":"3",
"frame1":"4|7|9|11",
"frame2":"0",
"frame3":"0",
"frame4":"0",
"frame5":"0",
"invincible":"0|0|0|0|0",
"only_hurt":"0|0|0|0|0",
"jump_skill":"150|0|0|0|0",
"roll_skill":"0|0|0|0|0",
"boss_id":0,
"common_only_hurt":"0"
},
{
"id":50,
"enemy_id":1011,
"common_hit":"11001",
"skill1":"11002|11003|11003|11003|11003",
"skill2":"0",
"skill3":"0",
"skill4":"0",
"skill5":"0",
"common_frame":"3",
"frame1":"2|4|7|10|13",
"frame2":"1",
"frame3":"0",
"frame4":"0",
"frame5":"0",
"invincible":"0|0|0|0|0",
"only_hurt":"0|0|0|0|0",
"jump_skill":"00|0|0|0",
"roll_skill":"0|0|0|0|0",
"boss_id":0,
"common_only_hurt":"0"
},
{
"id":51,
"enemy_id":2011,
"common_hit":"11001",
"skill1":"11002|11003|11003|11003|11003",
"skill2":"0",
"skill3":"0",
"skill4":"0",
"skill5":"0",
"common_frame":"3",
"frame1":"2|4|7|10|13",
"frame2":"1",
"frame3":"0",
"frame4":"0",
"frame5":"0",
"invincible":"0|0|0|0|0",
"only_hurt":"0|0|0|0|0",
"jump_skill":"00|0|0|0",
"roll_skill":"0|0|0|0|0",
"boss_id":0,
"common_only_hurt":"0"
},
{
"id":52,
"enemy_id":3011,
"common_hit":"11001",
"skill1":"11002|11003|11003|11003|11003",
"skill2":"0",
"skill3":"0",
"skill4":"0",
"skill5":"0",
"common_frame":"3",
"frame1":"2|4|7|10|13",
"frame2":"0",
"frame3":"0",
"frame4":"0",
"frame5":"0",
"invincible":"0|0|0|0|0",
"only_hurt":"0|0|0|0|0",
"jump_skill":"00|0|0|0",
"roll_skill":"0|0|0|0|0",
"boss_id":0,
"common_only_hurt":"0"
},
{
"id":53,
"enemy_id":2012,
"common_hit":"11101",
"skill1":"11102",
"skill2":"11103",
"skill3":"0",
"skill4":"0",
"skill5":"0",
"common_frame":"3",
"frame1":"2",
"frame2":"6",
"frame3":"0",
"frame4":"0",
"frame5":"0",
"invincible":"0|0|0|0|0",
"only_hurt":"0|70|0|0|0",
"jump_skill":"00|0|0|0",
"roll_skill":"0|0|0|0|0",
"boss_id":0,
"common_only_hurt":"0"
},
{
"id":54,
"enemy_id":4012,
"common_hit":"11101",
"skill1":"11102",
"skill2":"11103",
"skill3":"0",
"skill4":"0",
"skill5":"0",
"common_frame":"3",
"frame1":"2",
"frame2":"6",
"frame3":"0",
"frame4":"0",
"frame5":"0",
"invincible":"0|0|0|0|0",
"only_hurt":"0|70|0|0|0",
"jump_skill":"00|0|0|0",
"roll_skill":"0|0|0|0|0",
"boss_id":0,
"common_only_hurt":"0"
},
{
"id":55,
"enemy_id":2010,
"common_hit":"10601|10602|10603|10604",
"skill1":"10605",
"skill2":"0",
"skill3":"0",
"skill4":"0",
"skill5":"0",
"common_frame":"2|5|7|9",
"frame1":"2",
"frame2":"0",
"frame3":"0",
"frame4":"0",
"frame5":"0",
"invincible":"0|0|0|0|0",
"only_hurt":"0|0|0|0|0",
"jump_skill":"0|0|0|0|0",
"roll_skill":"0|0|0|0|0",
"boss_id":0,
"common_only_hurt":"0"
},
{
"id":56,
"enemy_id":1020,
"common_hit":"101",
"skill1":"102|103|104",
"skill2":"0",
"skill3":"0",
"skill4":"0",
"skill5":"0",
"common_frame":"3",
"frame1":"3|4|5",
"frame2":"0",
"frame3":"0",
"frame4":"0",
"frame5":"0",
"invincible":"0|0|0|0|0",
"only_hurt":"0|0|0|0|0",
"jump_skill":"00|0|0|0",
"roll_skill":"0|0|0|0|0",
"boss_id":0,
"common_only_hurt":"0"
},
{
"id":57,
"enemy_id":2020,
"common_hit":"101",
"skill1":"102|103|104",
"skill2":"0",
"skill3":"0",
"skill4":"0",
"skill5":"0",
"common_frame":"3",
"frame1":"3|4|5",
"frame2":"0",
"frame3":"0",
"frame4":"0",
"frame5":"0",
"invincible":"0|0|0|0|0",
"only_hurt":"0|0|0|0|0",
"jump_skill":"00|0|0|0",
"roll_skill":"0|0|0|0|0",
"boss_id":0,
"common_only_hurt":"0"
},
{
"id":58,
"enemy_id":1111,
"common_hit":"20801",
"skill1":"20802",
"skill2":"0",
"skill3":"0",
"skill4":"0",
"skill5":"0",
"common_frame":"3",
"frame1":"2",
"frame2":"0",
"frame3":"0",
"frame4":"0",
"frame5":"0",
"invincible":"0|0|0|0|0",
"only_hurt":"0|0|0|0|0",
"jump_skill":"00|0|0|0",
"roll_skill":"0|0|0|0|0",
"boss_id":0,
"common_only_hurt":"0"
},
{
"id":59,
"enemy_id":2111,
"common_hit":"20801",
"skill1":"20802",
"skill2":"0",
"skill3":"0",
"skill4":"0",
"skill5":"0",
"common_frame":"3",
"frame1":"2",
"frame2":"0",
"frame3":"0",
"frame4":"0",
"frame5":"0",
"invincible":"0|0|0|0|0",
"only_hurt":"0|0|0|0|0",
"jump_skill":"00|0|0|0",
"roll_skill":"0|0|0|0|0",
"boss_id":0,
"common_only_hurt":"0"
},
{
"id":60,
"enemy_id":3111,
"common_hit":"20801",
"skill1":"20802",
"skill2":"0",
"skill3":"0",
"skill4":"0",
"skill5":"0",
"common_frame":"3",
"frame1":"2",
"frame2":"0",
"frame3":"0",
"frame4":"0",
"frame5":"0",
"invincible":"0|0|0|0|0",
"only_hurt":"0|0|0|0|0",
"jump_skill":"00|0|0|0",
"roll_skill":"0|0|0|0|0",
"boss_id":0,
"common_only_hurt":"0"
},
{
"id":61,
"enemy_id":2112,
"common_hit":"20901_20902_20903_20904_20905",
"skill1":"20906|20907_20912",
"skill2":"20908",
"skill3":"0",
"skill4":"0",
"skill5":"0",
"common_frame":"3",
"frame1":"2|4",
"frame2":"2",
"frame3":"0",
"frame4":"0",
"frame5":"0",
"invincible":"0|0|0|0|0",
"only_hurt":"0|32|0|0|0",
"jump_skill":"00|0|0|0",
"roll_skill":"0|0|0|0|0",
"boss_id":0,
"common_only_hurt":"0"
},
{
"id":62,
"enemy_id":4112,
"common_hit":"20901_20902_20903_20904_20905",
"skill1":"20906|20907_20912",
"skill2":"20908",
"skill3":"20910|20911_20913",
"skill4":"0",
"skill5":"0",
"common_frame":"3",
"frame1":"2|4",
"frame2":"2",
"frame3":"2|4",
"frame4":"0",
"frame5":"0",
"invincible":"0|0|0|0|0",
"only_hurt":"0|32|0|0|0",
"jump_skill":"00|0|0|0",
"roll_skill":"0|0|0|0|0",
"boss_id":0,
"common_only_hurt":"0"
},
{
"id":63,
"enemy_id":2110,
"common_hit":"10601|10602|10603|10604",
"skill1":"10605",
"skill2":"0",
"skill3":"0",
"skill4":"0",
"skill5":"0",
"common_frame":"2|5|7|9",
"frame1":"2",
"frame2":"0",
"frame3":"0",
"frame4":"0",
"frame5":"0",
"invincible":"0|0|0|0|0",
"only_hurt":"0|0|0|0|0",
"jump_skill":"0|0|0|0|0",
"roll_skill":"0|0|0|0|0",
"boss_id":0,
"common_only_hurt":"0"
}
]
}