{
"RECORDS":[
{
"id":1101,
"level_id":"1_1",
"level_name":"竹林小径1",
"level_lv":1,
"scene_name":"墨竹林",
"chapter":"第一章  墨竹藏煞白衣秀才亮剑锋",
"level_message":"无",
"material":"4101",
"strengthen":"4201",
"book":"无",
"book_rate":0.000,
"exp":102,
"money":12,
"soul":12,
"fodder":"QiGai",
"bonus":"评价奖励道具\n丙以上：白色强化石\n乙以上：铁竹\n首次极评价：万能碎片",
"loading_fodder":"QiGai",
"boss_name":"乞丐老大",
"skill_rate":0.000,
"collection":"4101|4102",
"collection_rate":0.300
},
{
"id":1102,
"level_id":"1_2",
"level_name":"竹林小径2",
"level_lv":3,
"scene_name":"墨竹林",
"chapter":"第一章  墨竹藏煞白衣秀才亮剑锋",
"level_message":"无",
"material":"4102",
"strengthen":"4201",
"book":"无",
"book_rate":0.000,
"exp":177,
"money":15,
"soul":15,
"fodder":"JiuGui",
"bonus":"评价奖励道具\n丙以上：白色强化石\n乙以上：翠藤\n首次极评价：万能碎片",
"loading_fodder":"QiGai|JiuGui",
"boss_name":"酒鬼老大",
"skill_rate":0.000,
"collection":"4101|4102",
"collection_rate":0.300
},
{
"id":1103,
"level_id":"1_3",
"level_name":"十方秀才",
"level_lv":5,
"scene_name":"墨竹林",
"chapter":"第一章  墨竹藏煞白衣秀才亮剑锋",
"level_message":"无",
"material":"4301|4302|4303",
"strengthen":"4201",
"book":"无",
"book_rate":0.000,
"exp":264,
"money":22,
"soul":22,
"fodder":"ShiFangXiuCai",
"bonus":"评价奖励道具\n丙以上：白色强化石\n乙以上：白色锦囊“天”、白色锦囊“地”、白色锦囊“人”其中一种\n首次极评价：万能碎片",
"loading_fodder":"QiGai|JiuGui|ShiFangXiuCai",
"boss_name":"十方秀才",
"skill_rate":0.000,
"collection":"4101|4102",
"collection_rate":0.300
},
{
"id":1104,
"level_id":"1_4",
"level_name":"竹林翠湖1",
"level_lv":9,
"scene_name":"墨竹林",
"chapter":"第二章  碧池绿水青裳女子秀曼舞",
"level_message":"无",
"material":"4101",
"strengthen":"4201",
"book":"22|122",
"book_rate":0.020,
"exp":417,
"money":33,
"soul":33,
"fodder":"QiangDao",
"bonus":"评价奖励道具\n丙以上：白色强化石\n乙以上：铁竹\n首次极评价：万能碎片\n过关时有概率获得：\n铁竹链打造书（狂武），君子珠打造书（逍遥）\n（过关评价越高掉率越高）",
"loading_fodder":"QiGai|JiuGui|QiangDao",
"boss_name":"强盗老大",
"skill_rate":0.000,
"collection":"4101|4102",
"collection_rate":0.300
},
{
"id":1105,
"level_id":"1_5",
"level_name":"竹林翠湖2",
"level_lv":11,
"scene_name":"墨竹林",
"chapter":"第二章  碧池绿水青裳女子秀曼舞",
"level_message":"无",
"material":"4102",
"strengthen":"4201",
"book":"32|132",
"book_rate":0.020,
"exp":534,
"money":57,
"soul":57,
"fodder":"HaMaGuai",
"bonus":"评价奖励道具\n丙以上：白色强化石\n乙以上：翠藤\n首次极评价：万能碎片\n过关时有概率获得：\n铁竹服打造书（狂武），君子衣打造书（逍遥）\n（过关评价越高掉率越高）",
"loading_fodder":"QiGai|JiuGui|QiangDao|HaMaGuai",
"boss_name":"蛤蟆王",
"skill_rate":0.000,
"collection":"4101|4102",
"collection_rate":0.300
},
{
"id":1106,
"level_id":"1_6",
"level_name":"碧池夫人",
"level_lv":13,
"scene_name":"墨竹林",
"chapter":"第二章  碧池绿水青裳女子秀曼舞",
"level_message":"无",
"material":"4301|4302|4303",
"strengthen":"4201",
"book":"42|142",
"book_rate":0.020,
"exp":663,
"money":78,
"soul":78,
"fodder":"BiChiFuRen",
"bonus":"评价奖励道具\n丙以上：白色强化石\n乙以上：白色锦囊“天”、白色锦囊“地”、白色锦囊“人”其中一种\n首次极评价：万能碎片\n过关时有概率获得：\n铁竹肩打造书（狂武），君子肩打造书（逍遥）\n（过关评价越高掉率越高）",
"loading_fodder":"QiGai|JiuGui|QiangDao|HaMaGuai|BiChiFuRen",
"boss_name":"碧池夫人",
"skill_rate":0.000,
"collection":"4101|4102",
"collection_rate":0.300
},
{
"id":1107,
"level_id":"1_7",
"level_name":"竹林深处1",
"level_lv":15,
"scene_name":"墨竹林",
"chapter":"第三章  此路不通无人能过老顽固",
"level_message":"无",
"material":"4101",
"strengthen":"4201",
"book":"2|102",
"book_rate":0.020,
"exp":804,
"money":103,
"soul":103,
"fodder":"DouLiJianKe",
"bonus":"评价奖励道具\n丙以上：白色强化石\n乙以上：铁竹\n首次极评价：万能碎片\n过关时有概率获得：\n铁竹臂打造书（狂武），君子扇打造书（逍遥）\n（过关评价越高掉率越高）",
"loading_fodder":"QiGai|JiuGui|QiangDao|HaMaGuai|DouLiJianKe",
"boss_name":"斗笠剑狂",
"skill_rate":0.000,
"collection":"4101|4102",
"collection_rate":0.300
},
{
"id":1108,
"level_id":"1_8",
"level_name":"竹林深处2",
"level_lv":17,
"scene_name":"墨竹林",
"chapter":"第三章  此路不通无人能过老顽固",
"level_message":"无",
"material":"4102",
"strengthen":"4201",
"book":"52|152",
"book_rate":0.020,
"exp":957,
"money":117,
"soul":117,
"fodder":"HeiYiCiKe",
"bonus":"评价奖励道具\n丙以上：白色强化石\n乙以上：翠藤\n首次极评价：万能碎片\n过关时有概率获得：\n铁竹鞋打造书（狂武），君子靴打造书（逍遥）\n（过关评价越高掉率越高）",
"loading_fodder":"QiangDao|HaMaGuai|DouLiJianKe|HeiYiCiKe",
"boss_name":"黑衣队长",
"skill_rate":0.000,
"collection":"4101|4102",
"collection_rate":0.300
},
{
"id":1109,
"level_id":"1_9",
"level_name":"不通老人",
"level_lv":19,
"scene_name":"墨竹林",
"chapter":"第三章  此路不通无人能过老顽固",
"level_message":"无",
"material":"4301|4302|4303",
"strengthen":"4201",
"book":"12|112",
"book_rate":0.020,
"exp":1122,
"money":165,
"soul":165,
"fodder":"BuTongLaoRen",
"bonus":"评价奖励道具\n丙以上：白色强化石\n乙以上：白色锦囊“天”、白色锦囊“地”、白色锦囊“人”其中一种\n首次极评价：万能碎片\n过关时有概率获得：\n铁竹箍打造书（狂武），君子冠打造书（逍遥）\n（过关评价越高掉率越高）",
"loading_fodder":"QiGai|JiuGui|QiangDao|HaMaGuai|DouLiJianKe|HeiYiCiKe|BuTongLaoRen",
"boss_name":"不通老人",
"skill_rate":0.000,
"collection":"4101|4102",
"collection_rate":0.300
},
{
"id":1110,
"level_id":"1_10",
"level_name":"竹林秘境1",
"level_lv":20,
"scene_name":"墨竹林",
"chapter":"第四章  破除悬念翠竹至宝现江湖",
"level_message":"无",
"material":"4101",
"strengthen":"4201",
"book":"无",
"book_rate":0.000,
"exp":1209,
"money":183,
"soul":183,
"fodder":"HeiYiCiKe",
"bonus":"评价奖励道具\n丙以上：白色强化石\n乙以上：铁竹\n首次极评价：万能碎片\n过关时有概率获得：\n技能残卷（固本）\n（过关评价越高掉率越高）",
"loading_fodder":"QiGai|JiuGui|HaMaGuai|DouLiJianKe|HeiYiCiKe|SuoMingGuHun",
"boss_name":"黑衣队长",
"skill_rate":0.050,
"collection":"4101|4102",
"collection_rate":0.300
},
{
"id":1111,
"level_id":"1_11",
"level_name":"竹林秘境2",
"level_lv":20,
"scene_name":"墨竹林",
"chapter":"第四章  破除悬念翠竹至宝现江湖",
"level_message":"无",
"material":"4102",
"strengthen":"4201",
"book":"无",
"book_rate":0.000,
"exp":1249,
"money":194,
"soul":194,
"fodder":"SuoMingGuHun",
"bonus":"评价奖励道具\n丙以上：白色强化石\n乙以上：翠藤\n首次极评价：万能碎片\n过关时有概率获得：\n技能残卷（固本）\n（过关评价越高掉率越高）",
"loading_fodder":"QiGai|JiuGui|HaMaGuai|DouLiJianKe|HeiYiCiKe|SuoMingGuHun",
"boss_name":"索命孤魂",
"skill_rate":0.100,
"collection":"4101|4102",
"collection_rate":0.300
},
{
"id":1112,
"level_id":"1_12",
"level_name":"剑魔亡魂",
"level_lv":20,
"scene_name":"墨竹林",
"chapter":"第四章  破除悬念翠竹至宝现江湖",
"level_message":"无",
"material":"4301|4302|4303",
"strengthen":"4201",
"book":"无",
"book_rate":0.000,
"exp":1299,
"money":202,
"soul":202,
"fodder":"JianMoWangHun",
"bonus":"评价奖励道具\n丙以上：白色强化石\n乙以上：白色锦囊“天”、白色锦囊“地”、白色锦囊“人”其中一种\n首次极评价：万能碎片\n过关时有概率获得：\n技能残卷（固本）\n（过关评价越高掉率越高）",
"loading_fodder":"JiuGui|HaMaGuai|DouLiJianKe|HeiYiCiKe|SuoMingGuHun|JianMoWangHun",
"boss_name":"剑魔亡魂",
"skill_rate":0.200,
"collection":"4101|4102",
"collection_rate":0.300
},
{
"id":1201,
"level_id":"2_1",
"level_name":"环山小道1",
"level_lv":21,
"scene_name":"太虚观",
"chapter":"第一章  红莲烈焰焚尽世间薄情郎",
"level_message":"无",
"material":"4103",
"strengthen":"4201",
"book":"无",
"book_rate":0.000,
"exp":1392,
"money":222,
"soul":222,
"fodder":"DouLiJianKe",
"bonus":"评价奖励道具\n丙以上：白色强化石\n乙以上：玄钢\n首次极评价：万能碎片",
"loading_fodder":"QiGai|JiuGui|DouLiJianKe|XiaoDaoGu",
"boss_name":"斗笠剑狂",
"skill_rate":0.000,
"collection":"4103|4104",
"collection_rate":0.200
},
{
"id":1202,
"level_id":"2_2",
"level_name":"环山小道2",
"level_lv":22,
"scene_name":"太虚观",
"chapter":"第一章  红莲烈焰焚尽世间薄情郎",
"level_message":"无",
"material":"4104",
"strengthen":"4201",
"book":"无",
"book_rate":0.000,
"exp":1488,
"money":243,
"soul":243,
"fodder":"XiaoDaoGu",
"bonus":"评价奖励道具\n丙以上：白色强化石\n乙以上：云锭\n首次极评价：万能碎片",
"loading_fodder":"QiGai|JiuGui|DouLiJianKe|XiaoDaoGu",
"boss_name":"道姑",
"skill_rate":0.000,
"collection":"4103|4104",
"collection_rate":0.200
},
{
"id":1203,
"level_id":"2_3",
"level_name":"红莲散人",
"level_lv":23,
"scene_name":"太虚观",
"chapter":"第一章  红莲烈焰焚尽世间薄情郎",
"level_message":"无",
"material":"4311|4312|4313",
"strengthen":"4201",
"book":"无",
"book_rate":0.000,
"exp":1587,
"money":265,
"soul":265,
"fodder":"HongLianSanRen",
"bonus":"评价奖励道具\n丙以上：白色强化石\n乙以上：绿色锦囊“天”、绿色锦囊“地”、绿色锦囊“人”其中一种\n首次极评价：万能碎片",
"loading_fodder":"QiGai|JiuGui|DouLiJianKe|XiaoDaoGu|HongLianSanRen",
"boss_name":"红莲散人",
"skill_rate":0.000,
"collection":"4103|4104",
"collection_rate":0.200
},
{
"id":1204,
"level_id":"2_4",
"level_name":"道观外围1",
"level_lv":24,
"scene_name":"太虚观",
"chapter":"第二章  风流情债游戏一生何为真",
"level_message":"无",
"material":"4103",
"strengthen":"4201",
"book":"23|123",
"book_rate":0.010,
"exp":1689,
"money":288,
"soul":288,
"fodder":"XiaoShuJing",
"bonus":"评价奖励道具\n丙以上：白色强化石\n乙以上：玄钢\n首次极评价：万能碎片\n过关时有概率获得：\n玄钢链打造书（狂武），凌云珠打造书（逍遥）\n（过关评价越高掉率越高）",
"loading_fodder":"QiGai|JiuGui|DouLiJianKe|XiaoDaoGu|XiaoShuJing",
"boss_name":"大树精",
"skill_rate":0.000,
"collection":"4103|4104",
"collection_rate":0.200
},
{
"id":1205,
"level_id":"2_5",
"level_name":"道观外围2",
"level_lv":25,
"scene_name":"太虚观",
"chapter":"第二章  风流情债游戏一生何为真",
"level_message":"无",
"material":"4104",
"strengthen":"4201",
"book":"33|133",
"book_rate":0.010,
"exp":1794,
"money":312,
"soul":312,
"fodder":"XiaoDaoShi",
"bonus":"评价奖励道具\n丙以上：白色强化石\n乙以上：云锭\n首次极评价：万能碎片\n过关时有概率获得：\n玄钢服打造书（狂武），凌云衣打造书（逍遥）\n（过关评价越高掉率越高）",
"loading_fodder":"JiuGui|DouLiJianKe|XiaoDaoGu|XiaoShuJing|XiaoDaoShi",
"boss_name":"道士",
"skill_rate":0.000,
"collection":"4103|4104",
"collection_rate":0.200
},
{
"id":1206,
"level_id":"2_6",
"level_name":"风流道人",
"level_lv":26,
"scene_name":"太虚观",
"chapter":"第二章  风流情债游戏一生何为真",
"level_message":"无",
"material":"4311|4312|4313",
"strengthen":"4201",
"book":"43|143",
"book_rate":0.010,
"exp":1902,
"money":337,
"soul":337,
"fodder":"FengLiuDaoRen",
"bonus":"评价奖励道具\n丙以上：白色强化石\n乙以上：绿色锦囊“天”、绿色锦囊“地”、绿色锦囊“人”其中一种\n首次极评价：万能碎片\n过关时有概率获得：\n玄钢肩打造书（狂武），凌云肩打造书（逍遥）\n（过关评价越高掉率越高）",
"loading_fodder":"DouLiJianKe|XiaoDaoGu|XiaoShuJing|XiaoDaoShi|FengLiuDaoRen",
"boss_name":"风流道人",
"skill_rate":0.000,
"collection":"4103|4104",
"collection_rate":0.200
},
{
"id":1207,
"level_id":"2_7",
"level_name":"道观大门1",
"level_lv":27,
"scene_name":"太虚观",
"chapter":"第三章  大道难寻浑沌未破入阴阳",
"level_message":"无",
"material":"4103",
"strengthen":"4201",
"book":"3|103",
"book_rate":0.010,
"exp":2013,
"money":363,
"soul":363,
"fodder":"XiaoWuYa",
"bonus":"评价奖励道具\n丙以上：白色强化石\n乙以上：玄钢\n首次极评价：万能碎片\n过关时有概率获得：\n玄钢臂打造书（狂武），凌云扇打造书（逍遥）\n（过关评价越高掉率越高）",
"loading_fodder":"DouLiJianKe|XiaoDaoGu|XiaoShuJing|XiaoDaoShi|XiaoWuYa",
"boss_name":"乌鸦王",
"skill_rate":0.000,
"collection":"4103|4104",
"collection_rate":0.200
},
{
"id":1208,
"level_id":"2_8",
"level_name":"道观大门2",
"level_lv":28,
"scene_name":"太虚观",
"chapter":"第三章  大道难寻浑沌未破入阴阳",
"level_message":"无",
"material":"4104",
"strengthen":"4201",
"book":"53|153",
"book_rate":0.010,
"exp":2127,
"money":390,
"soul":390,
"fodder":"HeiYiCiKe",
"bonus":"评价奖励道具\n丙以上：白色强化石\n乙以上：云锭\n首次极评价：万能碎片\n过关时有概率获得：\n玄钢鞋打造书（狂武），凌云靴打造书（逍遥）\n（过关评价越高掉率越高）",
"loading_fodder":"DouLiJianKe|XiaoDaoGu|XiaoShuJing|XiaoDaoShi|XiaoWuYa|HeiYiCiKe",
"boss_name":"黑衣队长",
"skill_rate":0.000,
"collection":"4103|4104",
"collection_rate":0.200
},
{
"id":1209,
"level_id":"2_9",
"level_name":"阴阳真人",
"level_lv":29,
"scene_name":"太虚观",
"chapter":"第三章  大道难寻浑沌未破入阴阳",
"level_message":"无",
"material":"4311|4312|4313",
"strengthen":"4201",
"book":"13|113",
"book_rate":0.010,
"exp":2244,
"money":418,
"soul":418,
"fodder":"YinYangZhenRen",
"bonus":"评价奖励道具\n丙以上：白色强化石\n乙以上：绿色锦囊“天”、绿色锦囊“地”、绿色锦囊“人”其中一种\n首次极评价：万能碎片\n过关时有概率获得：\n玄钢箍打造书（狂武），凌云冠打造书（逍遥）\n（过关评价越高掉率越高）",
"loading_fodder":"DouLiJianKe|XiaoDaoGu|XiaoShuJing|XiaoDaoShi|XiaoWuYa|HeiYiCiKe|YinYangZhenRen",
"boss_name":"阴阳真人",
"skill_rate":0.000,
"collection":"4103|4104",
"collection_rate":0.200
},
{
"id":1210,
"level_id":"2_10",
"level_name":"太虚地牢1",
"level_lv":30,
"scene_name":"太虚观",
"chapter":"第四章  冥火救赎八卦盘重见天日",
"level_message":"无",
"material":"4103",
"strengthen":"4201",
"book":"无",
"book_rate":0.000,
"exp":2284,
"money":427,
"soul":427,
"fodder":"HeiYiCiKe",
"bonus":"评价奖励道具\n丙以上：白色强化石\n乙以上：玄钢\n首次极评价：万能碎片\n过关时有概率获得：\n技能残卷（培元）\n（过关评价越高掉率越高）",
"loading_fodder":"XiaoDaoGu|XiaoShuJing|XiaoDaoShi|XiaoWuYa|HeiYiCiKe|XiaoHuoMo",
"boss_name":"黑衣队长",
"skill_rate":0.036,
"collection":"4103|4104",
"collection_rate":0.200
},
{
"id":1211,
"level_id":"2_11",
"level_name":"太虚地牢2",
"level_lv":30,
"scene_name":"太虚观",
"chapter":"第四章  冥火救赎八卦盘重见天日",
"level_message":"无",
"material":"4104",
"strengthen":"4201",
"book":"无",
"book_rate":0.000,
"exp":2324,
"money":437,
"soul":437,
"fodder":"XiaoHuoMo",
"bonus":"评价奖励道具\n丙以上：白色强化石\n乙以上：云锭\n首次极评价：万能碎片\n过关时有概率获得：\n技能残卷（培元）\n（过关评价越高掉率越高）",
"loading_fodder":"XiaoDaoGu|XiaoShuJing|XiaoDaoShi|XiaoWuYa|HeiYiCiKe|XiaoHuoMo",
"boss_name":"小火魔",
"skill_rate":0.075,
"collection":"4103|4104",
"collection_rate":0.200
},
{
"id":1212,
"level_id":"2_12",
"level_name":"冥火焚身",
"level_lv":30,
"scene_name":"太虚观",
"chapter":"第四章  冥火救赎八卦盘重见天日",
"level_message":"无",
"material":"4311|4312|4313",
"strengthen":"4201",
"book":"无",
"book_rate":0.000,
"exp":2364,
"money":447,
"soul":447,
"fodder":"MingHuoFenShen",
"bonus":"评价奖励道具\n丙以上：白色强化石\n乙以上：绿色锦囊“天”、绿色锦囊“地”、绿色锦囊“人”其中一种\n首次极评价：万能碎片\n过关时有概率获得：\n技能残卷（培元）\n（过关评价越高掉率越高）",
"loading_fodder":"XiaoDaoGu|XiaoShuJing|XiaoDaoShi|XiaoWuYa|HeiYiCiKe|XiaoHuoMo|MingHuoFenShen",
"boss_name":"冥火焚身",
"skill_rate":0.150,
"collection":"4103|4104",
"collection_rate":0.200
}
]
}
