{
"RECORDS":[
{
"id":1001,
"lv":1,
"mission_name":"初出江湖",
"mission_rules_level":"1_1",
"mission_rules":"通关墨竹林“竹林小径1”",
"mission_description":"当今武林，危机又起。无相使者以绝死印横扫武林，欲寻出十大至宝以解邪魔封印。昨日听闻南镇墨竹林有至宝下落，何不一探究竟？！",
"equipment":"1001|2001",
"item":"6201",
"item_number":"1",
"gold":1000,
"soul":1000,
"exp":1610,
"newFunction":"技能",
"evaluation":0
},
{
"id":1002,
"lv":3,
"mission_name":"竹林探秘",
"mission_rules_level":"1_2",
"mission_rules":"通关墨竹林“竹林小径2”",
"mission_description":"林中起剑舞，舞罢点山河。削得修竹入云劲，笔下墨飞透层林。但见怪乞持杖走，虬髯大汉抱春缪。哈哈，有趣的紧！看谁能阻我路乎？",
"equipment":"1201|2201",
"item":"6201",
"item_number":"1",
"gold":1020,
"soul":1020,
"exp":3700,
"newFunction":"礼包",
"evaluation":0
},
{
"id":1003,
"lv":5,
"mission_name":"之乎者也",
"mission_rules_level":"1_3",
"mission_rules":"通关墨竹林“十方秀才”",
"mission_description":"十方秀才，数度不第，入草莽。自恃甚高，心胸狭窄，尖酸刻薄，擅下黑手。其仇敌多莫名惨死，死状可怖。哼，仗义每多屠狗辈，负心多是读书人，打他！",
"equipment":"1301|2301",
"item":"6201",
"item_number":"1",
"gold":1040,
"soul":1040,
"exp":5000,
"newFunction":"精英副本",
"evaluation":0
},
{
"id":1004,
"lv":7,
"mission_name":"真正实力",
"mission_rules_level":"1_1_1",
"mission_rules":"通关精英墨竹林“精英十方秀才”",
"mission_description":"某早惯收战帖，可这帖子...“我本一介书生，武艺冠绝而不轻易示外，故无人知晓。那日一战，见猎心喜，当此月黑风高夜，林中不战心难休，来战！”",
"equipment":"0",
"item":"9001|6001",
"item_number":"25|1",
"gold":1060,
"soul":1060,
"exp":6200,
"newFunction":"召唤，附体",
"evaluation":0
},
{
"id":1005,
"lv":8,
"mission_name":"收集锦囊",
"mission_rules_level":"1_3",
"mission_rules":"通关墨竹林“十方秀才”",
"mission_description":"十方秀才数度大放厥词，言语狂妄，并言若能再败其一阵，必有异宝奉上。武林至宝来得这么不费功夫么，天下哪有此等好事？这厮诳某做甚？且去瞧瞧。",
"equipment":"1101|2101",
"item":"6202",
"item_number":"1",
"gold":1080,
"soul":1080,
"exp":7600,
"newFunction":"BOSS升级",
"evaluation":0
},
{
"id":1006,
"lv":9,
"mission_name":"翠湖强盗",
"mission_rules_level":"1_4",
"mission_rules":"通关墨竹林“竹林翠湖1”",
"mission_description":"“大爷家父欧冶子，自小无他只胆豪。披甲挎刀寒光耀，见爷何人不求饶！”石碑上写的啥玩意？自传体？恩…这强盗原是铁匠的儿子？有点意思…",
"equipment":"1401|2401",
"item":"4201",
"item_number":"20",
"gold":1100,
"soul":1100,
"exp":9400,
"newFunction":"强化",
"evaluation":0
},
{
"id":1007,
"lv":10,
"mission_name":"收集铁竹",
"mission_rules_level":"1_4",
"mission_rules":"通关墨竹林“竹林翠湖1”\n\n并获得     或以上评价",
"mission_description":"千年墨竹林潇潇，唯此林方可育出铁竹。铁竹之名动天下，其质有竹之韧，而坚如钢！若以此为兵器，则坚韧无双。既有缘来此，当多寻觅，为我所用。",
"equipment":"1501|2501",
"item":"4101",
"item_number":"30",
"gold":1100,
"soul":1100,
"exp":11400,
"newFunction":"自动战斗",
"evaluation":2
},
{
"id":1008,
"lv":11,
"mission_name":"蛤蟆天鹅",
"mission_rules_level":"1_5",
"mission_rules":"通关墨竹林“竹林翠湖2”",
"mission_description":"翠湖多蟾蜍，夏夜处处蛙。此间人知某寻至宝，呼“敢打俺仙女姊姊主意，定要戮力屠之！”竟呱呱大叫而来！定睛观之，全不似人，为蟾蜍妖！",
"equipment":"22|122",
"item":"4102",
"item_number":"30",
"gold":1200,
"soul":1200,
"exp":13800,
"newFunction":"打造",
"evaluation":0
},
{
"id":1009,
"lv":12,
"mission_name":"收集翠藤",
"mission_rules_level":"1_5",
"mission_rules":"通关墨竹林“竹林翠湖2”\n\n并获得     或以上评价",
"mission_description":"江湖前辈言，墨竹之翠藤，杀人只一瞬！虽细碎，而刀斩难断，不可小觑。又闻集此翠藤可制神兵，然江湖传言，不知真假。唯有一试，方辨真伪。",
"equipment":"0",
"item":"4102|4101",
"item_number":"10|10",
"gold":1200,
"soul":1200,
"exp":16400,
"newFunction":"在线",
"evaluation":2
},
{
"id":1010,
"lv":13,
"mission_name":"碧池倩影",
"mission_rules_level":"1_6",
"mission_rules":"通关墨竹林“碧池夫人”",
"mission_description":"春雨春风春草绿，春日春游行。翠池畔，蛙长鸣。轻歌卷水袖，曼舞如莲行。只知碧池美如玉，婉转引得郎君戏。依稀嘘，谁家旧人掩面泣。",
"equipment":"0",
"item":"6201|4201",
"item_number":"1|10",
"gold":1300,
"soul":1300,
"exp":19200,
"newFunction":"签到",
"evaluation":0
},
{
"id":1011,
"lv":14,
"mission_name":"夜夜笙歌",
"mission_rules_level":"1_2_1",
"mission_rules":"通关精英墨竹林“精英碧池夫人”",
"mission_description":"“奴奴是良家女儿，长隔于世。见君方知世间竟有如此人物风流！故备墨竹淡酒两杯，若不弃粗陋，愿与君同醉碧池畔，听奴奴歌一曲水露杨花荫。”",
"equipment":"0",
"item":"9002|4201",
"item_number":"25|10",
"gold":1300,
"soul":1300,
"exp":24000,
"newFunction":"援护",
"evaluation":0
},
{
"id":1012,
"lv":15,
"mission_name":"墨竹剑客",
"mission_rules_level":"1_7",
"mission_rules":"通关墨竹林“竹林深处1”",
"mission_description":"总角勤学苦，弱冠有锋芒。狂妄拼意气，大祸而立年。妻子俱分散，无家问生死。常遮蓑笠面，无颜示人前。言罢长叹息，风入竹林间。",
"equipment":"0",
"item":"6201|4201",
"item_number":"1|10",
"gold":1400,
"soul":1400,
"exp":28000,
"newFunction":"奇遇",
"evaluation":0
},
{
"id":1013,
"lv":16,
"mission_name":"竹取物语",
"mission_rules_level":"1_7",
"mission_rules":"通关墨竹林“竹林深处1”\n\n并获得     或以上评价",
"mission_description":"不知谁家女，幼弃修墨篁。及笄绝代佳，幽居墨竹南。皓如皎辉涌，盈袖尽暖香。寒镜凝纤影，舒窈如孤光。才名动南镇，蜂蝶欲见狂。",
"equipment":"0",
"item":"4101|4201",
"item_number":"10|10",
"gold":1400,
"soul":1400,
"exp":34000,
"newFunction":"双倍",
"evaluation":2
},
{
"id":1014,
"lv":17,
"mission_name":"神秘黑影",
"mission_rules_level":"1_8",
"mission_rules":"通关墨竹林“竹林深处2”",
"mission_description":"近常感有人远缀于身后，灰衣覆面迤迤而行，冷眼窥伺，意有所图，似是无相魔使。寻宝之事本为某一时兴起，竟惹来魔使，莫非竹林内真藏异宝？",
"equipment":"0",
"item":"6201|4201",
"item_number":"1|10",
"gold":1500,
"soul":1500,
"exp":42000,
"newFunction":"黑市",
"evaluation":0
},
{
"id":1015,
"lv":18,
"mission_name":"降妖除恶",
"mission_rules_level":"1_8",
"mission_rules":"通关墨竹林“竹林深处2”\n\n并获得     或以上评价",
"mission_description":"绝死印，无相天尊绝技。平日无迹可循，然诡丝绕缚八脉，使人如傀儡。若丝线紧勒，则经脉齐爆！无相天尊魔使携绝死印驭法，再现江湖，豪杰悚然！",
"equipment":"0",
"item":"4102|4201",
"item_number":"10|10",
"gold":1500,
"soul":1500,
"exp":52000,
"newFunction":"0",
"evaluation":1
},
{
"id":1016,
"lv":19,
"mission_name":"此路不通",
"mission_rules_level":"1_9",
"mission_rules":"通关墨竹林“不通老人”",
"mission_description":"“什么狗屁不通至宝？没有。”“黄口小儿，狗屁不通，看掌！”“年事见长，处事糊涂？狗屁不通！至宝？打赢老子再告诉你！这老子说的算，谁也不能过！”",
"equipment":"0",
"item":"6201|4201",
"item_number":"1|10",
"gold":1600,
"soul":1600,
"exp":62000,
"newFunction":"PK",
"evaluation":0
},
{
"id":1017,
"lv":20,
"mission_name":"墨竹之谜",
"mission_rules_level":"1_3_1",
"mission_rules":"通关精英墨竹林“精英不通老人”",
"mission_description":"“贵庚？贵？狗屁不通！老子又不卖！太虚观那狗屁不通老道才贵！”“哟嗬，至宝？老子就是不告诉你，来练练，老子正好手痒！有本事再赢老子一场！”",
"equipment":"0",
"item":"9003|4201",
"item_number":"20|10",
"gold":1600,
"soul":1600,
"exp":63000,
"newFunction":"0",
"evaluation":0
},
{
"id":1018,
"lv":21,
"mission_name":"云游太虚",
"mission_rules_level":"2_1",
"mission_rules":"通关太虚观“环山小道1”",
"mission_description":"峰悬云过树，日斜映晴川。灵蕴松苔盛，信步太虚峰。一壶酒，两三棵松，四五闲鸟鸣。半倚老石赏兰草，雾断栈道听古钟。",
"equipment":"0",
"item":"6201|4201",
"item_number":"1|10",
"gold":1700,
"soul":1700,
"exp":64000,
"newFunction":"0",
"evaluation":0
},
{
"id":1019,
"lv":22,
"mission_name":"红尘滚滚",
"mission_rules_level":"2_2",
"mission_rules":"通关太虚观“环山小道2”",
"mission_description":"自小观内习修仙，师父上下讳红莲。木簪绾发年二八，贫道从来不戴花。旦扫山亭心自喜，暮随飞鸟归巢间。世事痴缠怨儿女，怎如清净小道姑。",
"equipment":"0",
"item":"6201|4201",
"item_number":"1|10",
"gold":1800,
"soul":1800,
"exp":65000,
"newFunction":"0",
"evaluation":0
},
{
"id":1020,
"lv":23,
"mission_name":"无情红莲",
"mission_rules_level":"2_3",
"mission_rules":"通关太虚观“红莲散人”",
"mission_description":"人亡如灯灭，心死仇始燃。遂将无限恨，尽焚无情郎。焰开如莲绽，烈光遍八方。东西与南北，看尔何躲藏！",
"equipment":"0",
"item":"6201|4201",
"item_number":"1|10",
"gold":1900,
"soul":1900,
"exp":66000,
"newFunction":"0",
"evaluation":0
},
{
"id":1021,
"lv":24,
"mission_name":"地灵树精",
"mission_rules_level":"2_4",
"mission_rules":"通关太虚观“道观外围1”",
"mission_description":"盘古神君开天地，混沌起峰名太虚。千载日月灵草木，云泽雾润出异禽。木有精怪藏中央，生性疲赖喜暖阳。若使无意轻动弹，莫怨此怪怒四方。",
"equipment":"0",
"item":"6201|4201",
"item_number":"1|10",
"gold":2000,
"soul":2000,
"exp":67000,
"newFunction":"0",
"evaluation":0
},
{
"id":1022,
"lv":25,
"mission_name":"非常之道",
"mission_rules_level":"2_5",
"mission_rules":"通关太虚观“道观外围2”",
"mission_description":"风流教我道德经，日日佩剑习太极。晨起诵罢清音毕，师兄唤吾打酒去。青钱一串藏布兜，叮当作响叫人愁。若被师父知晓去，一壶能剩半壶否?",
"equipment":"0",
"item":"6201|4201",
"item_number":"1|10",
"gold":2100,
"soul":2100,
"exp":68000,
"newFunction":"0",
"evaluation":0
},
{
"id":1023,
"lv":26,
"mission_name":"多情浪子",
"mission_rules_level":"2_6",
"mission_rules":"通关太虚观“风流道人”",
"mission_description":"最喜胭脂色，生在富贵家。红莲性如火，碧池眼横波。为避仇敌煞，披袍羽士家。惊知遇旧识，柔情变罗刹。失则再不回，仇目空相对。",
"equipment":"0",
"item":"6201|4201",
"item_number":"1|10",
"gold":2200,
"soul":2200,
"exp":69000,
"newFunction":"0",
"evaluation":0
},
{
"id":1024,
"lv":27,
"mission_name":"乌鹊南飞",
"mission_rules_level":"2_7",
"mission_rules":"通关太虚观“道观大门1”",
"mission_description":"天生黑翼羽，名唤乌鸦王。赤眼金嘴喙，乌爪银钩刚。一扇七八里，山中何猖狂。展翼五六尺，家居太虚观。呱呱每自夸，何烦，该打！",
"equipment":"0",
"item":"6201|4201",
"item_number":"1|10",
"gold":2300,
"soul":2300,
"exp":70000,
"newFunction":"0",
"evaluation":0
},
{
"id":1025,
"lv":28,
"mission_name":"太虚阴影",
"mission_rules_level":"2_8",
"mission_rules":"通关太虚观“道观大门2”",
"mission_description":"八卦盘何在？小道姑，一无所知；红莲道，缄口不言。乌鸦只乱叫，树妖终日眠。更有风流老道，好自夸；黑衣使者，又相随！何耶？来必只为八卦盘！",
"equipment":"0",
"item":"6201|4201",
"item_number":"1|10",
"gold":2400,
"soul":2400,
"exp":71000,
"newFunction":"0",
"evaluation":0
},
{
"id":1026,
"lv":29,
"mission_name":"混沌无极",
"mission_rules_level":"2_9",
"mission_rules":"通关太虚观“阴阳真人”",
"mission_description":"曾义江湖行，又因江湖去。此生过半载，万化见于心。大道寻怎易，苦悟不了情。遂入太虚观，身守八卦盘。常思断怨日，怕是西去时。",
"equipment":"0",
"item":"6201|4201",
"item_number":"1|10",
"gold":2500,
"soul":2500,
"exp":72000,
"newFunction":"0",
"evaluation":0
},
{
"id":1027,
"lv":30,
"mission_name":"重修之书",
"mission_rules_level":"2_3_1",
"mission_rules":"通关精英太虚观“精英阴阳真人”",
"mission_description":"“舌抵上腭自生津，神水三咽入丹田，气随心转九重天，百脉调匀息自平。心化血，肾生津，百骸调畅，可修新得。”\n               —重修之书，第一章",
"equipment":"0",
"item":"6203|4201",
"item_number":"1|10",
"gold":2600,
"soul":2600,
"exp":73000,
"newFunction":"0",
"evaluation":0
},
{
"id":1028,
"lv":31,
"mission_name":"未完待续",
"mission_rules_level":"0",
"mission_rules":"无",
"mission_description":"重山之后，万恶横行，深谷炙热，万分凶险。",
"equipment":"0",
"item":"0",
"item_number":"0",
"gold":0,
"soul":0,
"exp":0,
"newFunction":"0",
"evaluation":0
}
]
}
