{
"RECORDS":[
{
"lv":1,
"exp":80,
"dailyexp":0,
"dailygold":0,
"dailysoul":0
},
{
"lv":2,
"exp":770,
"dailyexp":0,
"dailygold":0,
"dailysoul":0
},
{
"lv":3,
"exp":1832,
"dailyexp":0,
"dailygold":0,
"dailysoul":0
},
{
"lv":4,
"exp":3365,
"dailyexp":0,
"dailygold":0,
"dailysoul":0
},
{
"lv":5,
"exp":5741,
"dailyexp":0,
"dailygold":0,
"dailysoul":0
},
{
"lv":6,
"exp":9173,
"dailyexp":0,
"dailygold":0,
"dailysoul":0
},
{
"lv":7,
"exp":13892,
"dailyexp":0,
"dailygold":0,
"dailysoul":0
},
{
"lv":8,
"exp":20147,
"dailyexp":0,
"dailygold":0,
"dailysoul":0
},
{
"lv":9,
"exp":28679,
"dailyexp":0,
"dailygold":0,
"dailysoul":0
},
{
"lv":10,
"exp":39893,
"dailyexp":0,
"dailygold":0,
"dailysoul":0
},
{
"lv":11,
"exp":54221,
"dailyexp":0,
"dailygold":0,
"dailysoul":0
},
{
"lv":12,
"exp":72122,
"dailyexp":0,
"dailygold":0,
"dailysoul":0
},
{
"lv":13,
"exp":94082,
"dailyexp":0,
"dailygold":0,
"dailysoul":0
},
{
"lv":14,
"exp":120614,
"dailyexp":0,
"dailygold":0,
"dailysoul":0
},
{
"lv":15,
"exp":153137,
"dailyexp":1800,
"dailygold":200,
"dailysoul":200
},
{
"lv":16,
"exp":193331,
"dailyexp":2000,
"dailygold":215,
"dailysoul":215
},
{
"lv":17,
"exp":242117,
"dailyexp":2240,
"dailygold":250,
"dailysoul":250
},
{
"lv":18,
"exp":304949,
"dailyexp":2500,
"dailygold":280,
"dailysoul":280
},
{
"lv":19,
"exp":388370,
"dailyexp":2830,
"dailygold":370,
"dailysoul":370
},
{
"lv":20,
"exp":494888,
"dailyexp":3200,
"dailygold":440,
"dailysoul":440
},
{
"lv":21,
"exp":627128,
"dailyexp":3960,
"dailygold":500,
"dailysoul":500
},
{
"lv":22,
"exp":787832,
"dailyexp":4820,
"dailygold":630,
"dailysoul":630
},
{
"lv":23,
"exp":970337,
"dailyexp":5470,
"dailygold":787,
"dailysoul":787
},
{
"lv":24,
"exp":1173017,
"dailyexp":6080,
"dailygold":915,
"dailysoul":915
},
{
"lv":25,
"exp":1397267,
"dailyexp":6730,
"dailygold":1035,
"dailysoul":1035
},
{
"lv":26,
"exp":1644527,
"dailyexp":7400,
"dailygold":1170,
"dailysoul":1170
},
{
"lv":27,
"exp":1916282,
"dailyexp":8150,
"dailygold":1314,
"dailysoul":1314
},
{
"lv":28,
"exp":2214062,
"dailyexp":8900,
"dailygold":1470,
"dailysoul":1470
},
{
"lv":29,
"exp":2539442,
"dailyexp":9700,
"dailygold":1630,
"dailysoul":1630
},
{
"lv":30,
"exp":2917682,
"dailyexp":10630,
"dailygold":1818,
"dailysoul":1818
},
{
"lv":31,
"exp":3340472,
"dailyexp":11500,
"dailygold":2010,
"dailysoul":2010
}
]
}