{
	"start" :{
		"type" : "word",
		"callback" : "firstFight"
	},

	"firstFight" :{
		"type" : "fight",
		"callback" : "secondFight",

		"judge" :{
			"HpConditionLower" : 0.5
		},

		"transfer" :{
			"ai" : "baseBossAi",
			"NoneCallback" : 1
		}
	},

	"secondFight" :{
		"type" : "fight",
		"callback" : "thirdFight",

		"judge" :{
			"NoneCallback" : 0
		},

		"transfer" :{
			"ai" : "baseBossJianMoWangHunOneAi",
			"ReleaseSkill" : 32
		}
	},

	"secondAction" :{
		"type" : "word",
		"status" : "invincible",
		"callback" : "secondFight",

		"0" :{
			"status" : "invincible",
			"DialogBase" : "boss|ertsdft"
		}
	},

	"thirdAction" :{
		"type" : "word",
		"status" : "lock",
		"callback" : "thirdAction",

		"0" :{
			"status" : "invincible",
			"DialogBase" : "boss|1246"
		}
	}

}
