{
	"start" :{
		"type" : "word",
		"callback" : "firstFight"
	},

	"firstFight" :{
		"type" : "fight",
		"callback" : "secondAction",

		"judge" :{
			"NoneCallback" : 0
		},

		"transfer" :{
			"ai" : "baseEliteAi",
			"ReleaseSkill" : 31
		}
	},

	"secondFight" :{
		"type" : "fight",
		"callback" : "thirdAction",

		"judge" :{
			"HpConditionLower" : 100
		}
	},

	"secondAction" :{
		"type" : "word",
		"status" : "invincible",
		"callback" : "secondFight",

		"0" :{
			"status" : "invincible",
			"DialogBase" : "boss|ertsdft"
		}
	},

	"thirdAction" :{
		"type" : "word",
		"status" : "lock",
		"callback" : "thirdAction",

		"0" :{
			"status" : "invincible",
			"DialogBase" : "boss|31"
		}
	}

}
