﻿{
"RECORDS":[
{
"id":6001,
"name":"10级礼包",
"message":"造梦江湖2，10级成长礼包，使用可获得奖励：\n铁竹×10、翠藤×10、白色强化石×10、金钱×1000、战魂×1000、20级礼包×1。",
"type":"礼包"
},
{
"id":6002,
"name":"20级礼包",
"message":"造梦江湖2，20级成长礼包，使用可获得奖励：\n玄钢×15、云锭×15、白色强化石×15、白色锦囊“天”×15、白色锦囊“地”×15、白色锦囊“人”×15、30级礼包×1。",
"type":"礼包"
},
{
"id":6003,
"name":"30级礼包",
"message":"造梦江湖2，30级成长礼包，使用可获得奖励：\n雷石×20、赤火×20、白色强化石×20、绿色令牌×20、金钱×2000、战魂×2000、40级礼包×1。",
"type":"礼包"
},
{
"id":6004,
"name":"40级礼包",
"message":"造梦江湖2，40级成长礼包，使用可获得奖励：\n碧玉×25、浮土×25、绿色强化石×25、绿色锦囊“天”×25、绿色锦囊“地”×25、绿色锦囊“人”×25、50级礼包×1。",
"type":"礼包"
},
{
"id":6005,
"name":"50级礼包",
"message":"造梦江湖2，50级成长礼包，使用可获得奖励：\n星砾×30、水晶×30、绿色强化石×30、蓝色令牌×30、金钱×3000、战魂×3000、60级礼包×1。",
"type":"礼包"
},
{
"id":6006,
"name":"60级礼包",
"message":"造梦江湖2，60级成长礼包，使用可获得奖励：\n佛珠×35、凡尘×35、蓝色强化石×35、蓝色锦囊“天”×35、蓝色锦囊“地”×35、蓝色锦囊“人”×35、70级礼包×1。",
"type":"礼包"
},
{
"id":6007,
"name":"70级礼包",
"message":"造梦江湖2，70级成长礼包，使用可获得奖励：\n时沙×40、古铜×40、蓝色强化石×40、紫色令牌×40、金钱×4000、战魂×4000、80级礼包×1。",
"type":"礼包"
},
{
"id":6008,
"name":"80级礼包",
"message":"造梦江湖2，80级成长礼包，使用可获得奖励：\n沉木×45、虎胆×45、紫色强化石×45、紫色锦囊“天”×45、紫色锦囊“地”×45、紫色锦囊“人”×45、90级礼包×1。",
"type":"礼包"
},
{
"id":6009,
"name":"90级礼包",
"message":"造梦江湖2，90级成长礼包，使用可获得奖励：\n乌纱×50、鬼钉×50、紫色强化石×50、金钱×5000、战魂×5000、100级礼包×1。",
"type":"礼包"
},
{
"id":6010,
"name":"100级礼包",
"message":"造梦江湖2，100级成长礼包，使用可获得奖励：。",
"type":"礼包"
},
{
"id":6011,
"name":"110级礼包",
"message":"造梦江湖2，110级成长礼包，使用可获得奖励：×、。",
"type":"礼包"
},
{
"id":6012,
"name":"120级礼包",
"message":"造梦江湖2，120级成长礼包，使用可获得奖励：×、。",
"type":"礼包"
},
{
"id":6013,
"name":"130级礼包",
"message":"造梦江湖2，130级成长礼包，使用可获得奖励：×、。",
"type":"礼包"
},
{
"id":6014,
"name":"140级礼包",
"message":"造梦江湖2，140级成长礼包，使用可获得奖励：×、。",
"type":"礼包"
},
{
"id":6015,
"name":"150级礼包",
"message":"造梦江湖2，150级成长礼包，使用可获得奖励：×、。买。",
"type":"礼包"
},
{
"id":6016,
"name":"160级礼包",
"message":"造梦江湖2，160级成长礼包，使用可获得奖励：×、。",
"type":"礼包"
},
{
"id":6017,
"name":"170级礼包",
"message":"造梦江湖2，170级成长礼包，使用可获得奖励：×、。",
"type":"礼包"
},
{
"id":6018,
"name":"180级礼包",
"message":"造梦江湖2，180级成长礼包，使用可获得奖励：×、。",
"type":"礼包"
},
{
"id":6019,
"name":"190级礼包",
"message":"造梦江湖2，190级成长礼包，使用可获得奖励：×、。",
"type":"礼包"
},
{
"id":6020,
"name":"200级礼包",
"message":"造梦江湖2，200级成长礼包，使用可获得奖励：×、。",
"type":"礼包"
},
{
"id":6021,
"name":"新手礼包",
"message":"造梦江湖2新手礼包，使用可获得奖励：\n白色强化石×10、铁竹×10、翠藤×10、金钱×1000、战魂×1000。",
"type":"礼包"
},
{
"id":6022,
"name":"江湖礼包",
"message":"造梦江湖2江湖礼包，积分兑换，使用可获得奖励：\n白色强化石×20、铁竹×10、翠藤×10、金钱×2000、战魂×2000。",
"type":"礼包"
},
{
"id":6023,
"name":"贵族礼包",
"message":"造梦江湖2贵族礼包，积分兑换，使用可获得奖励：\n绿色强化石×10、绿色令牌×10、玄钢×20、云锭×20、金钱×5000、战魂×5000。",
"type":"礼包"
},
{
"id":6024,
"name":"回归礼包",
"message":"造梦江湖2回归礼包，使用可获得奖励：\n白色强化石×10、绿色令牌×10、重修之书×1、金钱×1000、战魂×1000。",
"type":"礼包"
},
{
"id":6051,
"name":"新春礼包",
"message":"造梦江湖2新春礼包，使用可获得奖励：。",
"type":"礼包"
},
{
"id":6052,
"name":"情人节礼包",
"message":"造梦江湖2情人节礼包，使用可获得奖励：。",
"type":"礼包"
},
{
"id":6053,
"name":"清明礼包",
"message":"造梦江湖2清明礼包，使用可获得奖励：。",
"type":"礼包"
},
{
"id":6054,
"name":"五一劳动礼包",
"message":"造梦江湖2五一劳动礼包，积分兑换，使用可获得奖励：\n白色强化石×10、绿色强化石×10、铁竹×10、翠藤×10、玄钢×10、云锭×10、金钱×2000、战魂×2000",
"type":"礼包"
},
{
"id":6055,
"name":"六一礼包",
"message":"造梦江湖2六一礼包，使用可获得奖励：。",
"type":"礼包"
},
{
"id":6056,
"name":"端午礼包",
"message":"造梦江湖2端午礼包，使用可获得奖励：骰子×100、强化石×10、60级蓝色装备一套。",
"type":"礼包"
},
{
"id":6057,
"name":"暑假礼包",
"message":"造梦江湖2暑假礼包，使用可获得奖励：骰子×100、强化石×10、60级蓝色装备一套。",
"type":"礼包"
},
{
"id":6058,
"name":"七夕礼包",
"message":"造梦江湖2七夕礼包，使用可获得奖励：骰子×100、强化石×10、60级蓝色装备一套。",
"type":"礼包"
},
{
"id":6059,
"name":"双节礼包",
"message":"造梦江湖2双节礼包，使用可获得奖励：骰子×100、强化石×10、60级蓝色装备一套。",
"type":"礼包"
},
{
"id":6060,
"name":"中秋礼包",
"message":"造梦江湖2中秋礼包，使用可获得奖励：骰子×100、强化石×10、60级蓝色装备一套。",
"type":"礼包"
},
{
"id":6061,
"name":"国庆礼包",
"message":"造梦江湖2国庆礼包，使用可获得奖励：骰子×100、强化石×10、60级蓝色装备一套。",
"type":"礼包"
},
{
"id":6062,
"name":"感恩礼包",
"message":"造梦江湖2感恩礼包，使用可获得奖励：骰子×100、强化石×10、60级蓝色装备一套。",
"type":"礼包"
},
{
"id":6063,
"name":"圣诞礼包",
"message":"造梦江湖2圣诞礼包，使用可获得奖励：骰子×100、强化石×10、60级蓝色装备一套。",
"type":"礼包"
},
{
"id":6064,
"name":"元旦礼包",
"message":"造梦江湖2元旦礼包，使用可获得奖励：",
"type":"礼包"
},
{
"id":6065,
"name":"开服礼包",
"message":"造梦江湖2开服礼包，使用可获得奖励：\n白色强化石×10、白色锦囊“天”×10、白色锦囊“地”×10、白色锦囊“人”×10、金钱×1000、战魂×1000。",
"type":"道具卡"
},
{
"id":6101,
"name":"人品卡",
"message":"使用后在接下来的30次过关后获得特殊道具的概率大大提高（打造书或技能残卷等等）。",
"type":"道具卡"
},
{
"id":6102,
"name":"双倍卡",
"message":"使用后在接下来的30次过关后可以获得双倍的经验、金钱和战魂。（可与双倍副本效果叠加）。",
"type":"道具卡"
},
{
"id":6103,
"name":"高手卡",
"message":"使用后在接下来的30次战斗会有高手附体！使用自动战斗将变成高手模式，BOSS战时可以自动战斗，可以自动重复打同一个关卡，并且过关后获得经验，金钱和战魂都增加50%。（自动战斗10级任务完成开启）",
"type":"道具卡"
},
{
"id":6201,
"name":"复活币",
"message":"神秘而又强大的金币，使用后可以使人起死回生！",
"type":"道具"
},
{
"id":6202,
"name":"锦囊宝盒",
"message":"藏有锦囊宝盒，使用可获得：\n白色锦囊“天”×10、白色锦囊“地”×10、白色锦囊“人”×10。",
"type":"道具"
},
{
"id":6203,
"name":"重修之书",
"message":"使用后可以取消当前学过的技能，可以重新选择技能修炼。“舌抵上腭自生津，神水三咽入丹田，气随心转九重天，百脉调匀息自平。”",
"type":"道具"
},
{
"id":6204,
"name":"刷新券",
"message":"可以用来刷新黑市和精英副本的特殊道具。（极为珍贵的道具）",
"type":"道具"
},
{
"id":6205,
"name":"万能钥匙",
"message":"可以用来解锁背包的格子，打开各种宝箱。（极为珍贵的道具）",
"type":"道具"
},
{
"id":6206,
"name":"铜钥匙",
"message":"可以用打开铜制宝箱。",
"type":"道具"
},
{
"id":6080,
"name":"VIP1礼包",
"message":"VIP1礼包，获得奖励：\n白色强化石×10、锦囊宝盒×1、金钱×1000、战魂×1000。",
"type":"礼包"
},
{
"id":6081,
"name":"VIP2礼包",
"message":"VIP2礼包，获得奖励：\n白色强化石×10、锦囊宝盒×1、绿色令牌×5、金钱×2000、战魂×2000。",
"type":"礼包"
},
{
"id":6082,
"name":"VIP3礼包",
"message":"VIP3礼包，获得奖励：\n白色强化石×10、绿色强化石×10、锦囊宝盒×1、绿色令牌×5、金钱×4000、战魂×4000。",
"type":"礼包"
},
{
"id":6090,
"name":"VIP1奖励",
"message":"已达到VIP1级，获得奖励：\n万能钥匙×1、金钱×40000、战魂×40000 。",
"type":"礼包"
},
{
"id":6091,
"name":"VIP2奖励",
"message":"已达到VIP2级，获得奖励：\n复活币×2、金钱×80000、战魂×80000。",
"type":"礼包"
},
{
"id":6092,
"name":"VIP3奖励",
"message":"已达到VIP3级，获得奖励：\n万能碎片×3、金钱×160000、战魂 ×160000。",
"type":"礼包"
}
]
}