﻿{
	"PropertyTips":[
		{"name":"体力","tips":"角色的生命值上限，当角色当前体力为0时，则该角色濒死"},
		{"name":"元气","tips":"角色释放技能时需要消耗的，战斗中元气会慢慢恢复"},
		{"name":"外功","tips":"角色的外功攻击力，数值越高对敌人的外功伤害越大（普通攻击为外功伤害，部分技能是外功伤害）"},
		{"name":"根骨","tips":"角色的外功防御力，数值越高敌人对角色的外功伤害越低"},
		{"name":"内功","tips":"角色的内功攻击力，数值越高对敌人的内功伤害越大（大部分技能是内功伤害）"},
		{"name":"罡气","tips":"角色的内功防御力，数值越高敌人对角色的内功伤害越低"}
	]
}