{
"RECORDS":[
{
"id":4101,
"name":"铁竹",
"number":1,
"gold":3000,
"recommend":0
},
{
"id":4102,
"name":"翠藤",
"number":1,
"gold":3000,
"recommend":0
},
{
"id":4103,
"name":"玄钢",
"number":1,
"gold":6000,
"recommend":0
},
{
"id":4104,
"name":"云锭",
"number":1,
"gold":6000,
"recommend":0
},
{
"id":2,
"name":"铁竹臂打造书",
"number":1,
"gold":100000,
"recommend":0
},
{
"id":12,
"name":"铁竹箍打造书",
"number":1,
"gold":100000,
"recommend":0
},
{
"id":22,
"name":"铁竹链打造书",
"number":1,
"gold":100000,
"recommend":0
},
{
"id":32,
"name":"铁竹服打造书",
"number":1,
"gold":100000,
"recommend":0
},
{
"id":42,
"name":"铁竹肩打造书",
"number":1,
"gold":100000,
"recommend":0
},
{
"id":52,
"name":"铁竹鞋打造书",
"number":1,
"gold":100000,
"recommend":0
},
{
"id":102,
"name":"君子扇打造书",
"number":1,
"gold":100000,
"recommend":0
},
{
"id":112,
"name":"君子冠打造书",
"number":1,
"gold":100000,
"recommend":0
},
{
"id":122,
"name":"君子珠打造书",
"number":1,
"gold":100000,
"recommend":0
},
{
"id":132,
"name":"君子衣打造书",
"number":1,
"gold":100000,
"recommend":0
},
{
"id":142,
"name":"君子肩打造书",
"number":1,
"gold":100000,
"recommend":0
},
{
"id":152,
"name":"君子靴打造书",
"number":1,
"gold":100000,
"recommend":0
},
{
"id":5001,
"name":"镰刀",
"number":1,
"gold":50,
"recommend":0
},
{
"id":5002,
"name":"矿镐",
"number":1,
"gold":100,
"recommend":0
},
{
"id":5003,
"name":"铁锹",
"number":1,
"gold":150,
"recommend":0
}
]
}