{
"RECORDS":[
{
"id":1,
"name":"狂武",
"hp_rate":260,
"mp_rate":13,
"atk_rate":9,
"def_rate":4,
"ats_rate":6,
"adf_rate":3
},
{
"id":2,
"name":"逍遥",
"hp_rate":175,
"mp_rate":20,
"atk_rate":6,
"def_rate":3,
"ats_rate":9,
"adf_rate":4
},
{
"id":3,
"name":"摩柯",
"hp_rate":175,
"mp_rate":20,
"atk_rate":9,
"def_rate":3,
"ats_rate":9,
"adf_rate":3
},
{
"id":4,
"name":"琅嬛",
"hp_rate":120,
"mp_rate":27,
"atk_rate":12,
"def_rate":2,
"ats_rate":12,
"adf_rate":2
}
]
}