{
"RECORDS":[
{
"id":1,
"strengthen_level":"壹品1级",
"strengthen_stonetype":4201,
"strengthen_stonenumber":1,
"money_add":100
},
{
"id":2,
"strengthen_level":"壹品2级",
"strengthen_stonetype":4201,
"strengthen_stonenumber":1,
"money_add":200
},
{
"id":3,
"strengthen_level":"壹品3级",
"strengthen_stonetype":4201,
"strengthen_stonenumber":2,
"money_add":300
},
{
"id":4,
"strengthen_level":"壹品4级",
"strengthen_stonetype":4201,
"strengthen_stonenumber":2,
"money_add":400
},
{
"id":5,
"strengthen_level":"壹品5级",
"strengthen_stonetype":4201,
"strengthen_stonenumber":3,
"money_add":500
},
{
"id":6,
"strengthen_level":"壹品6级",
"strengthen_stonetype":4201,
"strengthen_stonenumber":3,
"money_add":600
},
{
"id":7,
"strengthen_level":"壹品7级",
"strengthen_stonetype":4201,
"strengthen_stonenumber":4,
"money_add":700
},
{
"id":8,
"strengthen_level":"壹品8级",
"strengthen_stonetype":4201,
"strengthen_stonenumber":4,
"money_add":800
},
{
"id":9,
"strengthen_level":"壹品9级",
"strengthen_stonetype":4201,
"strengthen_stonenumber":5,
"money_add":900
},
{
"id":10,
"strengthen_level":"壹品10级",
"strengthen_stonetype":4201,
"strengthen_stonenumber":5,
"money_add":1070
},
{
"id":11,
"strengthen_level":"贰品1级",
"strengthen_stonetype":4201,
"strengthen_stonenumber":6,
"money_add":1260
},
{
"id":12,
"strengthen_level":"贰品2级",
"strengthen_stonetype":4201,
"strengthen_stonenumber":6,
"money_add":1470
},
{
"id":13,
"strengthen_level":"贰品3级",
"strengthen_stonetype":4201,
"strengthen_stonenumber":7,
"money_add":1700
},
{
"id":14,
"strengthen_level":"贰品4级",
"strengthen_stonetype":4201,
"strengthen_stonenumber":7,
"money_add":1950
},
{
"id":15,
"strengthen_level":"贰品5级",
"strengthen_stonetype":4201,
"strengthen_stonenumber":8,
"money_add":2220
},
{
"id":16,
"strengthen_level":"贰品6级",
"strengthen_stonetype":4201,
"strengthen_stonenumber":8,
"money_add":2510
},
{
"id":17,
"strengthen_level":"贰品7级",
"strengthen_stonetype":4201,
"strengthen_stonenumber":9,
"money_add":2820
},
{
"id":18,
"strengthen_level":"贰品8级",
"strengthen_stonetype":4201,
"strengthen_stonenumber":9,
"money_add":3150
},
{
"id":19,
"strengthen_level":"贰品9级",
"strengthen_stonetype":4201,
"strengthen_stonenumber":10,
"money_add":3500
},
{
"id":20,
"strengthen_level":"贰品10级",
"strengthen_stonetype":4201,
"strengthen_stonenumber":10,
"money_add":3870
},
{
"id":21,
"strengthen_level":"叁品1级",
"strengthen_stonetype":4201,
"strengthen_stonenumber":11,
"money_add":4430
},
{
"id":22,
"strengthen_level":"叁品2级",
"strengthen_stonetype":4201,
"strengthen_stonenumber":12,
"money_add":5020
},
{
"id":23,
"strengthen_level":"叁品3级",
"strengthen_stonetype":4201,
"strengthen_stonenumber":13,
"money_add":5640
},
{
"id":24,
"strengthen_level":"叁品4级",
"strengthen_stonetype":4201,
"strengthen_stonenumber":14,
"money_add":6290
},
{
"id":25,
"strengthen_level":"叁品5级",
"strengthen_stonetype":4201,
"strengthen_stonenumber":15,
"money_add":6970
},
{
"id":26,
"strengthen_level":"叁品6级",
"strengthen_stonetype":4201,
"strengthen_stonenumber":16,
"money_add":7680
},
{
"id":27,
"strengthen_level":"叁品7级",
"strengthen_stonetype":4201,
"strengthen_stonenumber":17,
"money_add":8420
},
{
"id":28,
"strengthen_level":"叁品8级",
"strengthen_stonetype":4201,
"strengthen_stonenumber":18,
"money_add":9190
},
{
"id":29,
"strengthen_level":"叁品9级",
"strengthen_stonetype":4201,
"strengthen_stonenumber":19,
"money_add":9990
},
{
"id":30,
"strengthen_level":"叁品10级",
"strengthen_stonetype":4201,
"strengthen_stonenumber":20,
"money_add":10820
},
{
"id":31,
"strengthen_level":"肆品1级",
"strengthen_stonetype":4202,
"strengthen_stonenumber":4,
"money_add":12100
},
{
"id":32,
"strengthen_level":"肆品2级",
"strengthen_stonetype":4202,
"strengthen_stonenumber":8,
"money_add":13420
},
{
"id":33,
"strengthen_level":"肆品3级",
"strengthen_stonetype":4202,
"strengthen_stonenumber":12,
"money_add":14780
},
{
"id":34,
"strengthen_level":"肆品4级",
"strengthen_stonetype":4202,
"strengthen_stonenumber":16,
"money_add":16180
},
{
"id":35,
"strengthen_level":"肆品5级",
"strengthen_stonetype":4202,
"strengthen_stonenumber":20,
"money_add":17620
},
{
"id":36,
"strengthen_level":"肆品6级",
"strengthen_stonetype":4202,
"strengthen_stonenumber":24,
"money_add":19100
},
{
"id":37,
"strengthen_level":"肆品7级",
"strengthen_stonetype":4202,
"strengthen_stonenumber":28,
"money_add":20620
},
{
"id":38,
"strengthen_level":"肆品8级",
"strengthen_stonetype":4202,
"strengthen_stonenumber":32,
"money_add":22180
},
{
"id":39,
"strengthen_level":"肆品9级",
"strengthen_stonetype":4202,
"strengthen_stonenumber":36,
"money_add":23780
},
{
"id":40,
"strengthen_level":"肆品10级",
"strengthen_stonetype":4202,
"strengthen_stonenumber":40,
"money_add":25420
},
{
"id":41,
"strengthen_level":"伍品1级",
"strengthen_stonetype":4202,
"strengthen_stonenumber":44,
"money_add":27820
},
{
"id":42,
"strengthen_level":"伍品2级",
"strengthen_stonetype":4202,
"strengthen_stonenumber":48,
"money_add":30270
},
{
"id":43,
"strengthen_level":"伍品3级",
"strengthen_stonetype":4202,
"strengthen_stonenumber":52,
"money_add":32770
},
{
"id":44,
"strengthen_level":"伍品4级",
"strengthen_stonetype":4202,
"strengthen_stonenumber":56,
"money_add":35320
},
{
"id":45,
"strengthen_level":"伍品5级",
"strengthen_stonetype":4202,
"strengthen_stonenumber":60,
"money_add":37920
},
{
"id":46,
"strengthen_level":"伍品6级",
"strengthen_stonetype":4202,
"strengthen_stonenumber":64,
"money_add":40570
},
{
"id":47,
"strengthen_level":"伍品7级",
"strengthen_stonetype":4202,
"strengthen_stonenumber":68,
"money_add":43270
},
{
"id":48,
"strengthen_level":"伍品8级",
"strengthen_stonetype":4202,
"strengthen_stonenumber":72,
"money_add":46020
},
{
"id":49,
"strengthen_level":"伍品9级",
"strengthen_stonetype":4202,
"strengthen_stonenumber":76,
"money_add":48820
},
{
"id":50,
"strengthen_level":"伍品10级",
"strengthen_stonetype":4202,
"strengthen_stonenumber":80,
"money_add":51670
},
{
"id":51,
"strengthen_level":"陆品1级",
"strengthen_stonetype":4203,
"strengthen_stonenumber":6,
"money_add":55390
},
{
"id":52,
"strengthen_level":"陆品2级",
"strengthen_stonetype":4203,
"strengthen_stonenumber":12,
"money_add":59170
},
{
"id":53,
"strengthen_level":"陆品3级",
"strengthen_stonetype":4203,
"strengthen_stonenumber":18,
"money_add":63010
},
{
"id":54,
"strengthen_level":"陆品4级",
"strengthen_stonetype":4203,
"strengthen_stonenumber":24,
"money_add":66910
},
{
"id":55,
"strengthen_level":"陆品5级",
"strengthen_stonetype":4203,
"strengthen_stonenumber":30,
"money_add":70870
},
{
"id":56,
"strengthen_level":"陆品6级",
"strengthen_stonetype":4203,
"strengthen_stonenumber":36,
"money_add":74890
},
{
"id":57,
"strengthen_level":"陆品7级",
"strengthen_stonetype":4203,
"strengthen_stonenumber":42,
"money_add":78970
},
{
"id":58,
"strengthen_level":"陆品8级",
"strengthen_stonetype":4203,
"strengthen_stonenumber":48,
"money_add":83110
},
{
"id":59,
"strengthen_level":"陆品9级",
"strengthen_stonetype":4203,
"strengthen_stonenumber":54,
"money_add":87310
},
{
"id":60,
"strengthen_level":"陆品10级",
"strengthen_stonetype":4203,
"strengthen_stonenumber":60,
"money_add":91570
},
{
"id":61,
"strengthen_level":"柒品1级",
"strengthen_stonetype":4203,
"strengthen_stonenumber":66,
"money_add":96810
},
{
"id":62,
"strengthen_level":"柒品2级",
"strengthen_stonetype":4203,
"strengthen_stonenumber":72,
"money_add":102120
},
{
"id":63,
"strengthen_level":"柒品3级",
"strengthen_stonetype":4203,
"strengthen_stonenumber":78,
"money_add":107500
},
{
"id":64,
"strengthen_level":"柒品4级",
"strengthen_stonetype":4203,
"strengthen_stonenumber":84,
"money_add":112950
},
{
"id":65,
"strengthen_level":"柒品5级",
"strengthen_stonetype":4203,
"strengthen_stonenumber":90,
"money_add":118470
},
{
"id":66,
"strengthen_level":"柒品6级",
"strengthen_stonetype":4203,
"strengthen_stonenumber":96,
"money_add":124060
},
{
"id":67,
"strengthen_level":"柒品7级",
"strengthen_stonetype":4203,
"strengthen_stonenumber":102,
"money_add":129720
},
{
"id":68,
"strengthen_level":"柒品8级",
"strengthen_stonetype":4203,
"strengthen_stonenumber":108,
"money_add":135450
},
{
"id":69,
"strengthen_level":"柒品9级",
"strengthen_stonetype":4203,
"strengthen_stonenumber":114,
"money_add":141250
},
{
"id":70,
"strengthen_level":"柒品10级",
"strengthen_stonetype":4203,
"strengthen_stonenumber":120,
"money_add":147120
},
{
"id":71,
"strengthen_level":"捌品1级",
"strengthen_stonetype":4204,
"strengthen_stonenumber":8,
"money_add":154080
},
{
"id":72,
"strengthen_level":"捌品2级",
"strengthen_stonetype":4204,
"strengthen_stonenumber":16,
"money_add":161120
},
{
"id":73,
"strengthen_level":"捌品3级",
"strengthen_stonetype":4204,
"strengthen_stonenumber":24,
"money_add":168240
},
{
"id":74,
"strengthen_level":"捌品4级",
"strengthen_stonetype":4204,
"strengthen_stonenumber":32,
"money_add":175440
},
{
"id":75,
"strengthen_level":"捌品5级",
"strengthen_stonetype":4204,
"strengthen_stonenumber":40,
"money_add":182720
},
{
"id":76,
"strengthen_level":"捌品6级",
"strengthen_stonetype":4204,
"strengthen_stonenumber":48,
"money_add":190080
},
{
"id":77,
"strengthen_level":"捌品7级",
"strengthen_stonetype":4204,
"strengthen_stonenumber":56,
"money_add":197520
},
{
"id":78,
"strengthen_level":"捌品8级",
"strengthen_stonetype":4204,
"strengthen_stonenumber":64,
"money_add":205040
},
{
"id":79,
"strengthen_level":"捌品9级",
"strengthen_stonetype":4204,
"strengthen_stonenumber":72,
"money_add":212640
},
{
"id":80,
"strengthen_level":"捌品10级",
"strengthen_stonetype":4204,
"strengthen_stonenumber":80,
"money_add":220320
},
{
"id":81,
"strengthen_level":"玖品1级",
"strengthen_stonetype":4204,
"strengthen_stonenumber":88,
"money_add":229200
},
{
"id":82,
"strengthen_level":"玖品2级",
"strengthen_stonetype":4204,
"strengthen_stonenumber":96,
"money_add":238170
},
{
"id":83,
"strengthen_level":"玖品3级",
"strengthen_stonetype":4204,
"strengthen_stonenumber":104,
"money_add":247230
},
{
"id":84,
"strengthen_level":"玖品4级",
"strengthen_stonetype":4204,
"strengthen_stonenumber":112,
"money_add":256380
},
{
"id":85,
"strengthen_level":"玖品5级",
"strengthen_stonetype":4204,
"strengthen_stonenumber":120,
"money_add":265620
},
{
"id":86,
"strengthen_level":"玖品6级",
"strengthen_stonetype":4204,
"strengthen_stonenumber":128,
"money_add":274950
},
{
"id":87,
"strengthen_level":"玖品7级",
"strengthen_stonetype":4204,
"strengthen_stonenumber":136,
"money_add":284370
},
{
"id":88,
"strengthen_level":"玖品8级",
"strengthen_stonetype":4204,
"strengthen_stonenumber":144,
"money_add":293880
},
{
"id":89,
"strengthen_level":"玖品9级",
"strengthen_stonetype":4204,
"strengthen_stonenumber":152,
"money_add":303480
},
{
"id":90,
"strengthen_level":"玖品10级",
"strengthen_stonetype":4204,
"strengthen_stonenumber":160,
"money_add":313170
},
{
"id":91,
"strengthen_level":"拾品1级",
"strengthen_stonetype":4205,
"strengthen_stonenumber":10,
"money_add":324370
},
{
"id":92,
"strengthen_level":"拾品2级",
"strengthen_stonetype":4205,
"strengthen_stonenumber":20,
"money_add":335670
},
{
"id":93,
"strengthen_level":"拾品3级",
"strengthen_stonetype":4205,
"strengthen_stonenumber":30,
"money_add":347070
},
{
"id":94,
"strengthen_level":"拾品4级",
"strengthen_stonetype":4205,
"strengthen_stonenumber":40,
"money_add":358570
},
{
"id":95,
"strengthen_level":"拾品5级",
"strengthen_stonetype":4205,
"strengthen_stonenumber":50,
"money_add":370170
},
{
"id":96,
"strengthen_level":"拾品6级",
"strengthen_stonetype":4205,
"strengthen_stonenumber":60,
"money_add":381870
},
{
"id":97,
"strengthen_level":"拾品7级",
"strengthen_stonetype":4205,
"strengthen_stonenumber":70,
"money_add":393670
},
{
"id":98,
"strengthen_level":"拾品8级",
"strengthen_stonetype":4205,
"strengthen_stonenumber":80,
"money_add":405570
},
{
"id":99,
"strengthen_level":"拾品9级",
"strengthen_stonetype":4205,
"strengthen_stonenumber":90,
"money_add":417570
},
{
"id":100,
"strengthen_level":"拾品10级",
"strengthen_stonetype":4205,
"strengthen_stonenumber":100,
"money_add":429670
},
{
"id":101,
"strengthen_level":"极品1级",
"strengthen_stonetype":4205,
"strengthen_stonenumber":110,
"money_add":443390
},
{
"id":102,
"strengthen_level":"极品2级",
"strengthen_stonetype":4205,
"strengthen_stonenumber":120,
"money_add":457220
},
{
"id":103,
"strengthen_level":"极品3级",
"strengthen_stonetype":4205,
"strengthen_stonenumber":130,
"money_add":471160
},
{
"id":104,
"strengthen_level":"极品4级",
"strengthen_stonetype":4205,
"strengthen_stonenumber":140,
"money_add":485210
},
{
"id":105,
"strengthen_level":"极品5级",
"strengthen_stonetype":4205,
"strengthen_stonenumber":150,
"money_add":499370
},
{
"id":106,
"strengthen_level":"极品6级",
"strengthen_stonetype":4205,
"strengthen_stonenumber":160,
"money_add":513640
},
{
"id":107,
"strengthen_level":"极品7级",
"strengthen_stonetype":4205,
"strengthen_stonenumber":170,
"money_add":528020
},
{
"id":108,
"strengthen_level":"极品8级",
"strengthen_stonetype":4205,
"strengthen_stonenumber":180,
"money_add":542510
},
{
"id":109,
"strengthen_level":"极品9级",
"strengthen_stonetype":4205,
"strengthen_stonenumber":190,
"money_add":557110
},
{
"id":110,
"strengthen_level":"极品10级",
"strengthen_stonetype":4205,
"strengthen_stonenumber":200,
"money_add":571820
},
{
"id":111,
"strengthen_level":"绝品1级",
"strengthen_stonetype":4206,
"strengthen_stonenumber":20,
"money_add":588260
},
{
"id":112,
"strengthen_level":"绝品2级",
"strengthen_stonetype":4206,
"strengthen_stonenumber":40,
"money_add":604820
},
{
"id":113,
"strengthen_level":"绝品3级",
"strengthen_stonetype":4206,
"strengthen_stonenumber":60,
"money_add":621500
},
{
"id":114,
"strengthen_level":"绝品4级",
"strengthen_stonetype":4206,
"strengthen_stonenumber":80,
"money_add":638300
},
{
"id":115,
"strengthen_level":"绝品5级",
"strengthen_stonetype":4206,
"strengthen_stonenumber":100,
"money_add":655220
},
{
"id":116,
"strengthen_level":"绝品6级",
"strengthen_stonetype":4206,
"strengthen_stonenumber":120,
"money_add":672260
},
{
"id":117,
"strengthen_level":"绝品7级",
"strengthen_stonetype":4206,
"strengthen_stonenumber":140,
"money_add":689420
},
{
"id":118,
"strengthen_level":"绝品8级",
"strengthen_stonetype":4206,
"strengthen_stonenumber":160,
"money_add":706700
},
{
"id":119,
"strengthen_level":"绝品9级",
"strengthen_stonetype":4206,
"strengthen_stonenumber":180,
"money_add":724100
},
{
"id":120,
"strengthen_level":"绝品10级",
"strengthen_stonetype":4206,
"strengthen_stonenumber":200,
"money_add":741620
},
{
"id":0,
"strengthen_level":"壹品0级",
"strengthen_stonetype":0,
"strengthen_stonenumber":0,
"money_add":0
}
]
}